"","project","date","fire_scar","ID","sample_id","horizon","mineral_depth","min_coregrab","mineral_notes","general_notes"
"1","CCE","2024-08-05","Dry Creek",2,"DrCr1A","M1",5,"Core","","Hit water at 20cm"
"2","CCE","2024-08-05","Dry Creek",3,"DrCr1A","M2",5,"Core","","Hit water at 20cm"
"3","CCE","2024-08-05","Dry Creek",5,"DrCr1B","M1",5,"Core","","Sampled at 13.3 due to tree roots "
"4","CCE","2024-08-05","Dry Creek",6,"DrCr1B","M2",5,"Core","","Sampled at 13.3 due to tree roots "
"5","CCE","2024-08-05","Dry Creek",8,"DrCr1C","M1",5,"Core","","Hit water at 15"
"6","CCE","2024-08-05","Dry Creek",9,"DrCr1C","M2",5,"Core","","Hit water at 15"
"7","CCE","2024-08-05","Dry Creek",11,"DrCr2A","M1",5,"Core","",""
"8","CCE","2024-08-05","Dry Creek",12,"DrCr2A","M2",5,"Core","",""
"9","CCE","2024-08-05","Dry Creek",14,"DrCr2B","M1",5,"Core","","No at roots visible on nearby trees"
"10","CCE","2024-08-05","Dry Creek",15,"DrCr2B","M2",5,"Core","","No at roots visible on nearby trees"
"11","CCE","2024-08-05","Dry Creek",17,"DrCr2C","M1",5,"Core","",""
"12","CCE","2024-08-05","Dry Creek",18,"DrCr2C","M2",5,"Core","",""
"13","CCE","2024-08-05","Dry Creek",20,"DrCr3A","M1",5,"Core","","Hit water at 16"
"14","CCE","2024-08-05","Dry Creek",21,"DrCr3A","M2",5,"Core","","Hit water at 16"
"15","CCE","2024-08-05","Dry Creek",23,"DrCr3B","M1",5,"Core","",""
"16","CCE","2024-08-05","Dry Creek",24,"DrCr3B","M2",5,"Core","",""
"17","CCE","2024-08-05","Dry Creek",26,"DrCr3C","M1",5,"Core","",""
"18","CCE","2024-08-05","Dry Creek",27,"DrCr3C","M2",5,"Core","",""
"19","CCE","2024-08-06","Dry Creek",29,"DrCr4A","M1",5,"Core","","Thaw depth I think was still mineral, but extremely dense and hard to push through, so couldn’t get it any further"
"20","CCE","2024-08-06","Dry Creek",30,"DrCr4A","M2",5,"Core","","Thaw depth I think was still mineral, but extremely dense and hard to push through, so couldn’t get it any further"
"21","CCE","2024-08-06","Dry Creek",32,"DrCr4B","M1",5,"Core","","Mineral all the way down but really hard to press thaw probe through"
"22","CCE","2024-08-06","Dry Creek",33,"DrCr4B","M2",5,"Core","","Mineral all the way down but really hard to press thaw probe through"
"23","CCE","2024-08-06","Dry Creek",35,"DrCr4C","M1",5,"Core","","Really hard packed mineral, hard to get thaw probe through"
"24","CCE","2024-08-06","Dry Creek",36,"DrCr4C","M2",5,"Core","","Really hard packed mineral, hard to get thaw probe through"
"25","CCE","2024-08-06","Dry Creek",38,"DrCr5A","M1",5,"Core","","Mineral too dense for thaw probe"
"26","CCE","2024-08-06","Dry Creek",39,"DrCr5A","M2",5,"Core","","Mineral too dense for thaw probe"
"27","CCE","2024-08-06","Dry Creek",41,"DrCr5B","M1",5,"Core","","Mineral too dense to probe further"
"28","CCE","2024-08-06","Dry Creek",42,"DrCr5B","M2",5,"Core","","Mineral too dense to probe further"
"29","CCE","2024-08-06","Dry Creek",44,"DrCr5C","M1",5,"Core","","Sampled at 23.6 due to roots. Mineral too dense to probe"
"30","CCE","2024-08-06","Dry Creek",45,"DrCr5C","M2",5,"Core","","Sampled at 23.6 due to roots. Mineral too dense to probe"
"31","CCE","2024-08-06","Dry Creek",47,"DrCr6A","M1",6,"Core","",""
"32","CCE","2024-08-06","Dry Creek",48,"DrCr6A","M2",4,"Core","",""
"33","CCE","2024-08-06","Dry Creek",50,"DrCr6B","M1",5,"Core","",""
"34","CCE","2024-08-06","Dry Creek",51,"DrCr6B","M2",5,"Core","",""
"35","CCE","2024-08-06","Dry Creek",53,"DrCr6C","M1",5,"Core","",""
"36","CCE","2024-08-06","Dry Creek",54,"DrCr6C","M2",5,"Core","",""
"37","CCE","2024-07-14","Haystack",56,"Hays1A","M1",6,"Core","Top=0-6 cm no M2 gravel",""
"38","CCE","2024-07-14","Haystack",58,"Hays1B","M1",5,"Core","M1 and m2 both 5 cm",""
"39","CCE","2024-07-14","Haystack",59,"Hays1B","M2",5,"Core","M1 and m2 both 5 cm",""
"40","CCE","2024-07-14","Haystack",61,"Hays1C","M1",5,"Core","M1 5, m2 5 cm",""
"41","CCE","2024-07-14","Haystack",62,"Hays1C","M2",5,"Core","M1 5, m2 5 cm",""
"42","CCE","2024-07-14","Haystack",64,"Hays2A","M1",5,"Core","M1 and m2 both 5 cm",""
"43","CCE","2024-07-14","Haystack",65,"Hays2A","M2",5,"Core","M1 and m2 both 5 cm",""
"44","CCE","2024-07-14","Haystack",67,"Hays2B","M1",5,"Core","M1 and m2 both 5 cm",""
"45","CCE","2024-07-14","Haystack",68,"Hays2B","M2",5,"Core","M1 and m2 both 5 cm",""
"46","CCE","2024-07-14","Haystack",70,"Hays2C","M1",5,"Core","M1 and m2 both 5 cm, slightly compacted core",""
"47","CCE","2024-07-14","Haystack",71,"Hays2C","M2",5,"Core","M1 and m2 both 5 cm, slightly compacted core",""
"48","CCE","2024-07-14","Haystack",73,"Hays3A","M1",5,"Core","M1 and 2 bot cm",""
"49","CCE","2024-07-14","Haystack",74,"Hays3A","M2",5,"Core","M1 and 2 bot cm",""
"50","CCE","2024-07-14","Haystack",76,"Hays3B","M1",5,"Core","Some compaction, m1 and m2 depth 5 cm",""
"51","CCE","2024-07-14","Haystack",77,"Hays3B","M2",5,"Core","Some compaction, m1 and m2 depth 5 cm",""
"52","CCE","2024-07-14","Haystack",79,"Hays3C","M1",5,"Core","M1 and m2 5 cm deep",""
"53","CCE","2024-07-14","Haystack",80,"Hays3C","M2",5,"Core","M1 and m2 5 cm deep",""
"54","CCE","2024-07-25","Haystack",82,"Hays4A","M1",5,"Core","Big rock after M1, no M2 sample",""
"55","CCE","2024-07-25","Haystack",84,"Hays4B","M1",5,"Core","","Closest tree for AR was living"
"56","CCE","2024-07-25","Haystack",85,"Hays4B","M2",5,"Core","","Closest tree for AR was living"
"57","CCE","2024-07-25","Haystack",87,"Hays4C","M1",8,"Core","Very crumbly, M1 and M2 combined","Removed 2cm of rock between org and mineral, hit rock after 8cm of mineral "
"58","CCE","2024-07-25","Haystack",89,"Hays5A","M1",3,"Core","Rock beneath 3 cm unable to remove",""
"59","CCE","2024-07-25","Haystack",91,"Hays5B","M1",5,"Core","Rock below M1 sample, no M2 sample",""
"60","CCE","2024-07-25","Haystack",93,"Hays5C","M1",5,"Core","M1 sample contains some organic, at interface ",""
"61","CCE","2024-07-25","Haystack",94,"Hays5C","M2",5,"Core","M1 sample contains some organic, at interface ",""
"62","CCE","2024-07-25","Haystack",97,"Hays6B","M1",5,"Core","",""
"63","CCE","2024-07-25","Haystack",98,"Hays6B","M2",5,"Core","",""
"64","CCE","2024-07-25","Haystack",100,"Hays6C","M1",5,"Core","Very rocky and difficult to remove mineral soil samples. Depth of M1 estimate based of hole depth, sample came out in multiple pieces because of rock. Surface contains some organic. No M2 sample because of rock",""
"65","CCE","2024-07-15","Lost Horse",102,"LoHo1A","M1",5,"Core","",""
"66","CCE","2024-07-15","Lost Horse",103,"LoHo1A","M2",5,"Core","",""
"67","CCE","2024-07-15","Lost Horse",105,"LoHo1B","M1",5,"Core","Crumbly",""
"68","CCE","2024-07-15","Lost Horse",106,"LoHo1B","M2",5,"Core","Crumbly",""
"69","CCE","2024-07-15","Lost Horse",108,"LoHo1C","M1",5,"Core","",""
"70","CCE","2024-07-15","Lost Horse",109,"LoHo1C","M2",5,"Core","",""
"71","CCE","2024-07-15","Lost Horse",111,"LoHo2A","M1",5,"Core","",""
"72","CCE","2024-07-15","Lost Horse",112,"LoHo2A","M2",5,"Core","",""
"73","CCE","2024-07-15","Lost Horse",114,"LoHo2B","M1",5,"Core","Rocky",""
"74","CCE","2024-07-15","Lost Horse",115,"LoHo2B","M2",3,"Core","Rocky",""
"75","CCE","2024-07-15","Lost Horse",117,"LoHo2C","M1",5,"Core","Big rock removed before mineral",""
"76","CCE","2024-07-15","Lost Horse",118,"LoHo2C","M2",5,"Core","Big rock removed before mineral",""
"77","CCE","2024-07-15","Lost Horse",120,"LoHo3A","M1",5,"Core","",""
"78","CCE","2024-07-15","Lost Horse",121,"LoHo3A","M2",5,"Core","",""
"79","CCE","2024-07-15","Lost Horse",123,"LoHo3B","M1",5,"Core","",""
"80","CCE","2024-07-15","Lost Horse",124,"LoHo3B","M2",5,"Core","",""
"81","CCE","2024-07-15","Lost Horse",126,"LoHo3C","M1",5,"Core","",""
"82","CCE","2024-07-15","Lost Horse",127,"LoHo3C","M2",5,"Core","",""
"83","CCE","2024-07-18","Lost Horse",129,"LoHo4A","M1",5,"Core","",""
"84","CCE","2024-07-18","Lost Horse",130,"LoHo4A","M2",5,"Core","",""
"85","CCE","2024-07-18","Lost Horse",132,"LoHo4B","M1",5,"Core","Really crumbly m1, top 2 cm ashy. Because no organic sample, top of m1 had fine pieces or organic material. ",""
"86","CCE","2024-07-18","Lost Horse",133,"LoHo4B","M2",5,"Core","Really crumbly m1, top 2 cm ashy. Because no organic sample, top of m1 had fine pieces or organic material. ",""
"87","CCE","2024-07-18","Lost Horse",135,"LoHo4C","M1",5,"Core","",""
"88","CCE","2024-07-18","Lost Horse",136,"LoHo4C","M2",5,"Core","",""
"89","CCE","2024-07-18","Lost Horse",138,"LoHo5A","M1",5,"Core","Removed 3 cm of rock between organic and mineral",""
"90","CCE","2024-07-18","Lost Horse",139,"LoHo5A","M2",5,"Core","Removed 3 cm of rock between organic and mineral",""
"91","CCE","2024-07-18","Lost Horse",141,"LoHo5B","M1",5,"Core","",""
"92","CCE","2024-07-18","Lost Horse",142,"LoHo5B","M2",5,"Core","",""
"93","CCE","2024-07-18","Lost Horse",144,"LoHo5C","M1",5,"Core","","4cm of rock/mineral/organic that was removed"
"94","CCE","2024-07-18","Lost Horse",146,"LoHo6A","M1",5,"Core","About 6 cm of rock removed between organic and mineral.",""
"95","CCE","2024-07-18","Lost Horse",147,"LoHo6A","M2",5,"Core","About 6 cm of rock removed between organic and mineral.",""
"96","CCE","2024-07-18","Lost Horse",149,"LoHo6B","M1",5,"Core","About 2cm of rocks removed between organic and mineral ",""
"97","CCE","2024-07-18","Lost Horse",150,"LoHo6B","M2",5,"Core","About 2cm of rocks removed between organic and mineral ",""
"98","CCE","2024-07-18","Lost Horse",152,"LoHo6C","M1",5,"Core","","Removed 6cm of rock between organic and mineral"
"99","CCE","2024-07-18","Lost Horse",153,"LoHo6C","M2",5,"Core","","Removed 6cm of rock between organic and mineral"
"100","CCE","2024-07-28","McCoy Creek",155,"McCr1A","M1",5,"Grab","Unable to core volumetrically, m1 sample is approximate depth grab sample from core estimated based on hole depth. No m2 sample.","Very wet, standing water while sampling, ar hole depth to mineral"
"101","CCE","2024-07-28","McCoy Creek",157,"McCr1B","M1",5,"Core","Top 2 cm mineral mixed with organic","Sampling between tussocks, very wet, standing water at 30 cm depth, AR hole depth same as sample depth"
"102","CCE","2024-07-28","McCoy Creek",158,"McCr1B","M2",5,"Core","Top 2 cm mineral mixed with organic","Sampling between tussocks, very wet, standing water at 30 cm depth, AR hole depth same as sample depth"
"103","CCE","2024-07-28","McCoy Creek",160,"McCr1C","M1",5,"Core","Char in mineral sample! Legacy c!",""
"104","CCE","2024-07-28","McCoy Creek",161,"McCr1C","M2",5,"Core","Char in mineral sample! Legacy c!",""
"105","CCE","2024-07-29","McCoy Creek",163,"McCr2A","M1",5,"Core","","Sampled between 2 tussocks"
"106","CCE","2024-07-29","McCoy Creek",164,"McCr2A","M2",5,"Core","","Sampled between 2 tussocks"
"107","CCE","2024-07-29","McCoy Creek",166,"McCr2B","M1",5,"Core","",""
"108","CCE","2024-07-29","McCoy Creek",167,"McCr2B","M2",5,"Core","",""
"109","CCE","2024-07-29","McCoy Creek",169,"McCr2C","M1",5,"Core","",""
"110","CCE","2024-07-29","McCoy Creek",170,"McCr2C","M2",5,"Core","",""
"111","CCE","2024-08-07","McCoy Creek",172,"McCr3A","M1",5,"Core","",""
"112","CCE","2024-08-07","McCoy Creek",173,"McCr3A","M2",5,"Core","",""
"113","CCE","2024-08-07","McCoy Creek",175,"McCr3B","M1",5,"Core","","Ar on downed tree"
"114","CCE","2024-08-07","McCoy Creek",176,"McCr3B","M2",5,"Core","","Ar on downed tree"
"115","CCE","2024-08-07","McCoy Creek",178,"McCr3C","M1",5,"Core","Hit frozen ground",""
"116","CCE","2024-08-07","McCoy Creek",179,"McCr3C","M2",5,"Core","Hit frozen ground",""
"117","CCE","2024-07-28","McCoy Creek",181,"McCr4A","M1",5,"Core","Top of mineral appears mixed with organic, lots of fine roots",""
"118","CCE","2024-07-28","McCoy Creek",182,"McCr4A","M2",5,"Core","Top of mineral appears mixed with organic, lots of fine roots",""
"119","CCE","2024-07-28","McCoy Creek",184,"McCr4B","M1",5,"Core","","AR tree uprooted, measuring adventitious roots to remaining mineral soil on roots, only organic on AR tree is green moss"
"120","CCE","2024-07-28","McCoy Creek",185,"McCr4B","M2",5,"Core","","AR tree uprooted, measuring adventitious roots to remaining mineral soil on roots, only organic on AR tree is green moss"
"121","CCE","2024-07-28","McCoy Creek",187,"McCr4C","M1",5,"Core","",""
"122","CCE","2024-07-28","McCoy Creek",188,"McCr4C","M2",5,"Core","",""
"123","CCE","2024-07-28","McCoy Creek",191,"McCr5B","M1",5,"Core","",""
"124","CCE","2024-07-28","McCoy Creek",192,"McCr5B","M2",5,"Core","",""
"125","CCE","2024-07-28","McCoy Creek",194,"McCr5C","M1",5,"Core","","No m2 sample, hit frozen ground at bottom of m1 sample"
"126","CCE","2024-07-29","McCoy Creek",196,"McCr6A","M1",5,"Core","",""
"127","CCE","2024-07-29","McCoy Creek",197,"McCr6A","M2",5,"Core","",""
"128","CCE","2024-07-29","McCoy Creek",199,"McCr6B","M1",5,"Core","",""
"129","CCE","2024-07-29","McCoy Creek",200,"McCr6B","M2",5,"Core","",""
"130","CCE","2024-07-29","McCoy Creek",202,"McCr6C","M1",5,"Core","M1 sample taken with corer, M2 sample grab below core hole, likely influenced by standing water","Sample taken at 3.5 m because of large CWD, water filling hole as coring"
"131","CCE","2024-08-01","Munson Creek",204,"MuCr1A","M1",5,"Core","",""
"132","CCE","2024-08-01","Munson Creek",205,"MuCr1A","M2",5,"Core","",""
"133","CCE","2024-08-01","Munson Creek",207,"MuCr1B","M1",5,"Core","",""
"134","CCE","2024-08-01","Munson Creek",208,"MuCr1B","M2",5,"Core","",""
"135","CCE","2024-08-01","Munson Creek",210,"MuCr1C","M1",5,"Core","Odd organic deposit below m1 and mixed with m2. Bottom 6 cm of mineral core ",""
"136","CCE","2024-08-01","Munson Creek",211,"MuCr1C","M2",5,"Core","Odd organic deposit below m1 and mixed with m2. Bottom 6 cm of mineral core ",""
"137","CCE","2024-08-01","Munson Creek",214,"MuCr2B","M1",999,"Grab","Removed 10 cm of rock between org and min. Took grab sample below that, unknown depth. In M1 bag. Still very rocky. ",""
"138","CCE","2024-08-01","Munson Creek",216,"MuCr2C","M1",4,"Grab","Too rocky to sample mineral. Removed 12 cm of rock and took grab sample of about 4 cm. Contains charcoal! In M1 bag. ","Sample taken on sphagnum hummock. No nearby trees also in hummock, tree AR measured at was burned almost to rock. "
"139","CCE","2024-08-01","Munson Creek",218,"MuCr3A","M1",5,"Core","",""
"140","CCE","2024-08-01","Munson Creek",219,"MuCr3A","M2",4.5,"Core","",""
"141","CCE","2024-08-01","Munson Creek",221,"MuCr3B","M1",5,"Core","",""
"142","CCE","2024-08-01","Munson Creek",222,"MuCr3B","M2",5,"Core","",""
"143","CCE","2024-08-01","Munson Creek",224,"MuCr3C","M1",3,"Neither","M1 came off with brownie. Depth of 3 but length and width of brownie. M2 taken with corer below. As sampling hole filled with water, so depth might not be accurate. Cored until frozen ground",""
"144","CCE","2024-08-01","Munson Creek",225,"MuCr3C","M2",8,"Core","M1 came off with brownie. Depth of 3 but length and width of brownie. M2 taken with corer below. As sampling hole filled with water, so depth might not be accurate. Cored until frozen ground",""
"145","CCE","2024-08-04","Munson Creek",227,"MuCr4A","M1",5,"Core","",""
"146","CCE","2024-08-04","Munson Creek",228,"MuCr4A","M2",5,"Core","",""
"147","CCE","2024-08-04","Munson Creek",230,"MuCr4B","M1",5,"Core","",""
"148","CCE","2024-08-04","Munson Creek",231,"MuCr4B","M2",5,"Core","",""
"149","CCE","2024-08-04","Munson Creek",233,"MuCr4C","M1",6.5,"Core","Top of mineral had organic soil plus large sand/gravel. Volumetric core taken to 13cm, but sample totally non consolidated, so fell apart immediately. Split in half for m1 and :2 ",""
"150","CCE","2024-08-04","Munson Creek",234,"MuCr4C","M2",6.5,"Core","Top of mineral had organic soil plus large sand/gravel. Volumetric core taken to 13cm, but sample totally non consolidated, so fell apart immediately. Split in half for m1 and :2 ",""
"151","CCE","2024-08-04","Munson Creek",236,"MuCr5A","M1",6,"Core","M1 very crumbly, both mixed with gravel",""
"152","CCE","2024-08-04","Munson Creek",237,"MuCr5A","M2",3.5,"Core","M1 very crumbly, both mixed with gravel",""
"153","CCE","2024-08-04","Munson Creek",239,"MuCr5B","M1",5,"Core","",""
"154","CCE","2024-08-04","Munson Creek",240,"MuCr5B","M2",5,"Core","",""
"155","CCE","2024-08-04","Munson Creek",242,"MuCr5C","M1",14.5,"Core","Mineral extremely gravelly, fell apart after removing from corer, all in M1",""
"156","CCE","2024-07-30","Nugget Creek",244,"NuCr1A","M1",5,"Core","Top 2 cm mineral mixed with organic but clearly mineral",""
"157","CCE","2024-07-30","Nugget Creek",245,"NuCr1A","M2",5,"Core","Top 2 cm mineral mixed with organic but clearly mineral",""
"158","CCE","2024-07-30","Nugget Creek",247,"NuCr1B","M1",5,"Core","M1 includes mixed organic and some char","Sample surface polytrichum. Organic depths include green moss and brown moss."
"159","CCE","2024-07-30","Nugget Creek",248,"NuCr1B","M2",5,"Core","M1 includes mixed organic and some char","Sample surface polytrichum. Organic depths include green moss and brown moss."
"160","CCE","2024-07-30","Nugget Creek",250,"NuCr1C","M1",5,"Core","0.5 cm rock removed between the upper 2 and lower 3 cm of M2 sample",""
"161","CCE","2024-07-30","Nugget Creek",251,"NuCr1C","M2",5,"Core","0.5 cm rock removed between the upper 2 and lower 3 cm of M2 sample",""
"162","CCE","2024-07-30","Nugget Creek",254,"NuCr2B","M1",4.5,"Neither","","Sampling at unburned sphagnum at 3m. M1 sample came off of bottom of organic sample, depth is estimated length and width are same dimensions as brownie. M2 sample taken as core below"
"163","CCE","2024-07-30","Nugget Creek",255,"NuCr2B","M2",4.5,"Core","","Sampling at unburned sphagnum at 3m. M1 sample came off of bottom of organic sample, depth is estimated length and width are same dimensions as brownie. M2 sample taken as core below"
"164","CCE","2024-07-30","Nugget Creek",257,"NuCr2C","M1",4,"Core","M1 sample came off of bottom of organic sample, depth is estimated. Length and width are same dimensions as brownie. M2 sample taken as core below Very top of m1 mixed with organic, no m2 sample because too rocky to core. M1 was uneven, 5cm and 4cm","0.1m off transect to avoid cwd"
"165","CCE","2024-07-30","Nugget Creek",259,"NuCr3A","M1",5,"Core","","SOL depths include green moss (polytrichum) for sample, AR SOL depth does not include green moss"
"166","CCE","2024-07-30","Nugget Creek",260,"NuCr3A","M2",5,"Core","","SOL depths include green moss (polytrichum) for sample, AR SOL depth does not include green moss"
"167","CCE","2024-07-30","Nugget Creek",262,"NuCr3B","M1",5,"Core","","Depths include green moss (polytrichum) for sample, AR SOL depth does not include green moss"
"168","CCE","2024-07-30","Nugget Creek",263,"NuCr3B","M2",5,"Core","","Depths include green moss (polytrichum) for sample, AR SOL depth does not include green moss"
"169","CCE","2024-07-30","Nugget Creek",265,"NuCr3C","M1",5,"Core","",""
"170","CCE","2024-07-30","Nugget Creek",266,"NuCr3C","M2",5,"Core","",""
"171","CCE","2024-07-31","Nugget Creek",268,"NuCr4A","M1",5,"Core","",""
"172","CCE","2024-07-31","Nugget Creek",269,"NuCr4A","M2",5,"Core","",""
"173","CCE","2024-07-31","Nugget Creek",271,"NuCr4B","M1",5,"Core","",""
"174","CCE","2024-07-31","Nugget Creek",272,"NuCr4B","M2",5,"Core","",""
"175","CCE","2024-07-31","Nugget Creek",274,"NuCr4C","M1",5,"Core","",""
"176","CCE","2024-07-31","Nugget Creek",275,"NuCr4C","M2",5,"Core","",""
"177","CCE","2024-07-31","Nugget Creek",277,"NuCr5A","M1",3,"Grab","M1 sample is grab sample, approximated depth and volume using corer but unable to remove an intact core. Not measured exactly volumetrically and contains rocks.","1.5 cm rock removed between organic and mineral, AR SOL depth does not include green moss, transect SOL does (polytrichum)"
"178","CCE","2024-07-31","Nugget Creek",278,"NuCr5A","M2",5,"Grab","M1 sample is grab sample, approximated depth and volume using corer but unable to remove an intact core. Not measured exactly volumetrically and contains rocks.","1.5 cm rock removed between organic and mineral, AR SOL depth does not include green moss, transect SOL does (polytrichum)"
"179","CCE","2024-07-31","Nugget Creek",280,"NuCr5B","M1",5,"Core","M1 sample is volumetric, M2 sample is grab sample using area of corer but unable to get intact core due to rocks and crumbly soil. M2 depth is estimated and not sampled volumetrically","1 cm rock between organic and mineral removed while sampling, AR depths taken on downed tree to bottom of tree roots"
"180","CCE","2024-07-31","Nugget Creek",281,"NuCr5B","M2",5,"Grab","M1 sample is volumetric, M2 sample is grab sample using area of corer but unable to get intact core due to rocks and crumbly soil. M2 depth is estimated and not sampled volumetrically","1 cm rock between organic and mineral removed while sampling, AR depths taken on downed tree to bottom of tree roots"
"181","CCE","2024-07-31","Nugget Creek",283,"NuCr5C","M1",7,"Grab","Too rocky and crumbly to core volumetrically, grab sample of mineral to 7 cm depth ","No standing AR tree, measuring AR depths from AR roots to remaining soil on roots or to the bottom of large exposed stabilizing root if no soil is remaining on roots. AR soil depth same hole as transect, not including green moss"
"182","CCE","2024-07-31","Nugget Creek",285,"NuCr6A","M1",10,"Grab","Very rocky below organic, m1 is a grab sample of 10 cm of mineral rock mix, m2 is a volumetric sample of core taken below this mixture ","AR depth measured on downed tree to bottom of roots, OL depth doesn’t include green moss"
"183","CCE","2024-07-31","Nugget Creek",286,"NuCr6A","M2",5,"Core","Very rocky below organic, m1 is a grab sample of 10 cm of mineral rock mix, m2 is a volumetric sample of core taken below this mixture ","AR depth measured on downed tree to bottom of roots, OL depth doesn’t include green moss"
"184","CCE","2024-07-31","Nugget Creek",288,"NuCr6B","M1",7.5,"Grab","Very rocky below organic, difficult to sample. M1 sample is grab sample of approximately top 7.5 cm, not sampled volumetrically. M2 sample taken below grab sample, 2 cm sampled volumetrically, unable to core deeper due to rock","AR measured on downed tree, measuring depth of AR to bottom of tree roots, depth in AR SOL is burned prefire organic with some mixture of post fire organic and mineral deposition. Depth of char layer alone is 1.5 cm"
"185","CCE","2024-07-31","Nugget Creek",289,"NuCr6B","M2",2,"Core","Very rocky below organic, difficult to sample. M1 sample is grab sample of approximately top 7.5 cm, not sampled volumetrically. M2 sample taken below grab sample, 2 cm sampled volumetrically, unable to core deeper due to rock","AR measured on downed tree, measuring depth of AR to bottom of tree roots, depth in AR SOL is burned prefire organic with some mixture of post fire organic and mineral deposition. Depth of char layer alone is 1.5 cm"
"186","CCE","2024-07-31","Nugget Creek",291,"NuCr6C","M1",4.5,"Grab","Both m1 and m2 are grab samples, not measured volumetrically, estimated depths. 2 cm of rock removed between organic and mineral.","Sampling at 3.6 m because of cwd. AR measured on downed tree, AR SOL depth same as transect soil depth hole but depth for AR SOL recorded here does not include green moss "
"187","CCE","2024-07-31","Nugget Creek",292,"NuCr6C","M2",5,"Grab","Both m1 and m2 are grab samples, not measured volumetrically, estimated depths. 2 cm of rock removed between organic and mineral.","Sampling at 3.6 m because of cwd. AR measured on downed tree, AR SOL depth same as transect soil depth hole but depth for AR SOL recorded here does not include green moss "
"188","CCE","2024-08-03","Teklanika",294,"Tekl1A","M1",5,"Core","",""
"189","CCE","2024-08-03","Teklanika",295,"Tekl1A","M2",5,"Core","",""
"190","CCE","2024-08-03","Teklanika",297,"Tekl1B","M1",5,"Core","Measured volumetrically but very rocky, so not totally confident about volume. ",""
"191","CCE","2024-08-03","Teklanika",298,"Tekl1B","M2",5,"Core","Measured volumetrically but very rocky, so not totally confident about volume. ",""
"192","CCE","2024-08-03","Teklanika",300,"Tekl1C","M1",5,"Core","M1 volumetric, but very rocky so medium confidence. Large rock of 3cm in sample. 2 cm of rock removed between m1 and m2. M2 grab sample due to rockiness ",""
"193","CCE","2024-08-03","Teklanika",301,"Tekl1C","M2",5,"Grab","M1 volumetric, but very rocky so medium confidence. Large rock of 3cm in sample. 2 cm of rock removed between m1 and m2. M2 grab sample due to rockiness ",""
"194","CCE","2024-08-03","Teklanika",303,"Tekl2A","M1",5,"Core","",""
"195","CCE","2024-08-03","Teklanika",304,"Tekl2A","M2",5,"Core","",""
"196","CCE","2024-08-03","Teklanika",306,"Tekl2B","M1",5,"Core","","Sampled at 13.2 because of cwd"
"197","CCE","2024-08-03","Teklanika",307,"Tekl2B","M2",5,"Core","","Sampled at 13.2 because of cwd"
"198","CCE","2024-08-03","Teklanika",309,"Tekl2C","M1",5,"Core","",""
"199","CCE","2024-08-03","Teklanika",310,"Tekl2C","M2",5,"Core","",""
"200","CCE","2024-08-03","Teklanika",312,"Tekl3A","M1",9,"Core","Coring into water and rock. Sample volumetric, but dicey",""
"201","CCE","2024-08-03","Teklanika",314,"Tekl3B","M1",5,"Core","Removed 2cm of rock between organic and mineral. ",""
"202","CCE","2024-08-03","Teklanika",315,"Tekl3B","M2",3,"Core","Removed 2cm of rock between organic and mineral. ",""
"203","CCE","2024-08-03","Teklanika",317,"Tekl3C","M1",5,"Core","Too rocky to core further",""
"204","CCE","2024-08-03","Teklanika",318,"Tekl3C","M2",3,"Core","Too rocky to core further",""
"205","CCE","2024-08-02","Teklanika",320,"Tekl4A","M1",4,"Core","M1 sampled with corer. Removed 5cm of rock. M2 is grab sample below that to a depth of 5 cm","Nearest tree had no Ar roots visible. SOL depth at it was 10. Measurements in data are from nearest tree with Ar"
"206","CCE","2024-08-02","Teklanika",321,"Tekl4A","M2",5,"Grab","M1 sampled with corer. Removed 5cm of rock. M2 is grab sample below that to a depth of 5 cm","Nearest tree had no Ar roots visible. SOL depth at it was 10. Measurements in data are from nearest tree with Ar"
"207","CCE","2024-08-02","Teklanika",323,"Tekl4B","M1",4,"Core","M1 sampled with corer. 2 cm of rock removed. M2 grab sample of 2cm","Sampled at 13.3 due to cwd"
"208","CCE","2024-08-02","Teklanika",324,"Tekl4B","M2",2,"Grab","M1 sampled with corer. 2 cm of rock removed. M2 grab sample of 2cm","Sampled at 13.3 due to cwd"
"209","CCE","2024-08-02","Teklanika",326,"Tekl4C","M1",5,"Core","",""
"210","CCE","2024-08-02","Teklanika",327,"Tekl4C","M2",5,"Core","",""
"211","CCE","2024-08-02","Teklanika",329,"Tekl5A","M1",5,"Core","","Very rainy, sharpie not working, rely on rite in rain paper slips"
"212","CCE","2024-08-02","Teklanika",330,"Tekl5A","M2",5,"Core","","Very rainy, sharpie not working, rely on rite in rain paper slips"
"213","CCE","2024-08-02","Teklanika",332,"Tekl5B","M1",7,"Grab","No m2. M1 is a grab sample of 7cm. Organic hole filled with water, mineral sample mixed with water, couldn’t be sampled volumetrically","Too wet for labels, rely on paper slips"
"214","CCE","2024-08-02","Teklanika",334,"Tekl5C","M1",5,"Core","","Too wet for labeling, rely on paper slips"
"215","CCE","2024-08-02","Teklanika",335,"Tekl5C","M2",5,"Core","","Too wet for labeling, rely on paper slips"
"216","CCE","2024-08-02","Teklanika",337,"Tekl6A","M1",5,"Core","",""
"217","CCE","2024-08-02","Teklanika",338,"Tekl6A","M2",5,"Core","",""
"218","CCE","2024-08-02","Teklanika",340,"Tekl6B","M1",5,"Core","","Sampled at 13.2 because of standing tree"
"219","CCE","2024-08-02","Teklanika",341,"Tekl6B","M2",5,"Core","","Sampled at 13.2 because of standing tree"
"220","CCE","2024-08-02","Teklanika",343,"Tekl6C","M1",5,"Core","Took extra cm of m2 because impossible to cut precisely with rocks",""
"221","CCE","2024-08-02","Teklanika",344,"Tekl6C","M2",6,"Core","Took extra cm of m2 because impossible to cut precisely with rocks",""
