fulcrum_id,created_at,updated_at,created_by,updated_by,system_created_at,system_updated_at,version,status,project,assigned_to,latitude,longitude,geometry,date,fire_scar,site,plot,gps_altitude,gps_horizontal_accuracy,gps_vertical_accuracy,gps_speed,gps_course
7b376fbb-d531-488b-a61e-56f2c62219f6,2024-07-14 20:42:29 UTC,2024-07-17 07:06:01 UTC,xanthe.walker@nau.edu,xanthe.walker@nau.edu,2024-07-15 05:16:33 UTC,2024-07-17 07:06:03 UTC,2,,,,,,,2024-07-14,Haystack,Hays1,B,,,,,
ec74ecaf-9221-4e91-a59b-8625a7483a4c,2024-07-14 20:43:13 UTC,2024-07-17 07:06:09 UTC,xanthe.walker@nau.edu,xanthe.walker@nau.edu,2024-07-15 05:16:34 UTC,2024-07-17 07:06:11 UTC,2,,,,,,,2024-07-14,Haystack,Hays1,C,,,,,
218608fa-fcc8-4f2d-803b-02fc3145cef8,2024-07-14 23:04:56 UTC,2024-07-17 07:06:15 UTC,xanthe.walker@nau.edu,xanthe.walker@nau.edu,2024-07-15 05:16:34 UTC,2024-07-17 07:06:36 UTC,2,,,,,,,2024-07-14,Haystack,Hays2,A,,,,,
0a80498b-3109-4a0a-9d61-d61b9faffdf2,2024-07-14 23:07:51 UTC,2024-07-17 07:06:21 UTC,xanthe.walker@nau.edu,xanthe.walker@nau.edu,2024-07-15 05:16:36 UTC,2024-07-17 07:06:53 UTC,2,,,,,,,2024-07-14,Haystack,Hays2,B,,,,,
d3cc6b59-2210-42bc-899d-deac35fd8894,2024-07-14 23:10:02 UTC,2024-07-17 07:06:27 UTC,xanthe.walker@nau.edu,xanthe.walker@nau.edu,2024-07-15 05:16:37 UTC,2024-07-17 07:06:46 UTC,2,,,,,,,2024-07-14,Haystack,Hays2,C,,,,,
110e194e-7b8d-470b-a690-c74846713ef1,2024-07-15 00:46:10 UTC,2024-07-17 07:06:33 UTC,xanthe.walker@nau.edu,xanthe.walker@nau.edu,2024-07-15 05:16:39 UTC,2024-07-17 07:06:39 UTC,2,,,,,,,2024-07-14,Haystack,Hays3,A,,,,,
395bf2c7-5e42-4092-b36e-3a6f30d2de0d,2024-07-14 20:41:16 UTC,2024-07-17 07:06:39 UTC,xanthe.walker@nau.edu,xanthe.walker@nau.edu,2024-07-15 05:16:40 UTC,2024-07-17 07:06:42 UTC,2,,,,,,,2024-07-14,Haystack,Hays1,A,,,,,
5fa0b1d4-8ddb-43cd-b5d7-a471b5748e0e,2024-07-15 00:47:27 UTC,2024-07-17 07:06:44 UTC,xanthe.walker@nau.edu,xanthe.walker@nau.edu,2024-07-15 05:16:40 UTC,2024-07-17 07:06:50 UTC,2,,,,,,,2024-07-14,Haystack,Hays3,B,,,,,
e1ea0cb2-2d4a-40ec-9a5f-9285270c3953,2024-07-15 00:48:08 UTC,2024-07-17 07:06:52 UTC,xanthe.walker@nau.edu,xanthe.walker@nau.edu,2024-07-15 05:16:41 UTC,2024-07-17 07:06:56 UTC,2,,,,,,,2024-07-14,Haystack,Hays3,C,,,,,
e6c22f5f-cb6c-4c9b-954e-aa53c57bd0f0,2024-07-15 21:11:17 UTC,2024-07-15 21:16:39 UTC,xanthe.walker@nau.edu,xanthe.walker@nau.edu,2024-07-16 04:56:05 UTC,2024-07-16 04:56:05 UTC,1,,,,,,,2024-07-15,Lost horse,LoHo1,A,,,,,
18f846a4-44cd-4428-9444-ba71b6988060,2024-07-15 21:16:40 UTC,2024-07-15 21:17:06 UTC,xanthe.walker@nau.edu,xanthe.walker@nau.edu,2024-07-16 04:56:06 UTC,2024-07-16 04:56:06 UTC,1,,,,,,,2024-07-15,Lost horse,LoHo1,B,,,,,
9386adb9-f1d1-402f-8342-1132cd28f2d1,2024-07-15 21:17:07 UTC,2024-07-15 21:17:13 UTC,xanthe.walker@nau.edu,xanthe.walker@nau.edu,2024-07-16 04:56:06 UTC,2024-07-16 04:56:06 UTC,1,,,,,,,2024-07-15,Lost horse,LoHo1,C,,,,,
3c7352de-8d57-4e55-b00e-ef6227f8ae9e,2024-07-15 23:13:59 UTC,2024-07-15 23:14:13 UTC,xanthe.walker@nau.edu,xanthe.walker@nau.edu,2024-07-16 04:56:07 UTC,2024-07-16 04:56:07 UTC,1,,,,,,,2024-07-15,Lost horse,LoHo2,C,,,,,
51b64f85-ad2e-4540-81fe-8cfe67bf12b9,2024-07-15 23:15:50 UTC,2024-07-15 23:16:02 UTC,xanthe.walker@nau.edu,xanthe.walker@nau.edu,2024-07-16 04:56:07 UTC,2024-07-16 04:56:07 UTC,1,,,,,,,2024-07-15,Lost horse,LoHo2,B,,,,,
2004e743-23ab-4f81-bce9-9fd5a9077673,2024-07-15 23:16:04 UTC,2024-07-15 23:16:24 UTC,xanthe.walker@nau.edu,xanthe.walker@nau.edu,2024-07-16 04:56:08 UTC,2024-07-16 04:56:08 UTC,1,,,,,,,2024-07-15,Lost horse,LoHo2,A,,,,,
e85afe93-c1f1-4101-b849-657031c3447c,2024-07-16 00:33:03 UTC,2024-07-17 07:07:00 UTC,xanthe.walker@nau.edu,xanthe.walker@nau.edu,2024-07-16 04:56:08 UTC,2024-07-17 07:07:02 UTC,2,,,,,,,2024-07-15,Lost horse,LOHO3,C,,,,,
e87b01b7-05b5-4784-aba5-d616f0f6516e,2024-07-16 00:34:23 UTC,2024-07-17 07:07:07 UTC,xanthe.walker@nau.edu,xanthe.walker@nau.edu,2024-07-16 04:56:09 UTC,2024-07-17 07:07:09 UTC,2,,,,,,,2024-07-15,Lost horse,Loho3 ,B,,,,,
f8af38c0-4fb1-402d-b1a7-05e5c7948b23,2024-07-16 00:34:32 UTC,2024-07-17 07:07:14 UTC,xanthe.walker@nau.edu,xanthe.walker@nau.edu,2024-07-16 04:56:09 UTC,2024-07-17 07:07:16 UTC,2,,,,,,,2024-07-15,Lost horse,LoHo3,A,,,,,
f23edfcb-ebd8-4c80-9e55-2538378ddbbb,2024-07-16 18:27:39 UTC,2024-07-16 18:28:20 UTC,xanthe.walker@nau.edu,xanthe.walker@nau.edu,2024-07-17 06:22:21 UTC,2024-07-17 06:22:21 UTC,1,,,,,,,2024-07-16,Shovel creek,ShCr1,C,,,,,
5a218ddf-12e0-439a-8b42-3034247f6755,2024-07-16 18:28:23 UTC,2024-07-16 18:28:33 UTC,xanthe.walker@nau.edu,xanthe.walker@nau.edu,2024-07-17 06:22:22 UTC,2024-07-17 06:22:22 UTC,1,,,,,,,2024-07-16,Shovel creek,ShCr1,B,,,,,
92e92511-b8da-42f3-8250-a78f27b0de44,2024-07-16 18:28:34 UTC,2024-07-16 18:28:44 UTC,xanthe.walker@nau.edu,xanthe.walker@nau.edu,2024-07-17 06:22:22 UTC,2024-07-17 06:22:22 UTC,1,,,,,,,2024-07-16,Shovel creek,ShCr1,A,,,,,
8ebd15e8-df99-4663-8718-36f314dcc25f,2024-07-18 20:21:04 UTC,2024-07-18 20:21:49 UTC,xanthe.walker@nau.edu,xanthe.walker@nau.edu,2024-07-19 16:52:23 UTC,2024-07-19 16:52:23 UTC,1,,,,,,,2024-07-18,Lost Horse,LoHo4,C,,,,,
af66870e-bca7-4b9d-a451-b587b37f6575,2024-07-18 20:21:50 UTC,2024-07-18 20:22:42 UTC,xanthe.walker@nau.edu,xanthe.walker@nau.edu,2024-07-19 16:52:25 UTC,2024-07-19 16:52:25 UTC,1,,,,,,,2024-07-18,Lost Horse,LoHo4,B,,,,,
0f02f07a-5c0b-4baa-b3cc-bce1b08e7c7a,2024-07-18 20:22:44 UTC,2024-07-18 20:22:53 UTC,xanthe.walker@nau.edu,xanthe.walker@nau.edu,2024-07-19 16:52:26 UTC,2024-07-19 16:52:26 UTC,1,,,,,,,2024-07-18,Lost Horse,LoHo4,A,,,,,
abaa1e04-3886-4867-934e-898865367bb9,2024-07-18 22:35:38 UTC,2024-07-18 22:37:45 UTC,xanthe.walker@nau.edu,xanthe.walker@nau.edu,2024-07-19 18:38:50 UTC,2024-07-19 18:38:50 UTC,1,,,,,,,2024-07-18,Lost horse,LoHo5,C,,,,,
c5b8514b-a840-4f36-9c34-41e65751d63a,2024-07-18 22:37:48 UTC,2024-07-18 22:37:58 UTC,xanthe.walker@nau.edu,xanthe.walker@nau.edu,2024-07-19 18:38:51 UTC,2024-07-19 18:38:51 UTC,1,,,,,,,2024-07-18,Lost horse,LoHo5,B,,,,,
878c5f5c-619d-4787-b794-254058078fa2,2024-07-18 22:37:59 UTC,2024-07-18 22:38:08 UTC,xanthe.walker@nau.edu,xanthe.walker@nau.edu,2024-07-19 18:38:52 UTC,2024-07-19 18:38:52 UTC,1,,,,,,,2024-07-18,Lost horse,LoHo5,A,,,,,
123069b9-a247-4523-aabf-4e2a0e15a559,2024-07-19 01:11:49 UTC,2024-07-19 01:11:58 UTC,xanthe.walker@nau.edu,xanthe.walker@nau.edu,2024-07-19 18:38:52 UTC,2024-07-19 18:38:52 UTC,1,,,,,,,2024-07-18,Lost horse,LoHo6,C,,,,,
36c684af-1968-447b-aa90-0c5990da1637,2024-07-19 01:11:59 UTC,2024-07-19 01:12:23 UTC,xanthe.walker@nau.edu,xanthe.walker@nau.edu,2024-07-19 18:38:53 UTC,2024-07-19 18:38:53 UTC,1,,,,,,,2024-07-18,Lost horse,LoHo6,B,,,,,
34739d79-b612-478f-81f2-82106ea3e89c,2024-07-19 01:12:24 UTC,2024-07-19 01:13:32 UTC,xanthe.walker@nau.edu,xanthe.walker@nau.edu,2024-07-19 18:38:54 UTC,2024-07-19 18:38:54 UTC,1,,,,,,,2024-07-18,Lost horse,LoHo6,A,,,,,
0673d9dd-5dc4-4d66-96c9-3dbb7e3826c2,2024-07-22 20:12:30 UTC,2024-07-22 20:12:44 UTC,xanthe.walker@nau.edu,xanthe.walker@nau.edu,2024-07-24 03:26:26 UTC,2024-07-24 03:26:26 UTC,1,,,,,,,2024-07-22,Hess Creek,HeCr1,A,,,,,
4c2bf264-139b-4436-9103-81d3a780d636,2024-07-22 20:12:45 UTC,2024-07-22 20:12:58 UTC,xanthe.walker@nau.edu,xanthe.walker@nau.edu,2024-07-24 03:26:26 UTC,2024-07-24 03:26:26 UTC,1,,,,,,,2024-07-22,Hess Creek,HeCr1,B,,,,,
857dc2aa-1a0b-4f56-bd32-617d81784d8d,2024-07-22 20:20:27 UTC,2024-07-22 20:20:34 UTC,xanthe.walker@nau.edu,xanthe.walker@nau.edu,2024-07-24 03:26:27 UTC,2024-07-24 03:26:27 UTC,1,,,,,,,2024-07-22,Hess Creek,HeCr1,C,,,,,
287f4cb2-c0f4-4ff2-8374-a6223b140157,2024-07-23 18:05:34 UTC,2024-07-23 18:05:46 UTC,xanthe.walker@nau.edu,xanthe.walker@nau.edu,2024-07-24 03:26:27 UTC,2024-07-24 03:26:27 UTC,1,,,,,,,2024-07-23,Hess Creek,HeCr4,A,,,,,
01ea15d8-9be8-4417-94bc-dc1fb7e5ef6a,2024-07-23 18:05:47 UTC,2024-07-23 18:05:58 UTC,xanthe.walker@nau.edu,xanthe.walker@nau.edu,2024-07-24 03:26:28 UTC,2024-07-24 03:26:28 UTC,1,,,,,,,2024-07-23,Hess Creek,HeCr4,B,,,,,
75022545-56d6-482a-a30d-e79154d5ce80,2024-07-23 18:06:00 UTC,2024-07-23 18:06:14 UTC,xanthe.walker@nau.edu,xanthe.walker@nau.edu,2024-07-24 03:26:28 UTC,2024-07-24 03:26:28 UTC,1,,,,,,,2024-07-23,Hess Creek,HeCr4,C,,,,,
265af700-2e56-457c-902f-0a4a36fa2d2d,2024-07-25 20:32:35 UTC,2024-07-25 20:33:11 UTC,xanthe.walker@nau.edu,xanthe.walker@nau.edu,2024-07-26 17:21:53 UTC,2024-07-26 17:21:53 UTC,1,,,,,,,2024-07-25,Haystack,Hays4,C,,,,,
6730a789-5206-4df3-8685-eded561ff966,2024-07-25 20:33:14 UTC,2024-07-25 20:33:23 UTC,xanthe.walker@nau.edu,xanthe.walker@nau.edu,2024-07-26 17:21:54 UTC,2024-07-26 17:21:54 UTC,1,,,,,,,2024-07-25,Haystack,Hays4,B,,,,,
85738949-7207-4387-a128-23316ade9563,2024-07-25 20:33:24 UTC,2024-07-25 20:33:44 UTC,xanthe.walker@nau.edu,xanthe.walker@nau.edu,2024-07-26 17:21:55 UTC,2024-07-26 17:21:55 UTC,1,,,,,,,2024-07-25,Haystack,Hays4,A,,,,,
973170cf-1b57-4e3d-b08d-dd22f89bbca6,2024-07-25 23:45:06 UTC,2024-07-25 23:46:19 UTC,xanthe.walker@nau.edu,xanthe.walker@nau.edu,2024-07-26 17:21:56 UTC,2024-07-26 17:21:56 UTC,1,,,,,,,2024-07-25,Haystack,Hays5,A,,,,,
ab4a3243-0119-4c48-9f4c-0bf64712f1ad,2024-07-25 23:46:20 UTC,2024-07-25 23:47:05 UTC,xanthe.walker@nau.edu,xanthe.walker@nau.edu,2024-07-26 17:21:56 UTC,2024-07-26 17:21:56 UTC,1,,,,,,,2024-07-25,Haystack,Hays5,B,,,,,
18573bb6-b8f6-4256-bcf3-19f09ead8c84,2024-07-25 23:47:06 UTC,2024-07-25 23:47:48 UTC,xanthe.walker@nau.edu,xanthe.walker@nau.edu,2024-07-26 17:21:57 UTC,2024-07-26 17:21:57 UTC,1,,,,,,,2024-07-25,Haystack,Hays5,C,,,,,
2ab07a72-9cce-43bc-bbf3-bba4ffb2b2b0,2024-07-26 02:10:37 UTC,2024-07-26 02:10:46 UTC,xanthe.walker@nau.edu,xanthe.walker@nau.edu,2024-07-26 17:21:57 UTC,2024-07-26 17:21:57 UTC,1,,,,,,,2024-07-25,Haystack,Hays6,A,,,,,
378bad89-c3a9-4c22-b07e-a57bb4863b95,2024-07-26 02:10:47 UTC,2024-07-26 02:10:54 UTC,xanthe.walker@nau.edu,xanthe.walker@nau.edu,2024-07-26 17:21:57 UTC,2024-07-26 17:21:57 UTC,1,,,,,,,2024-07-25,Haystack,Hays6,B,,,,,
c211714a-c747-4b88-a136-67729c94168b,2024-07-26 02:10:54 UTC,2024-07-26 02:11:04 UTC,xanthe.walker@nau.edu,xanthe.walker@nau.edu,2024-07-26 17:21:58 UTC,2024-07-26 17:21:58 UTC,1,,,,,,,2024-07-25,Haystack,Hays6,C,,,,,
3e2745e7-082a-4dc4-9b98-8d82bff78a8a,2024-07-28 20:00:07 UTC,2024-07-28 20:00:37 UTC,xanthe.walker@nau.edu,xanthe.walker@nau.edu,2024-07-29 04:41:27 UTC,2024-07-29 04:41:27 UTC,1,,,,,,,2024-07-28,McCoy Creek,McCr1,A,,,,,
1b8fb3f2-e3d7-4fd6-9457-5b8afce59688,2024-07-28 20:00:38 UTC,2024-07-28 20:00:46 UTC,xanthe.walker@nau.edu,xanthe.walker@nau.edu,2024-07-29 04:41:28 UTC,2024-07-29 04:41:28 UTC,1,,,,,,,2024-07-28,McCoy Creek,McCr1,B,,,,,
0d45ba9e-f6a5-4fcc-9555-e254464a64ee,2024-07-28 20:00:47 UTC,2024-07-28 20:00:56 UTC,xanthe.walker@nau.edu,xanthe.walker@nau.edu,2024-07-29 04:41:28 UTC,2024-07-29 04:41:28 UTC,1,,,,,,,2024-07-28,McCoy Creek,McCr1,C,,,,,
99ef9fd7-2f59-4ac6-b0e6-6b4ed805e47e,2024-07-28 23:26:33 UTC,2024-07-28 23:29:04 UTC,xanthe.walker@nau.edu,xanthe.walker@nau.edu,2024-07-29 04:41:29 UTC,2024-07-29 04:41:29 UTC,1,,,,,,,2024-07-28,McCoy Creek,McCr4,C,,,,,
4054f631-ee87-47b1-a23b-4b7e250f7759,2024-07-28 23:29:05 UTC,2024-07-28 23:30:35 UTC,xanthe.walker@nau.edu,xanthe.walker@nau.edu,2024-07-29 04:41:30 UTC,2024-07-29 04:41:30 UTC,1,,,,,,,2024-07-28,McCoy Creek,McCr4,B,,,,,
1feb162a-80f3-435e-a67d-d2b228c9b756,2024-07-28 23:30:36 UTC,2024-07-28 23:31:16 UTC,xanthe.walker@nau.edu,xanthe.walker@nau.edu,2024-07-29 04:41:31 UTC,2024-07-29 04:41:31 UTC,1,,,,,,,2024-07-28,McCoy Creek,McCr4,A,,,,,
52adc545-d201-4a5f-9071-ef61593eb991,2024-07-29 17:48:08 UTC,2024-07-29 17:48:16 UTC,xanthe.walker@nau.edu,xanthe.walker@nau.edu,2024-07-30 05:38:16 UTC,2024-07-30 05:38:16 UTC,1,,,,,,,2024-07-29,McCoy Creek,McCr5,A,,,,,
2086ea32-2490-448e-8dfd-0c4bbac276a9,2024-07-29 17:48:16 UTC,2024-07-29 17:48:24 UTC,xanthe.walker@nau.edu,xanthe.walker@nau.edu,2024-07-30 05:38:16 UTC,2024-07-30 05:38:16 UTC,1,,,,,,,2024-07-29,McCoy Creek,McCr5,B,,,,,
aabd65e3-7a2f-47c2-928b-1559877a5c0a,2024-07-29 17:48:24 UTC,2024-07-29 17:49:14 UTC,xanthe.walker@nau.edu,xanthe.walker@nau.edu,2024-07-30 05:38:17 UTC,2024-07-30 05:38:17 UTC,1,,,,,,,2024-07-29,McCoy Creek,McCr5,C,,,,,
4667af52-12df-42fc-99e2-0a67030c3932,2024-07-30 01:06:34 UTC,2024-07-30 01:07:00 UTC,xanthe.walker@nau.edu,xanthe.walker@nau.edu,2024-07-30 05:39:00 UTC,2024-07-30 05:39:00 UTC,1,,,,,,,2024-07-29,McCoy Creek,McCr2,A,,,,,
d6cd5cae-3452-4ba1-8703-f332cccb3140,2024-07-30 01:07:01 UTC,2024-07-30 01:07:11 UTC,xanthe.walker@nau.edu,xanthe.walker@nau.edu,2024-07-30 05:39:01 UTC,2024-07-30 05:39:01 UTC,1,,,,,,,2024-07-29,McCoy Creek,McCr2,B,,,,,
7e50e0b6-34b7-4326-a5ce-1035f3559856,2024-07-30 01:07:12 UTC,2024-07-30 01:07:21 UTC,xanthe.walker@nau.edu,xanthe.walker@nau.edu,2024-07-30 05:39:01 UTC,2024-07-30 05:39:01 UTC,1,,,,,,,2024-07-29,McCoy Creek,McCr2,C,,,,,
a333f419-05f6-4fdc-bf46-508d7fbc2b12,2024-07-30 19:42:06 UTC,2024-07-30 19:42:27 UTC,xanthe.walker@nau.edu,xanthe.walker@nau.edu,2024-07-31 15:11:24 UTC,2024-07-31 15:11:24 UTC,1,,,,,,,2024-07-30,Nugget Creek,NuCr1,A,,,,,
95ca51f3-4254-4026-8320-dd4ad46c9744,2024-07-30 19:42:30 UTC,2024-07-30 19:42:36 UTC,xanthe.walker@nau.edu,xanthe.walker@nau.edu,2024-07-31 15:11:24 UTC,2024-07-31 15:11:24 UTC,1,,,,,,,2024-07-30,Nugget Creek,NuCr1,B,,,,,
efecbb7a-ca05-4c06-9194-b9674462da72,2024-07-30 19:42:37 UTC,2024-07-30 19:42:43 UTC,xanthe.walker@nau.edu,xanthe.walker@nau.edu,2024-07-31 15:11:24 UTC,2024-07-31 15:11:24 UTC,1,,,,,,,2024-07-30,Nugget Creek,NuCr1,C,,,,,
f419c366-5ecb-4d76-9cae-e7a11c7bc676,2024-07-30 22:43:00 UTC,2024-07-30 22:43:11 UTC,xanthe.walker@nau.edu,xanthe.walker@nau.edu,2024-07-31 15:11:25 UTC,2024-07-31 15:11:25 UTC,1,,,,,,,2024-07-30,Nugget Creek,NuCr2,A,,,,,
76fa933e-a87a-46bb-afe2-a91bdc5119f9,2024-07-30 22:43:12 UTC,2024-07-30 22:43:19 UTC,xanthe.walker@nau.edu,xanthe.walker@nau.edu,2024-07-31 15:11:25 UTC,2024-07-31 15:11:25 UTC,1,,,,,,,2024-07-30,Nugget Creek,NuCr2,B,,,,,
c6b8cf96-933d-41fe-981d-54ba0a0bf0be,2024-07-30 22:43:20 UTC,2024-07-30 22:43:28 UTC,xanthe.walker@nau.edu,xanthe.walker@nau.edu,2024-07-31 15:11:26 UTC,2024-07-31 15:11:26 UTC,1,,,,,,,2024-07-30,Nugget Creek,NuCr2,C,,,,,
2cd90e1f-1767-4400-bc0a-66abaa461c72,2024-07-31 02:17:53 UTC,2024-07-31 02:17:58 UTC,xanthe.walker@nau.edu,xanthe.walker@nau.edu,2024-07-31 15:11:26 UTC,2024-07-31 15:11:26 UTC,1,,,,,,,2024-07-30,Nugget Creek,NuCr3,C,,,,,
85dc554a-b1c8-4d0d-9ba5-f90385491e94,2024-07-31 02:18:38 UTC,2024-07-31 02:19:43 UTC,xanthe.walker@nau.edu,xanthe.walker@nau.edu,2024-07-31 15:11:27 UTC,2024-07-31 15:11:27 UTC,1,,,,,,,2024-07-30,Nugget Creek,NuCr3,B,,,,,
91637086-3897-400d-ad1b-8d3e721d1fc9,2024-07-31 02:20:41 UTC,2024-07-31 02:20:49 UTC,xanthe.walker@nau.edu,xanthe.walker@nau.edu,2024-07-31 15:11:27 UTC,2024-07-31 15:11:27 UTC,1,,,,,,,2024-07-30,Nugget Creek,NuCr3,A,,,,,
ea51e842-dab6-441d-beec-23ff2753169b,2024-07-31 19:49:44 UTC,2024-07-31 19:55:58 UTC,xanthe.walker@nau.edu,xanthe.walker@nau.edu,2024-08-01 05:46:54 UTC,2024-08-01 05:46:54 UTC,1,,,,,,,2024-07-31,Nugget Creek,NuCr4,C,,,,,
53935f05-e4be-4425-9293-970957e98172,2024-07-31 19:56:00 UTC,2024-07-31 19:56:08 UTC,xanthe.walker@nau.edu,xanthe.walker@nau.edu,2024-08-01 05:46:54 UTC,2024-08-01 05:46:54 UTC,1,,,,,,,2024-07-31,Nugget Creek,NuCr4,B,,,,,
9d6181ac-994c-4bfe-800a-fc66a497978d,2024-07-31 19:56:10 UTC,2024-07-31 19:56:17 UTC,xanthe.walker@nau.edu,xanthe.walker@nau.edu,2024-08-01 05:46:55 UTC,2024-08-01 05:46:55 UTC,1,,,,,,,2024-07-31,Nugget Creek,NuCr4,A,,,,,
75d9d404-b25a-4861-9682-dd54ce2899d8,2024-08-01 00:15:35 UTC,2024-08-01 00:15:45 UTC,xanthe.walker@nau.edu,xanthe.walker@nau.edu,2024-08-01 05:46:56 UTC,2024-08-01 05:46:56 UTC,1,,,,,,,2024-07-31,Nugget Creek,NuCr5,A,,,,,
f366c982-e800-4824-826c-817141ed6812,2024-08-01 00:15:47 UTC,2024-08-01 00:15:53 UTC,xanthe.walker@nau.edu,xanthe.walker@nau.edu,2024-08-01 05:47:16 UTC,2024-08-01 05:47:16 UTC,1,,,,,,,2024-07-31,Nugget Creek,NuCr5,B,,,,,
ac8ecabb-a96e-485c-a998-fafca73c9654,2024-08-01 00:15:54 UTC,2024-08-01 00:16:00 UTC,xanthe.walker@nau.edu,xanthe.walker@nau.edu,2024-08-01 05:47:16 UTC,2024-08-01 05:47:16 UTC,1,,,,,,,2024-07-31,Nugget Creek,NuCr5,C,,,,,
7388523a-4e5a-4aa8-9e37-2f3a3bbc6c88,2024-08-01 01:57:51 UTC,2024-08-01 01:58:01 UTC,xanthe.walker@nau.edu,xanthe.walker@nau.edu,2024-08-01 05:47:17 UTC,2024-08-01 05:47:17 UTC,1,,,,,,,2024-07-31,Nugget Creek,NuCr6,A,,,,,
393102fe-553d-4781-8c19-c37b1299474f,2024-08-01 01:58:02 UTC,2024-08-01 01:58:12 UTC,xanthe.walker@nau.edu,xanthe.walker@nau.edu,2024-08-01 05:47:18 UTC,2024-08-01 05:47:18 UTC,1,,,,,,,2024-07-31,Nugget Creek,NuCr6,B,,,,,
ed7c1ef4-52d0-4064-a2bd-2d29cc918b14,2024-08-01 01:58:13 UTC,2024-08-01 01:58:25 UTC,xanthe.walker@nau.edu,xanthe.walker@nau.edu,2024-08-01 05:47:20 UTC,2024-08-01 05:47:20 UTC,1,,,,,,,2024-07-31,Nugget Creek,NuCr6,C,,,,,
9489f253-57fd-4b8e-aa2e-59a8542f328e,2024-08-01 19:57:31 UTC,2024-08-01 19:57:53 UTC,xanthe.walker@nau.edu,xanthe.walker@nau.edu,2024-08-02 05:29:07 UTC,2024-08-02 05:29:07 UTC,1,,,,,,,2024-08-01,Munson Creek,MuCr1,A,,,,,
85f24cfa-392a-4b34-ab8f-42a102387121,2024-08-01 19:57:54 UTC,2024-08-01 19:58:02 UTC,xanthe.walker@nau.edu,xanthe.walker@nau.edu,2024-08-02 05:29:07 UTC,2024-08-02 05:29:07 UTC,1,,,,,,,2024-08-01,Munson Creek,MuCr1,B,,,,,
f17e4019-47b0-460a-b53f-4d93154acc2f,2024-08-01 19:58:03 UTC,2024-08-01 19:58:11 UTC,xanthe.walker@nau.edu,xanthe.walker@nau.edu,2024-08-02 05:29:08 UTC,2024-08-02 05:29:08 UTC,1,,,,,,,2024-08-01,Munson Creek,MuCr1,C,,,,,
b09dc737-5e8d-43ac-89b4-bbf74671613e,2024-08-01 22:49:16 UTC,2024-08-01 22:49:36 UTC,xanthe.walker@nau.edu,xanthe.walker@nau.edu,2024-08-02 06:10:03 UTC,2024-08-02 06:10:03 UTC,1,,,,,,,2024-08-01,Munson Creek,MuCr2,A,,,,,
67fa15fd-f67b-45b7-8e62-626f7d51b366,2024-08-01 22:49:48 UTC,2024-08-01 22:51:01 UTC,xanthe.walker@nau.edu,xanthe.walker@nau.edu,2024-08-02 06:10:03 UTC,2024-08-02 06:10:03 UTC,1,,,,,,,2024-08-01,Munson Creek,MuCr2,C,,,,,
d74a329b-4865-44dd-92c7-b4e274c01803,2024-08-01 22:49:37 UTC,2024-08-01 22:52:10 UTC,xanthe.walker@nau.edu,xanthe.walker@nau.edu,2024-08-02 06:10:04 UTC,2024-08-02 06:10:04 UTC,1,,,,,,,2024-08-01,Munson Creek,MuCr2,B,,,,,
40baae35-d4a6-425a-b14f-e14e78bae9d7,2024-08-02 02:03:01 UTC,2024-08-02 02:03:22 UTC,xanthe.walker@nau.edu,xanthe.walker@nau.edu,2024-08-02 06:10:04 UTC,2024-08-02 06:10:04 UTC,1,,,,,,,2024-08-01,Munson Creek,MuCr3,A,,,,,
436ded13-fe13-44a1-b458-ba2d7fee51ae,2024-08-02 02:03:23 UTC,2024-08-02 02:03:32 UTC,xanthe.walker@nau.edu,xanthe.walker@nau.edu,2024-08-02 06:10:05 UTC,2024-08-02 06:10:05 UTC,1,,,,,,,2024-08-01,Munson Creek,MuCr3,B,,,,,
7634a58d-2e4e-417b-aabb-cbb4fbaa6dce,2024-08-02 02:03:33 UTC,2024-08-02 02:03:41 UTC,xanthe.walker@nau.edu,xanthe.walker@nau.edu,2024-08-02 06:10:05 UTC,2024-08-02 06:10:05 UTC,1,,,,,,,2024-08-01,Munson Creek,MuCr3,C,,,,,
0dd69a96-4b93-46dd-8db8-e46041db29ce,2024-08-02 20:37:26 UTC,2024-08-02 20:39:14 UTC,xanthe.walker@nau.edu,xanthe.walker@nau.edu,2024-08-03 04:16:00 UTC,2024-08-03 04:16:00 UTC,1,,,,,,,2024-08-02,Teklanika,Tekl4,B,,,,,
d6e17b49-964e-46bc-b51a-678741af727c,2024-08-02 20:39:15 UTC,2024-08-02 20:39:24 UTC,xanthe.walker@nau.edu,xanthe.walker@nau.edu,2024-08-03 04:16:01 UTC,2024-08-03 04:16:01 UTC,1,,,,,,,2024-08-02,Teklanika,Tekl4,A,,,,,
31befe6d-ab68-4173-ab50-2b86ab704f31,2024-08-02 20:39:27 UTC,2024-08-02 20:39:36 UTC,xanthe.walker@nau.edu,xanthe.walker@nau.edu,2024-08-03 04:16:01 UTC,2024-08-03 04:16:01 UTC,1,,,,,,,2024-08-02,Teklanika,Tekl4,C,,,,,
4bdd1b47-a6d7-4cc1-9140-fbfc0b5b36b5,2024-08-03 02:00:41 UTC,2024-08-03 02:00:49 UTC,xanthe.walker@nau.edu,xanthe.walker@nau.edu,2024-08-03 04:16:01 UTC,2024-08-03 04:16:01 UTC,1,,,,,,,2024-08-02,Teklanika,Tekl6,A,,,,,
2487b5f8-45e2-4cfd-97c8-f8cf74551325,2024-08-03 02:00:50 UTC,2024-08-03 02:00:59 UTC,xanthe.walker@nau.edu,xanthe.walker@nau.edu,2024-08-03 04:16:02 UTC,2024-08-03 04:16:02 UTC,1,,,,,,,2024-08-02,Teklanika,Tekl6,B,,,,,
0e7fa426-77c0-41aa-982f-d54645c3903a,2024-08-03 02:01:00 UTC,2024-08-03 02:01:08 UTC,xanthe.walker@nau.edu,xanthe.walker@nau.edu,2024-08-03 04:16:02 UTC,2024-08-03 04:16:02 UTC,1,,,,,,,2024-08-02,Teklanika,Tekl6,C,,,,,
4eed4a5a-3103-4253-8ec8-440a2de7444c,2024-08-02 23:39:41 UTC,2024-08-02 23:39:48 UTC,xanthe.walker@nau.edu,xanthe.walker@nau.edu,2024-08-03 15:18:38 UTC,2024-08-03 15:18:38 UTC,1,,,,,,,2024-08-02,Teklanika ,Tekl5,A,,,,,
b454284b-635e-46a3-bdda-3237f27b9f46,2024-08-02 23:33:18 UTC,2024-08-02 23:39:59 UTC,xanthe.walker@nau.edu,xanthe.walker@nau.edu,2024-08-03 15:18:38 UTC,2024-08-03 15:18:38 UTC,1,,,,,,,2024-08-02,Teklanika ,Tekl5,B,,,,,
2d7937c9-e82f-4648-b505-9930af224ae0,2024-08-02 23:39:50 UTC,2024-08-02 23:40:05 UTC,xanthe.walker@nau.edu,xanthe.walker@nau.edu,2024-08-03 15:18:39 UTC,2024-08-03 15:18:39 UTC,1,,,,,,,2024-08-02,Teklanika ,Tekl5,A,,,,,
9fbb7f7a-5fb5-4255-90dc-4f574a32c0f2,2024-08-03 20:08:31 UTC,2024-08-03 20:08:39 UTC,xanthe.walker@nau.edu,xanthe.walker@nau.edu,2024-08-04 04:43:52 UTC,2024-08-04 04:43:52 UTC,1,,,,,,,2024-08-03,Teklanika,Tekl1,C,,,,,
480ee454-2b6e-4a2a-813e-a7c04cd8d8ff,2024-08-03 20:09:00 UTC,2024-08-03 20:09:08 UTC,xanthe.walker@nau.edu,xanthe.walker@nau.edu,2024-08-04 04:43:53 UTC,2024-08-04 04:43:53 UTC,1,,,,,,,2024-08-03,Teklanika,Tekl1,B,,,,,
3b32fc37-7249-44af-9228-3e2c1f0ff40a,2024-08-03 20:09:47 UTC,2024-08-03 20:09:54 UTC,xanthe.walker@nau.edu,xanthe.walker@nau.edu,2024-08-04 04:43:53 UTC,2024-08-04 04:43:53 UTC,1,,,,,,,2024-08-03,Teklanika,Tekl1,A,,,,,
0f46bba2-228b-4798-ae0b-81d4bd9b4a7f,2024-08-04 01:48:45 UTC,2024-08-04 01:48:51 UTC,xanthe.walker@nau.edu,xanthe.walker@nau.edu,2024-08-04 04:43:53 UTC,2024-08-04 04:43:53 UTC,1,,,,,,,2024-08-03,Teklanika,Tekl3,C,,,,,
8f5a0756-308a-47e1-97b6-205f080b0e3b,2024-08-04 01:48:53 UTC,2024-08-04 01:48:59 UTC,xanthe.walker@nau.edu,xanthe.walker@nau.edu,2024-08-04 04:44:04 UTC,2024-08-04 04:44:04 UTC,1,,,,,,,2024-08-03,Teklanika,Tekl3,B,,,,,
10b8bd19-193f-4290-b38a-99df421ee0d0,2024-08-04 01:48:59 UTC,2024-08-04 01:49:05 UTC,xanthe.walker@nau.edu,xanthe.walker@nau.edu,2024-08-04 04:44:21 UTC,2024-08-04 04:44:21 UTC,1,,,,,,,2024-08-03,Teklanika,Tekl3,A,,,,,
00c35602-bc39-44ea-ac9c-47ce9bd6affc,2024-08-03 23:52:10 UTC,2024-08-03 23:52:18 UTC,xanthe.walker@nau.edu,xanthe.walker@nau.edu,2024-08-04 04:45:01 UTC,2024-08-04 04:45:01 UTC,1,,,,,,,2024-08-03,Teklanika ,Tekl2,A,,,,,
ee7709b2-fd3c-4018-8f5b-32862b7dd9b0,2024-08-03 23:52:20 UTC,2024-08-03 23:52:27 UTC,xanthe.walker@nau.edu,xanthe.walker@nau.edu,2024-08-04 04:45:01 UTC,2024-08-04 04:45:01 UTC,1,,,,,,,2024-08-03,Teklanika ,Tekl2,B,,,,,
70f4e1fb-7680-42ae-acbe-7789625cc034,2024-08-03 23:52:28 UTC,2024-08-03 23:52:34 UTC,xanthe.walker@nau.edu,xanthe.walker@nau.edu,2024-08-04 04:45:02 UTC,2024-08-04 04:45:02 UTC,1,,,,,,,2024-08-03,Teklanika ,Tekl2,C,,,,,
cfee9f28-5ddc-4ff1-b367-4a6cedb5ccf5,2024-08-04 22:55:56 UTC,2024-08-04 22:57:05 UTC,xanthe.walker@nau.edu,xanthe.walker@nau.edu,2024-08-05 05:44:47 UTC,2024-08-05 05:44:47 UTC,1,,,,,,,2024-08-04,Munson Creek,MuCr4,A,,,,,
0419d9ca-7e1f-4aec-b729-3e5f32ab3ed1,2024-08-04 23:04:15 UTC,2024-08-04 23:04:22 UTC,xanthe.walker@nau.edu,xanthe.walker@nau.edu,2024-08-05 05:44:48 UTC,2024-08-05 05:44:48 UTC,1,,,,,,,2024-08-04,Munson Creek,MuCr4,B,,,,,
f0a194c3-3c35-4642-9027-2bb53dddfa41,2024-08-04 23:04:24 UTC,2024-08-04 23:04:32 UTC,xanthe.walker@nau.edu,xanthe.walker@nau.edu,2024-08-05 05:44:48 UTC,2024-08-05 05:44:48 UTC,1,,,,,,,2024-08-04,Munson Creek,MuCr4,C,,,,,
1a818d49-6438-4154-b092-173c4dc4c97f,2024-08-05 01:39:17 UTC,2024-08-05 01:39:24 UTC,xanthe.walker@nau.edu,xanthe.walker@nau.edu,2024-08-05 05:44:49 UTC,2024-08-05 05:44:49 UTC,1,,,,,,,2024-08-04,Munson Creek,MuCr5,A,,,,,
1dda8a76-345e-40e1-8fbb-54b90f563dbb,2024-08-05 01:39:25 UTC,2024-08-05 01:39:31 UTC,xanthe.walker@nau.edu,xanthe.walker@nau.edu,2024-08-05 05:44:50 UTC,2024-08-05 05:44:50 UTC,1,,,,,,,2024-08-04,Munson Creek,MuCr5,B,,,,,
bd4e7193-9387-4bc3-9a3a-ae999909d8b0,2024-08-05 01:39:31 UTC,2024-08-05 01:39:52 UTC,xanthe.walker@nau.edu,xanthe.walker@nau.edu,2024-08-05 05:44:50 UTC,2024-08-05 05:44:50 UTC,1,,,,,,,2024-08-04,Munson Creek,MuCr5,C,,,,,
a9612153-8310-4ab1-b589-73bd038f3cc3,2024-08-05 18:54:36 UTC,2024-08-05 18:55:31 UTC,xanthe.walker@nau.edu,xanthe.walker@nau.edu,2024-08-06 06:01:37 UTC,2024-08-06 06:01:37 UTC,1,,,,,,,2024-08-05,Dry Creek,DrCr1,B,,,,,
876ec2a5-4308-481d-b456-9ffaa36ddd5e,2024-08-05 18:55:32 UTC,2024-08-05 18:55:44 UTC,xanthe.walker@nau.edu,xanthe.walker@nau.edu,2024-08-06 06:01:38 UTC,2024-08-06 06:01:38 UTC,1,,,,,,,2024-08-05,Dry Creek,DrCr1,C,,,,,
b3a60b9b-ef11-4150-afa5-03f1851db109,2024-08-05 18:55:45 UTC,2024-08-05 18:55:53 UTC,xanthe.walker@nau.edu,xanthe.walker@nau.edu,2024-08-06 06:01:38 UTC,2024-08-06 06:01:38 UTC,1,,,,,,,2024-08-05,Dry Creek,DrCr1,A,,,,,
a97fbd0a-7854-44ce-bdf1-79ffcff04c36,2024-08-05 22:31:12 UTC,2024-08-05 22:31:33 UTC,xanthe.walker@nau.edu,xanthe.walker@nau.edu,2024-08-06 06:01:39 UTC,2024-08-06 06:01:39 UTC,1,,,,,,,2024-08-05,Dry Creek,DrCr2 ,A,,,,,
a980f6b3-19fe-46fd-b8db-c53d0b7526c8,2024-08-05 22:31:34 UTC,2024-08-05 22:31:41 UTC,xanthe.walker@nau.edu,xanthe.walker@nau.edu,2024-08-06 06:01:43 UTC,2024-08-06 06:01:43 UTC,1,,,,,,,2024-08-05,Dry Creek,DrCr2,B,,,,,
8ea69c7d-e3c5-4b02-8f7d-22421393e4ef,2024-08-05 22:31:43 UTC,2024-08-05 22:31:48 UTC,xanthe.walker@nau.edu,xanthe.walker@nau.edu,2024-08-06 06:01:43 UTC,2024-08-06 06:01:43 UTC,1,,,,,,,2024-08-05,Dry Creek,DrCr2,C,,,,,
4e6106b2-d25f-463d-bb0e-1f9274ae2c21,2024-08-06 00:54:08 UTC,2024-08-06 00:54:56 UTC,xanthe.walker@nau.edu,xanthe.walker@nau.edu,2024-08-06 06:01:44 UTC,2024-08-06 06:01:44 UTC,1,,,,,,,2024-08-05,Dry Creek,DrCr3,B,,,,,
8a940106-968c-47d4-8d04-90b2c41aad76,2024-08-06 00:54:57 UTC,2024-08-06 00:55:05 UTC,xanthe.walker@nau.edu,xanthe.walker@nau.edu,2024-08-06 06:01:44 UTC,2024-08-06 06:01:44 UTC,1,,,,,,,2024-08-05,Dry Creek,DrCr3,A,,,,,
cf89d3f9-4c1b-41dc-9e18-ced32a6d3072,2024-08-06 00:55:07 UTC,2024-08-06 00:55:14 UTC,xanthe.walker@nau.edu,xanthe.walker@nau.edu,2024-08-06 06:01:45 UTC,2024-08-06 06:01:45 UTC,1,,,,,,,2024-08-05,Dry Creek,DrCr3,C,,,,,
b57407ee-ccc7-4175-9a49-4f8ab3213af8,2024-08-06 20:03:16 UTC,2024-08-06 20:03:22 UTC,xanthe.walker@nau.edu,xanthe.walker@nau.edu,2024-08-07 06:26:25 UTC,2024-08-07 06:26:25 UTC,1,,,,,,,2024-08-06,Dry Creek,DrCr4,A,,,,,
93d562d6-368b-4b76-b9bd-98fd7c900723,2024-08-06 20:03:23 UTC,2024-08-06 20:03:30 UTC,xanthe.walker@nau.edu,xanthe.walker@nau.edu,2024-08-07 06:26:26 UTC,2024-08-07 06:26:26 UTC,1,,,,,,,2024-08-06,Dry Creek,DrCr4,B,,,,,
fef5abbe-272b-4790-8aeb-a613a967c3a1,2024-08-06 20:03:31 UTC,2024-08-06 20:03:37 UTC,xanthe.walker@nau.edu,xanthe.walker@nau.edu,2024-08-07 06:26:26 UTC,2024-08-07 06:26:26 UTC,1,,,,,,,2024-08-06,Dry Creek,DrCr4,C,,,,,
f4efa3ea-f1b1-435f-801a-96d01ed5711a,2024-08-06 22:44:49 UTC,2024-08-06 22:50:25 UTC,xanthe.walker@nau.edu,xanthe.walker@nau.edu,2024-08-07 06:26:27 UTC,2024-08-07 06:26:27 UTC,1,,,,,,,2024-08-06,Dry Creek,DrCr5,A,,,,,
8770b59c-36d4-439a-88a2-be93ca882aad,2024-08-06 22:49:47 UTC,2024-08-06 22:57:10 UTC,xanthe.walker@nau.edu,xanthe.walker@nau.edu,2024-08-07 06:26:28 UTC,2024-08-07 06:26:28 UTC,1,,,,,,,2024-08-06,Dry Creek,DrCr5,B,,,,,
8087df9f-2ba1-43db-8d03-bc3146a47084,2024-08-06 22:57:12 UTC,2024-08-06 22:57:19 UTC,xanthe.walker@nau.edu,xanthe.walker@nau.edu,2024-08-07 06:26:28 UTC,2024-08-07 06:26:28 UTC,1,,,,,,,2024-08-06,Dry Creek,DrCr5,C,,,,,
d85650fe-5bcb-4a8f-95ae-b52098c84836,2024-08-07 01:18:16 UTC,2024-08-07 01:18:25 UTC,xanthe.walker@nau.edu,xanthe.walker@nau.edu,2024-08-07 06:26:29 UTC,2024-08-07 06:26:29 UTC,1,,,,,,,2024-08-06,Dry Creek,DrCr6,A,,,,,
d491bbe6-0bdf-4069-9c64-4242a8c3e5bc,2024-08-07 01:18:27 UTC,2024-08-07 01:18:59 UTC,xanthe.walker@nau.edu,xanthe.walker@nau.edu,2024-08-07 06:26:29 UTC,2024-08-07 06:26:29 UTC,1,,,,,,,2024-08-06,Dry Creek,DrCr6,B,,,,,
64696077-074a-46c2-a36b-4f29fd9c7dbb,2024-08-07 01:19:02 UTC,2024-08-07 01:19:08 UTC,xanthe.walker@nau.edu,xanthe.walker@nau.edu,2024-08-07 06:26:30 UTC,2024-08-07 06:26:30 UTC,1,,,,,,,2024-08-06,Dry Creek,DrCr6,C,,,,,
1510d5e1-603c-4c1e-8f18-10f311555d27,2024-08-07 20:30:08 UTC,2024-08-07 20:30:30 UTC,xanthe.walker@nau.edu,xanthe.walker@nau.edu,2024-08-08 06:28:30 UTC,2024-08-08 06:28:30 UTC,1,,,,,,,2024-08-07,McCoy Creek,McCr3,A,,,,,
473ac08e-966a-4cd4-8763-eb2cd99f6c1a,2024-08-07 20:30:31 UTC,2024-08-07 20:30:38 UTC,xanthe.walker@nau.edu,xanthe.walker@nau.edu,2024-08-08 06:28:30 UTC,2024-08-08 06:28:30 UTC,1,,,,,,,2024-08-07,McCoy Creek,McCr3,B,,,,,
934338cd-6e18-453a-bc84-b1b45057a1ff,2024-08-07 20:30:39 UTC,2024-08-07 20:30:46 UTC,xanthe.walker@nau.edu,xanthe.walker@nau.edu,2024-08-08 06:28:31 UTC,2024-08-08 06:28:31 UTC,1,,,,,,,2024-08-07,McCoy Creek,McCr3,C,,,,,
