"","fulcrum_parent_id","date","fire_scar","site","plot","location","location_other","site_notes","shrub_regen_present","shrub_regen_species","shrub_regen_count","shrub_notes","s_bd1","s_bd2","s_bd3","photos"
"1","007fae43-63f3-4339-a8b6-3c79eee0277e","2024-08-02","Teklanika ","Tekl6","A","6 m",NA,"","no",NA,NA,NA,NA,NA,NA,"775b3579-79e8-46b9-b145-1a95e73b434c"
"2","00b9c509-b226-4933-978e-1fab41e14c04","2024-08-06","Dry Creek","DrCr4","C","3 m",NA,"","no",NA,NA,NA,NA,NA,NA,"27105f09-329b-437b-9934-47c73246089e"
"3","00d9cd18-1515-45b7-862e-4c63f85e3739","2024-07-14","Haystack","Hays1","A","9 m",NA,"","no",NA,NA,NA,NA,NA,NA,"35aaa151-fc80-42c2-a72f-f4d818495c0a"
"4","01efa7eb-4c1b-48d7-bc5c-4d753f94bbc4","2024-07-18","Lost Horse","LoHo6","C","3 m",NA,"","no",NA,NA,NA,NA,NA,NA,"03ee7bc5-7b72-4e19-8f45-4a9c536b9655"
"5","0218b68f-d03b-4985-9823-9b625d9cdac9","2024-07-31","Nugget Creek","NuCr4","A","3 m",NA,"","no",NA,NA,NA,NA,NA,NA,"0fd5a394-d4fe-4d2c-9b33-2989197c31aa"
"6","02af34d0-63b6-41cd-b186-fd2935f5feb8","2024-08-03","Teklanika ","Tekl3","C","3 m",NA,"","yes","Salix",6,"",0.21,0.15,0.23,"a8ab38f2-b919-494f-9aa2-40fc6da11fe1"
"7","02af34d0-63b6-41cd-b186-fd2935f5feb8","2024-08-03","Teklanika ","Tekl3","C","3 m",NA,"","yes","Salix",2,"",0.51,0.32,NA,"a8ab38f2-b919-494f-9aa2-40fc6da11fe1"
"8","02af34d0-63b6-41cd-b186-fd2935f5feb8","2024-08-03","Teklanika ","Tekl3","C","3 m",NA,"","yes","Salix",2,"",0.09,0.17,NA,"a8ab38f2-b919-494f-9aa2-40fc6da11fe1"
"9","02f4c376-577e-45ac-8736-033362b663ab","2024-07-29","McCoy Creek","MCCR6","A","6 m",NA,"","no",NA,NA,NA,NA,NA,NA,"9cc70ea4-c108-4771-a2b7-e84d6ddcbfd3"
"10","03929814-0704-48d9-9749-227f89601f93","2024-07-28","McCoy Creek","MCCR1","C","6 m",NA,"","no",NA,NA,NA,NA,NA,NA,"daf77923-3568-4c6d-a860-a7ff4273a626"
"11","0431c890-27f2-472e-b859-7849389ffd26","2024-08-05","Dry Creek","DrCr2","B","3 m",NA,"","no",NA,NA,NA,NA,NA,NA,"b1685512-b4fe-4fe0-9b1e-44a3de77a90f"
"12","04691bea-eba4-4b96-b7b0-b3ddcc1936da","2024-07-31","Nugget Creek","NuCr6","C","3 m",NA,"","no",NA,NA,NA,NA,NA,NA,"e465872b-f747-4c88-8f8d-0a46bf1ef88f"
"13","0615be44-3049-496f-8f7c-cb8e3b23867b","2024-07-17","Shovel Creek","ShCr6","B","3 m",NA,"","no",NA,NA,NA,NA,NA,NA,"2eb52aab-1b7e-4f84-bbe4-203256cb2b06"
"14","072e69e8-f02c-46bc-a0db-f72e491f0c22","2024-08-03","Teklanika ","Tekl2","A","3 m",NA,"","no",NA,NA,NA,NA,NA,NA,"c5b46eb6-be77-4b14-8b81-456279ffcc1c"
"15","07c7248e-3d93-4ce8-93d2-64c862359dad","2024-07-16","Shovel creek","ShCr2","C","6 m",NA,"","no",NA,NA,NA,NA,NA,NA,"5051f965-c04d-45a9-8f65-6cf38fa9945e"
"16","091d78a5-d2eb-4794-9b0d-5c3f9e500dbb","2024-07-25","Haystack","HAYS5","A","9 m",NA,"","no",NA,NA,NA,NA,NA,NA,"0b2becf3-2fa6-4136-9af1-f3aa4b7b593e"
"17","09fc1387-555d-4107-89f2-d9352a5407cb","2024-07-22","Hess Creek","HeCr1","C","3 m",NA,"","no",NA,NA,NA,NA,NA,NA,"3d0a51d6-6f16-4c6a-bb3f-84fc33fc6ceb"
"18","0adeadea-e095-4a24-a035-a7eecba932dc","2024-08-02","Teklanika ","Tekl5","A","3 m",NA,"","yes","Salix",12,"",0.29,0.27,0.4,"a0666e3a-5d89-41c2-a9d2-24647b08cde8"
"19","0adeadea-e095-4a24-a035-a7eecba932dc","2024-08-02","Teklanika ","Tekl5","A","3 m",NA,"","yes","Salix",2,"",0.25,0.13,NA,"a0666e3a-5d89-41c2-a9d2-24647b08cde8"
"20","0af66da9-3731-48c6-a28a-12d96c86a79d","2024-08-03","Teklanika ","Tekl1","B","6 m",NA,"","yes","Salix",15,"",0.12,0.15,0.11,"725b2ca7-7b9e-4ddb-b9fa-75dbabbab5dd"
"21","0af66da9-3731-48c6-a28a-12d96c86a79d","2024-08-03","Teklanika ","Tekl1","B","6 m",NA,"","yes","Salix",5,"",0.19,0.17,0.14,"725b2ca7-7b9e-4ddb-b9fa-75dbabbab5dd"
"22","0af66da9-3731-48c6-a28a-12d96c86a79d","2024-08-03","Teklanika ","Tekl1","B","6 m",NA,"","yes","Salix",14,"",0.16,0.17,0.14,"725b2ca7-7b9e-4ddb-b9fa-75dbabbab5dd"
"23","0b57b083-2613-421e-921b-9e1a2d8da809","2024-07-18","Lost Horse","LoHo5","C","9 m",NA,"","yes","Salix",5,"",0.58,0.51,0.34,"4c336411-f3d9-40ee-90c0-fe9feec6d771"
"24","0b9068b6-5046-4567-bda6-9d4ffd737ca6","2024-08-04","Munson Creek","MuCr4","A","3 m",NA,"","no",NA,NA,NA,NA,NA,NA,"bbe28f19-bbbb-4d24-bdcf-e5955cb33baf"
"25","0c80c56c-01bd-4098-83be-df0c62daa81b","2024-07-15","Lost Horse","LoHo1","B","3 m",NA,"","no",NA,NA,NA,NA,NA,NA,"ec2d29d4-cfdb-4dea-a112-c9e136cc2dea"
"26","0cc8802e-3861-486d-be01-a669192e1cb1","2024-07-23","Hess Creek","HeCr4","B","3 m",NA,"","no",NA,NA,NA,NA,NA,NA,"9fc6f98b-715a-4d25-b8f1-34bc8441549f"
"27","0da2e27d-a303-4279-99f1-e695c3930160","2024-08-01","Munson Creek","MuCr2","C","6 m",NA,"","no",NA,NA,NA,NA,NA,NA,"e3a935a6-e3be-4852-9a2b-af51a985e182"
"28","0dc7d05c-3314-4726-9e99-21c16738efc6","2024-08-01","Munson Creek","MuCr3","B","3 m",NA,"","no",NA,NA,NA,NA,NA,NA,"1b39614c-9e34-4320-a535-0ae109f5295a"
"29","0de5825f-d15b-4aad-b307-d5ed3b0e25d7","2024-07-14","Haystack","Hays2","C","3 m",NA,"","no",NA,NA,NA,NA,NA,NA,"6b29640d-603d-414d-9bc9-b892f69d5569"
"30","0e149005-d8ce-40c5-b488-858e0a21a1fb","2024-08-05","Dry Creek","DrCr3","A","3 m",NA,"","no",NA,NA,NA,NA,NA,NA,"256a533b-007a-497e-a1fc-adb03d76d52d"
"31","0e5eff1e-0aee-4ef4-b973-5d94304730fc","2024-08-02","Teklanika ","Tekl5","B","6 m",NA,"","no",NA,NA,NA,NA,NA,NA,"5d8d5565-81d4-4ad9-839a-1e3dd1f92478"
"32","0e64b103-f8cc-430b-b11b-4c678dad8d56","2024-07-30","Nugget Creek","NuCr2","C","3 m",NA,"","no",NA,NA,NA,NA,NA,NA,"6d2fb5e3-67bc-4b93-925b-3a52f8a9d836"
"33","0e92efc2-33f3-4e22-bb5f-c7b2b8590ed4","2024-07-25","Haystack","HAYS5","B","6 m",NA,"","no",NA,NA,NA,NA,NA,NA,"5e106ef8-660a-4344-b423-055450b7136d"
"34","0ef80f3f-ef83-43fc-924b-6ff6e8e6fff4","2024-07-30","Nugget Creek","NuCr1","A","3 m",NA,"","yes","Salix",13,"",1.23,1.55,1.72,"c31e3730-ce8e-4a9e-be05-2f2e912d1251"
"35","0f60e71e-18fb-407c-93b7-216725fbd490","2024-07-16","Shovel creek","ShCr1","A","3 m",NA,"","no",NA,NA,NA,NA,NA,NA,"1351e35e-f4b4-43fc-a930-f35e4ffbc97e"
"36","104fc3f6-b743-48ae-82e3-8942525b1aa5","2024-08-03","Teklanika ","Tekl3","C","6 m",NA,"","yes","Salix",6,"",0.37,0.22,0.2,"826faea1-af6a-4222-99c5-8def88398a9e"
"37","104fc3f6-b743-48ae-82e3-8942525b1aa5","2024-08-03","Teklanika ","Tekl3","C","6 m",NA,"","yes","Salix",3,"",0.3,0.15,0.29,"826faea1-af6a-4222-99c5-8def88398a9e"
"38","1101beb4-4ee0-4cee-a1cf-5a455690eff1","2024-07-23","Hess Creek","HeCr6","A","9 m",NA,"","no",NA,NA,NA,NA,NA,NA,"0042b431-598c-4651-a42d-883bb7c6fcdb"
"39","113ed4b6-1fde-4ae0-a92d-a129c092c606","2024-07-15","Lost Horse","LoHo3","A","3 m",NA,"","no",NA,NA,NA,NA,NA,NA,"ad43d3e6-d14b-474f-b5f4-7b0779f1a0a0"
"40","12361129-7188-40ba-b626-1efbaa61a3da","2024-08-01","Munson Creek","MuCr1","B","3 m",NA,"","yes","Salix",1,"",1.04,NA,NA,"4f596da7-f5a5-491f-ae72-70eff9f52da4"
"41","13e46bff-ff8d-4b5d-8173-00c6842ada52","2024-07-22","Hess Creek","HeCr1","A","6 m",NA,"","yes","Alder",10,"Some above dbh",1.97,1.28,1.59,"9f842cde-de94-49ce-89c5-8f3345de6905"
"42","1405ed91-e1a1-44e7-b349-3fe336524e1c","2024-08-06","Dry Creek","DrCr4","B","6 m",NA,"","no",NA,NA,NA,NA,NA,NA,"dbd53e0f-b111-4f22-b6e0-2bc3d708be04"
"43","1448d55a-d900-4bdf-8d9d-803e8c22820e","2024-07-29","McCoy Creek","MCCR2","B","6 m",NA,"","no",NA,NA,NA,NA,NA,NA,"e848b9fe-9dd7-4a17-871b-c67118fdf2a3"
"44","16220a77-45ee-49ec-9bb3-87b3043dd248","2024-08-06","Dry Creek","DrCr6","C","6 m",NA,"","no",NA,NA,NA,NA,NA,NA,"95b56167-e4e2-4965-b882-925333be24f5"
"45","16cd2d10-e181-410c-be92-679a55abc13e","2024-08-06","Dry Creek","DrCr4","A","3 m",NA,"","no",NA,NA,NA,NA,NA,NA,"6f0bc141-b0a7-4c3a-af1b-fde48a480b08"
"46","17c71b03-adee-4977-b37d-74e2dbd694c2","2024-07-28","McCoy Creek","MCCR5","A","6 m",NA,"","no",NA,NA,NA,NA,NA,NA,"4d7c60b4-f999-4e87-8beb-e7a6ccf32bfc"
"47","17e072e2-cecb-40e0-910b-f765a0c02c9e","2024-08-02","Teklanika ","Tekl6","C","6 m",NA,"","yes","Salix",2,"",0.27,0.26,NA,"4a346287-ca1a-423a-94ea-2ec54abfd76d"
"48","185a6897-084e-49ac-bf5e-127cdab81d74","2024-07-23","Hess Creek","HeCr6","C","3 m",NA,"","no",NA,NA,NA,NA,NA,NA,"0be200a4-936c-4dc5-8b32-7be7d04bad98"
"49","185bd5af-c85f-4a67-ac0d-be19dfbadd1c","2024-07-15","Lost Horse","LoHo2","B","3 m",NA,"","no",NA,NA,NA,NA,NA,NA,"923d713a-dc7c-4c25-b4c2-bfffb535eee4"
"50","18d7b53a-4149-4855-b4b2-c84261fa4eb7","2024-08-03","Teklanika ","Tekl3","A","6 m",NA,"","yes","Salix",4,"",0.28,0.17,0.11,"aac27473-fd36-434a-97d6-ab0cfb0a2b17"
"51","1b5997d1-836f-4e4d-85a8-08cef99abb29","2024-07-28","McCoy Creek","MCCR5","B","3 m",NA,"","no",NA,NA,NA,NA,NA,NA,"266937f1-4309-4803-a16c-e5aac731f734"
"52","1be1d23c-88cc-4008-b2ec-e74b03b6c97e","2024-08-04","Munson Creek","MuCr5","A","6 m",NA,"","yes","Salix",6,"",1.1,0.71,0.56,"abb98b7e-ad0d-4a26-b8ce-fee821d60b25"
"53","1c022f00-7d2e-45f9-8c7f-b21ef576daa2","2024-08-03","Teklanika ","Tekl1","A","3 m",NA,"","yes","Salix",2,"",0.25,0.11,NA,"7353421c-8898-46d4-af32-46293b5b14f7"
"54","1c022f00-7d2e-45f9-8c7f-b21ef576daa2","2024-08-03","Teklanika ","Tekl1","A","3 m",NA,"","yes","Salix",5,"",0.22,0.2,0.23,"7353421c-8898-46d4-af32-46293b5b14f7"
"55","1c022f00-7d2e-45f9-8c7f-b21ef576daa2","2024-08-03","Teklanika ","Tekl1","A","3 m",NA,"","yes","Salix",2,"",0.14,0.21,NA,"7353421c-8898-46d4-af32-46293b5b14f7"
"56","1f0ca226-b8df-4505-8932-08c01e5fbbbc","2024-07-30","Nugget Creek","NuCr2","B","6 m",NA,"","no",NA,NA,NA,NA,NA,NA,"89e405ab-16f6-4d47-995e-948581d59bc2"
"57","201068f3-ee3a-42df-b003-308c59bc0134","2024-07-23","Hess Creek","HeCr4","B","9 m",NA,"","no",NA,NA,NA,NA,NA,NA,"4550c894-31d5-4260-b03e-aa6ab2f2760b"
"58","208eee6a-aa3c-423b-88ef-f046e1ec39b0","2024-07-14","Haystack","Hays1","C","9 m",NA,"","no",NA,NA,NA,NA,NA,NA,"4e28782c-da2d-4647-92b0-b29e5c53e72d"
"59","20edf215-5847-4322-b779-5fcb278176a9","2024-08-03","Teklanika ","Tekl2","B","6 m",NA,"","no",NA,NA,NA,NA,NA,NA,"c0b0e625-3fff-48b2-9561-2164f0b61f3d"
"60","21a13cde-58e7-4c50-8fb7-150d5b297bf7","2024-07-15","Lost Horse","LoHo3","C","3 m",NA,"","no",NA,NA,NA,NA,NA,NA,"4576fdc1-b126-4461-9e1e-831ee77452a2"
"61","2243e96a-854e-418e-ac22-cfd0a4a06296","2024-07-30","Nugget Creek","NuCr3","B","3 m",NA,"","yes","Salix",3,"",0.65,0.46,0.57,"2940f1d0-f2a8-40f3-b587-445a33ed1a60"
"62","2243e96a-854e-418e-ac22-cfd0a4a06296","2024-07-30","Nugget Creek","NuCr3","B","3 m",NA,"","yes","Salix",2,"",0.69,1.21,NA,"2940f1d0-f2a8-40f3-b587-445a33ed1a60"
"63","224d3aa9-61eb-4cb5-9c2b-5c722674097c","2024-07-18","Lost Horse","LoHo6","B","3 m",NA,"","no",NA,NA,NA,NA,NA,NA,"22526de1-40d0-4832-ab81-cbb14acce352"
"64","23834ec5-574c-47a5-9cbc-c356a61b32bd","2024-07-25","Haystack","HAYS6","A","6 m",NA,"","yes","Salix",11,"",0.8,1.52,0.93,"74d06450-af47-4229-9f4b-d9932bd6dd95"
"65","247ae23a-41ba-4a9d-8199-9bd2675bf5d4","2024-07-15","Lost Horse","LoHo2","B","9 m",NA,"","no",NA,NA,NA,NA,NA,NA,"cf50867f-08f0-4ccb-9946-439236835fda"
"66","25338520-05f4-43d3-96f4-6e7a416f9740","2024-07-14","Haystack","Hays2","B","3 m",NA,"","no",NA,NA,NA,NA,NA,NA,"ac025892-7d7d-44c2-bcb0-eed222e2011a"
"67","2608f64c-b8dd-4907-a657-c75d43720ed9","2024-07-17","Shovel Creek","ShCr6","B","6 m",NA,"","no",NA,NA,NA,NA,NA,NA,"97390c1a-be4c-4ec2-ba48-d7cf52b8bc9c"
"68","263453db-7167-43e3-92dd-64f77058882d","2024-07-22","Hess Creek","HeCr2","C","9 m",NA,"","no",NA,NA,NA,NA,NA,NA,"e4a3ea67-0aa3-4554-9e59-917be2f4ed04"
"69","2773d7ae-b7e9-4100-b520-9adeef343769","2024-07-22","Hess Creek","HeCr1","B","3 m",NA,"","no",NA,NA,NA,NA,NA,NA,"dff4e9bb-09b9-421b-8c69-9293f241d323"
"70","292d2b12-183e-4db6-a5b0-211ddee4de6c","2024-07-31","Nugget Creek","NuCr4","A","6 m",NA,"","no",NA,NA,NA,NA,NA,NA,"f952b9ec-61f9-4a23-ab84-1c8fd80b56b0"
"71","2a275853-6c8f-4999-ae81-fcbe0841ef97","2024-07-28","McCoy Creek","MCCR4","A","6 m",NA,"","no",NA,NA,NA,NA,NA,NA,"062db840-9186-465b-ac64-d555bc5237af"
"72","2a536f68-0f02-430f-bcd6-18949813b74b","2024-08-06","Dry Creek","DrCr5","B","6 m",NA,"","no",NA,NA,NA,NA,NA,NA,"cd93cfae-c529-403b-8856-7d6ad6863fc1"
"73","2a68fc7c-6fdd-4664-9bb7-12d8824ed36e","2024-08-06","Dry Creek","DrCr5","C","3 m",NA,"","no",NA,NA,NA,NA,NA,NA,"5e90099c-284d-44bb-8d30-2c081c7f226a"
"74","2d82e131-9704-45f7-9a4b-c52e0eda12df","2024-07-25","Haystack","HAYS4","C","6 m",NA,"","no",NA,NA,NA,NA,NA,NA,"51ba5eb4-c1fc-4b7c-9a09-57bbef087749"
"75","2e73e269-a71d-49ed-b1ba-2e81429c009c","2024-07-15","Lost Horse","LoHo1","B","9 m",NA,"","no",NA,NA,NA,NA,NA,NA,"ff28e544-f084-4e79-831b-cbdbf03ddfa5"
"76","2e9ec859-741c-42b9-b4d5-e65d60ba9f8b","2024-08-02","Teklanika ","Tekl6","A","3 m",NA,"","no",NA,NA,NA,NA,NA,NA,"12ee73a0-8f29-4db0-82aa-ad54f5a599e6"
"77","2f370698-9b52-42d6-883c-ed507839be1f","2024-07-18","Lost Horse","LoHo6","A","9 m",NA,"","no",NA,NA,NA,NA,NA,NA,"3a5044c0-9bea-4ae0-a470-64cbb71c8ee5"
"78","2fd8fb39-b2a2-41f5-9689-1119d26a9690","2024-07-14","Haystack","Hays2","A","6 m",NA,"","no",NA,NA,NA,NA,NA,NA,"7677c7ea-20dd-4bb2-8812-a7a9e910d06b"
"79","3021208d-6a64-48b8-8ce4-18c6f34d35b0","2024-07-25","Haystack","HAYS4","B","6 m",NA,"","no",NA,NA,NA,NA,NA,NA,"b0d20d34-3867-4fff-a337-a300b19a7cd5"
"80","304eb6b9-5a20-4d46-8b85-41c84252095c","2024-07-30","Nugget Creek","NuCr3","B","6 m",NA,"","yes","Salix",1,"",0.77,NA,NA,"c6f05b4f-063b-4332-a489-63d4390da642"
"81","3080c07c-37bb-4187-b335-c4310b4b7153","2024-07-31","Nugget Creek","NuCr5","A","6 m",NA,"","no",NA,NA,NA,NA,NA,NA,"c465a8c7-eca2-41ee-bfaf-71eedef57ed9"
"82","30975695-ad1e-484f-8bfb-c49ab41140f1","2024-07-16","Shovel creek","ShCr3","C","6 m",NA,"","no",NA,NA,NA,NA,NA,NA,"3327c98f-f1b5-4c7f-acf3-492bc996c2bf"
"83","30a34427-eb5f-41c7-9318-c2f62e3a8dbb","2024-08-07","McCoy Creek","McCr3","A","6 m",NA,"","no",NA,NA,NA,NA,NA,NA,"84d89a1e-a48d-431a-9dbb-e5b5e7adb614"
"84","30d29f71-57c8-4b0c-a18f-7b079e543a2d","2024-07-23","Hess Creek","HeCr6","B","6 m",NA,"","no",NA,NA,NA,NA,NA,NA,"ac1980eb-1319-47da-857b-47e4bd97cecc"
"85","322613cb-c441-4c04-9d2b-3ce2d04f3609","2024-07-18","Lost Horse","LoHo6","A","3 m",NA,"","no",NA,NA,NA,NA,NA,NA,"628871d5-cbd1-4489-92d3-bf31237a6e26"
"86","331d5858-8249-4f46-8c9c-8a48901ba498","2024-07-17","Shovel creek","ShCr5","C","3 m",NA,"","no",NA,NA,NA,NA,NA,NA,"9c799904-aca4-4a63-8642-59c72c355560"
"87","33701195-f4e8-4965-a19a-ffdd366ae7db","2024-07-18","Lost Horse","LoHo6","C","6 m",NA,"","no",NA,NA,NA,NA,NA,NA,"ad696ec9-b4eb-4784-a3be-3d7c71be8d80"
"88","33a262b6-2bd3-46e0-aa70-c3ddc786ba7b","2024-08-02","Teklanika ","Tekl5","B","3 m",NA,"","no",NA,NA,NA,NA,NA,NA,"416020b5-f68b-45bd-ae49-f3b3b7642152"
"89","350133e4-a8f0-4214-a97e-0e246efd88dc","2024-07-15","Lost Horse","LoHo1","A","6 m",NA,"","no",NA,NA,NA,NA,NA,NA,"0a02c8f7-53e7-42fc-8fea-c0f34113d8d3"
"90","353195f7-e7ff-4137-a8ab-935387b91a53","2024-07-30","Nugget Creek","NuCr1","A","6 m",NA,"","yes","Salix",1,"",1.83,NA,NA,"e3bb597a-433f-428e-b7d4-a26651a09753"
"91","3613b0b6-2513-4f36-b3c5-6902f927f527","2024-07-16","Shovel creek","ShCr2","B","3 m",NA,"","no",NA,NA,NA,NA,NA,NA,"fabe080a-e7ea-4769-9ae4-50cf3edd3754"
"92","37237c8f-69b0-4c8e-9f03-9f54a7bcd675","2024-07-25","Haystack","HAYS6","C","3 m",NA,"","no",NA,NA,NA,NA,NA,NA,"51e23970-0d00-48d8-aa88-f309b65943b0"
"93","38a47252-f26a-44dd-9f26-ec679e35ee48","2024-07-16","Shovel creek","ShCr3","A","6 m",NA,"","no",NA,NA,NA,NA,NA,NA,"408e1f27-cdf7-4086-8ab1-430c57d679d3"
"94","38f729a8-0ab1-4752-9b9b-f64bcaf9796f","2024-07-17","Shovel creek","ShCr5","C","9 m",NA,"","no",NA,NA,NA,NA,NA,NA,"fe752572-67b4-4863-b642-79aac758e7e4"
"95","3abfafc3-bb6c-4529-8d55-46d818c5f839","2024-07-25","Haystack","HAYS4","C","9 m",NA,"","no",NA,NA,NA,NA,NA,NA,"b2f75afd-7b98-434f-9e8f-07a2537a70a0"
"96","3c4cf609-fc94-40e4-a9e8-96ef153bdfa0","2024-08-03","Teklanika ","Tekl2","C","6 m",NA,"","no",NA,NA,NA,NA,NA,NA,"e144ecc7-33ff-49ed-b62b-985a262be6a2"
"97","3cb8b716-9cc1-47fe-9f2b-f08b8b1eb342","2024-07-16","Shovel creek","ShCr4","A","6 m",NA,"","no",NA,NA,NA,NA,NA,NA,"94ff73a3-1192-4de5-97a5-53033fe67e81"
"98","3ce0d8b4-ab65-47ca-a819-8b53750b4d47","2024-07-28","McCoy Creek","MCCR1","B","3 m",NA,"","no",NA,NA,NA,NA,NA,NA,"d7f8bc30-2918-4bb1-9751-a1a11bc7e8ef"
"99","3d614b6d-f0b7-4028-b593-6805f260113a","2024-07-15","Lost Horse","LoHo3","B","6 m",NA,"","no",NA,NA,NA,NA,NA,NA,"29c5aadd-e5e7-447a-8265-ae1ea1a85228"
"100","3da66857-cecf-49db-84d9-507c8c1c48ba","2024-07-22","Shovel creek","ShCr6","C","6 m",NA,"","yes","Salix",1,"",0.58,NA,NA,"e4606ded-9b63-410a-8b69-2a99b04d2ed0"
"101","3da66857-cecf-49db-84d9-507c8c1c48ba","2024-07-22","Shovel creek","ShCr6","C","6 m",NA,"","yes","Salix",1,"",0.57,NA,NA,"e4606ded-9b63-410a-8b69-2a99b04d2ed0"
"102","3da66857-cecf-49db-84d9-507c8c1c48ba","2024-07-22","Shovel creek","ShCr6","C","6 m",NA,"","yes","Salix",1,"",0.45,NA,NA,"e4606ded-9b63-410a-8b69-2a99b04d2ed0"
"103","3da66857-cecf-49db-84d9-507c8c1c48ba","2024-07-22","Shovel creek","ShCr6","C","6 m",NA,"","yes","Salix",3,"",0.45,0.57,0.46,"e4606ded-9b63-410a-8b69-2a99b04d2ed0"
"104","3da66857-cecf-49db-84d9-507c8c1c48ba","2024-07-22","Shovel creek","ShCr6","C","6 m",NA,"","yes","Salix",1,"",0.12,NA,NA,"e4606ded-9b63-410a-8b69-2a99b04d2ed0"
"105","3da66857-cecf-49db-84d9-507c8c1c48ba","2024-07-22","Shovel creek","ShCr6","C","6 m",NA,"","yes","Salix",1,"",0.34,NA,NA,"e4606ded-9b63-410a-8b69-2a99b04d2ed0"
"106","3da66857-cecf-49db-84d9-507c8c1c48ba","2024-07-22","Shovel creek","ShCr6","C","6 m",NA,"","yes","Salix",1,"",0.12,NA,NA,"e4606ded-9b63-410a-8b69-2a99b04d2ed0"
"107","3da66857-cecf-49db-84d9-507c8c1c48ba","2024-07-22","Shovel creek","ShCr6","C","6 m",NA,"","yes","Salix",1,"",0.11,NA,NA,"e4606ded-9b63-410a-8b69-2a99b04d2ed0"
"108","3e5ec2f9-293b-4cb4-ad17-950d28af0fda","2024-07-17","Shovel creek","ShCr6","C","9 m",NA,"","no",NA,NA,NA,NA,NA,NA,"30c66cc6-2fab-4d09-bdaa-a680791f91f7"
"109","3e786931-14dd-478e-8878-6ae0ccdffbe6","2024-08-02","Teklanika ","Tekl4","A","3 m",NA,"","yes","Salix",4,"",0.37,0.35,0.3,"f0c7561b-37a6-460c-b751-5b7dffbc0e33"
"110","3e786931-14dd-478e-8878-6ae0ccdffbe6","2024-08-02","Teklanika ","Tekl4","A","3 m",NA,"","yes","Salix",3,"",0.19,0.2,0.24,"f0c7561b-37a6-460c-b751-5b7dffbc0e33"
"111","3ea8df41-c390-42db-94d9-0d6b00e28bb6","2024-07-16","Shovel creek","ShCr2","C","9 m",NA,"","no",NA,NA,NA,NA,NA,NA,"a0c01dda-0527-47e7-933e-09abd149f588"
"112","3fb440d8-cd66-4967-a92c-71f680015fa0","2024-08-01","Munson Creek","MuCr3","C","6 m",NA,"","no",NA,NA,NA,NA,NA,NA,"23eb92d1-2fb8-4256-9270-06c01e7ade5e"
"113","3fe900b9-95f9-4024-8a05-8c8115f95630","2024-08-02","Teklanika ","Tekl4","C","3 m",NA,"","yes","Salix",12,"",0.15,0.29,0.19,"39d7105e-2c85-4f6c-b977-ed74922f41b6"
"114","407b7ec8-3a23-443a-a1e1-76f9d25c76ab","2024-07-18","Lost Horse","LoHo4 ","C","3 m",NA,"","yes","Salix",4,"",0.37,0.26,0.3,"32746a37-4887-410b-bb4a-17dafdaa9626"
"115","407b7ec8-3a23-443a-a1e1-76f9d25c76ab","2024-07-18","Lost Horse","LoHo4 ","C","3 m",NA,"","yes","Salix",16,"",0.64,0.44,0.35,"32746a37-4887-410b-bb4a-17dafdaa9626"
"116","40e99805-9493-41b7-978a-49f886820ff4","2024-07-18","Lost Horse","LoHo4 ","B","6 m",NA,"","yes","Salix",6,"",0.44,0.33,0.25,"34669e83-3ff3-463f-8b06-5ff54b7a9e25"
"117","40e99805-9493-41b7-978a-49f886820ff4","2024-07-18","Lost Horse","LoHo4 ","B","6 m",NA,"","yes","Salix",12,"",0.3,0.52,0.22,"34669e83-3ff3-463f-8b06-5ff54b7a9e25"
"118","40e99805-9493-41b7-978a-49f886820ff4","2024-07-18","Lost Horse","LoHo4 ","B","6 m",NA,"","yes","Salix",10,"",0.42,0.29,0.39,"34669e83-3ff3-463f-8b06-5ff54b7a9e25"
"119","4102ab15-efe2-4e7d-a983-f76ec26e48c1","2024-08-06","Dry Creek","DrCr4","A","6 m",NA,"","no",NA,NA,NA,NA,NA,NA,"adc01f4c-16b4-4c6b-8a16-4067aab92008"
"120","42b9048e-508c-4b2f-b7b8-f2f7508aae86","2024-07-25","Haystack","HAYS4","A","9 m",NA,"","no",NA,NA,NA,NA,NA,NA,"9cbe83c6-807a-47d7-b119-a5ec0015451e"
"121","42f828cf-e332-4726-a4f8-a51e13ba002a","2024-07-22","Hess Creek","HeCr3","A","9 m",NA,"","no",NA,NA,NA,NA,NA,NA,"d64db30b-f4ab-4300-bb13-40fc8708a050"
"122","4407dd87-cd2c-4fdc-9d95-9cb142d45ad8","2024-08-02","Teklanika ","Tekl6","B","6 m",NA,"","yes","Salix",1,"",0.15,NA,NA,"17a20a54-b251-4ce6-a4f3-f64df932376f"
"123","4461e4e2-63bb-41a5-8680-2893fb74ec46","2024-08-01","Munson Creek","MuCr1","C","6 m",NA,"","no",NA,NA,NA,NA,NA,NA,"ed855a1e-4404-4bab-94a4-33b27f867041"
"124","44795b55-fc43-49a8-969f-0d8ee3e5385e","2024-07-25","Haystack","HAYS5","C","6 m",NA,"","yes","Salix",1,"",1.29,NA,NA,"80983992-08aa-4bef-8395-81d002cfaed5"
"125","44795b55-fc43-49a8-969f-0d8ee3e5385e","2024-07-25","Haystack","HAYS5","C","6 m",NA,"","yes","Salix",7,"",0.64,1.15,0.93,"80983992-08aa-4bef-8395-81d002cfaed5"
"126","453d841b-dad9-4105-9f2f-901b2189dd7c","2024-08-02","Teklanika ","Tekl5","A","6 m",NA,"","no",NA,NA,NA,NA,NA,NA,"19613188-dce6-41ec-9bfc-8484da217be6,eb376e58-4529-45e3-b514-ff858fa24aa5"
"127","464f9490-0ccb-4d69-adf1-710def74e82b","2024-07-22","Hess Creek","HeCr3","B","9 m",NA,"","yes","Salix",1,"",0.15,NA,NA,"9dd0c5a3-d969-4080-84c5-191af8cad6cf"
"128","46d05d32-dfb6-45cd-b517-c4dab84be5aa","2024-07-22","Hess Creek","HeCr2","A","6 m",NA,"","yes","Salix",1,"",0.82,NA,NA,"687ded11-3e39-4664-8af3-19d6e585c312"
"129","46d05d32-dfb6-45cd-b517-c4dab84be5aa","2024-07-22","Hess Creek","HeCr2","A","6 m",NA,"","yes","Salix",1,"",0.52,NA,NA,"687ded11-3e39-4664-8af3-19d6e585c312"
"130","46d05d32-dfb6-45cd-b517-c4dab84be5aa","2024-07-22","Hess Creek","HeCr2","A","6 m",NA,"","yes","Salix",2,"",1.46,1.2,NA,"687ded11-3e39-4664-8af3-19d6e585c312"
"131","474af61c-5ad9-40d5-84f9-8192ee73e009","2024-07-23","Hess Creek","HeCr5","C","3 m",NA,"","yes","Salix",1,"",0.1,NA,NA,"915d830e-8c9a-42f1-b4cf-49c01eaea128"
"132","476fbe76-aaaf-477d-8967-77031ddeadd9","2024-07-25","Haystack","HAYS4","A","6 m",NA,"","no",NA,NA,NA,NA,NA,NA,"541ac583-b7ea-4538-a2d7-eafbdfdab9a2"
"133","477e7e1c-145a-46b3-98ad-d7571bd05173","2024-07-31","Nugget Creek","NuCr6","B","3 m",NA,"","yes","Salix",1,"",0.14,NA,NA,"1d634f2d-ce60-4184-b40c-b2d26494bfcf"
"134","47d36a8f-5903-4ae8-9c12-0a088c1e27e2","2024-08-01","Munson Creek","MuCr2","B","9 m",NA,"","no",NA,NA,NA,NA,NA,NA,"fa2fe742-2ad7-4925-a1bd-142ee00f20cc,14a9c426-3391-4787-9c89-24afb79d87ff"
"135","497efa6f-bd4a-4d5b-9b17-00d8973e92e7","2024-08-07","McCoy Creek","McCr3","B","6 m",NA,"","no",NA,NA,NA,NA,NA,NA,"a80b7bac-facb-425e-b5d5-05d70e30c517"
"136","4986c724-09ba-4282-a83e-3d28f22c76f3","2024-07-15","Lost Horse","LoHo1","A","9 m",NA,"","no",NA,NA,NA,NA,NA,NA,"2d84335a-844b-4d97-8eb0-1a984463df31"
"137","49f55325-bd58-4fb2-b3c0-0791da395c00","2024-07-16","Shovel creek","ShCr1","B","9 m",NA,"","no",NA,NA,NA,NA,NA,NA,"a31acc98-664b-4513-817e-5751c197935b"
"138","4a01685e-5d3a-4e97-b5e4-c2c289469f66","2024-07-17","Shovel creek","ShCr5","C","6 m",NA,"","no",NA,NA,NA,NA,NA,NA,"b1570575-1590-4afd-9dc2-83e9078fc6cb"
"139","4b5b16de-ed35-47f8-9a9e-967a4fc5f1bb","2024-07-23","Hess Creek","HeCr5","B","3 m",NA,"","no",NA,NA,NA,NA,NA,NA,"b56f6769-2da5-47aa-b739-a69793f9c834"
"140","4c62bd17-2749-4b59-8394-b07ed24e8e2b","2024-07-14","Haystack","Hays3","C","9 m",NA,"","no",NA,NA,NA,NA,NA,NA,"3e643c99-6a60-4bb3-afe2-b6dd40c6f844"
"141","4d6543ae-26d0-4407-9547-ec671a923f96","2024-07-18","Lost Horse","LoHo4 ","A","6 m",NA,"","no",NA,NA,NA,NA,NA,NA,"475b57a6-5775-468b-90ed-6b43ae710915"
"142","4d6635f5-c501-4bb4-8e9f-63e65125bd49","2024-07-15","Lost Horse","LoHo3","A","3 m",NA,"","no",NA,NA,NA,NA,NA,NA,"601101ca-31c0-409e-baaf-9271ef11925a"
"143","4d7d2c26-e51e-4b7f-8a46-fbfdcb7ab03b","2024-07-18","Lost Horse","LoHo4 ","B","3 m",NA,"","no",NA,NA,NA,NA,NA,NA,"dfb903b7-7552-445d-9a17-a1f07ad809bb"
"144","4e053de1-1b4b-49c2-8670-19248d7fdf2f","2024-07-14","Haystack","Hays3","C","9 m",NA,"","no",NA,NA,NA,NA,NA,NA,"21977c91-8ab4-4440-8473-88b477953c7f"
"145","4e77987d-694a-4dc7-9ef1-07f5d5723364","2024-08-05","Dry Creek","DrCr1","C","6 m",NA,"Betula neoalaskana seedlings barely beginning to sprout so unclear whether neoalaskana or nana. Seedlings as pictured in photo under plants section.","no",NA,NA,NA,NA,NA,NA,"a99fc665-8e9d-4315-a04c-4cef462d7e1b"
"146","4f3aa9da-2890-4fd4-8ca2-fa7d51b2ad85","2024-07-14","Haystack","Hays1","C","3 m",NA,"","no",NA,NA,NA,NA,NA,NA,"2243aa02-e5b5-4329-904c-12bae543cd6d"
"147","4f9209a4-e0ce-490c-a0d0-2b365d5c8af1","2024-07-14","Haystack","Hays1","A","3 m",NA,"","no",NA,NA,NA,NA,NA,NA,"e2eca4db-0eea-49d5-b147-d7d450385eb4"
"148","50de061d-4c14-4d89-9eac-5d89052c9727","2024-07-16","Shovel creek","ShCr1","B","6 m",NA,"","no",NA,NA,NA,NA,NA,NA,"560ce2cf-f205-4711-9938-f5db8cd619d2"
"149","50fcb9f8-749c-454d-a685-b190957b3634","2024-07-25","Haystack","HAYS5","A","6 m",NA,"","no",NA,NA,NA,NA,NA,NA,"0ca9c5d3-ce45-4b6e-bc18-2831646884dc"
"150","52993389-cb4f-4656-88a3-6f34661481d9","2024-07-16","Shovel creek","ShCr3","C","3 m",NA,"","no",NA,NA,NA,NA,NA,NA,"e01b9d3a-6ce8-433d-9dec-8eb441777997"
"151","52b1a26d-8834-47e7-bf83-180ed9854f00","2024-07-28","McCoy Creek","MCCR4","C","3 m",NA,"Spruce spp unclear, too small to tell","no",NA,NA,NA,NA,NA,NA,"30b0c61f-e5a3-4a56-97af-efe3d57c6650"
"152","532f011c-cf47-4f18-963b-f01f46202f8c","2024-07-30","Nugget Creek","NuCr1","B","3 m",NA,"","yes","Salix",3,"",0.35,0.94,0.24,"3e143728-6cd7-489c-8afd-16dbca3b313d"
"153","532f011c-cf47-4f18-963b-f01f46202f8c","2024-07-30","Nugget Creek","NuCr1","B","3 m",NA,"","yes","Salix",2,"",0.32,0.37,NA,"3e143728-6cd7-489c-8afd-16dbca3b313d"
"154","532f011c-cf47-4f18-963b-f01f46202f8c","2024-07-30","Nugget Creek","NuCr1","B","3 m",NA,"","yes","Salix",1,"",0.57,NA,NA,"3e143728-6cd7-489c-8afd-16dbca3b313d"
"155","532f011c-cf47-4f18-963b-f01f46202f8c","2024-07-30","Nugget Creek","NuCr1","B","3 m",NA,"","yes","Salix",1,"",0.64,NA,NA,"3e143728-6cd7-489c-8afd-16dbca3b313d"
"156","535a85b9-dfae-45c7-8ffd-43cb84edb6f0","2024-08-01","Munson Creek","MuCr1","A","9 m",NA,"Quadrat placed at 9m only to capture seedlings. No other data gathered at this spot. ","no",NA,NA,NA,NA,NA,NA,"44ee1bb9-dde7-4cf3-84b8-d07de6139691"
"157","546eae25-f035-4504-921b-ecca3a4f68a0","2024-08-05","Dry Creek","DrCr1","B","6 m",NA,"","yes","Salix",1,"",0.64,NA,NA,"70bc4a66-219e-4832-9e77-449322c599ef"
"158","5543c378-0ef1-42fb-adb0-3b8b1a97e2c5","2024-08-01","Munson Creek","MuCr3","B","6 m",NA,"","no",NA,NA,NA,NA,NA,NA,"957e36b3-b037-4c6d-a384-0cbcd723ecc4"
"159","568327e4-1030-4faf-b08e-98936bd0d499","2024-07-22","Hess Creek","HeCr2","B","9 m",NA,"","no",NA,NA,NA,NA,NA,NA,"41c10e33-39b7-4b4c-95ff-eb34ebafbe0e"
"160","5696256d-1b25-4e68-9315-99179218859c","2024-08-01","Munson Creek","MuCr1","A","3 m",NA,"","no",NA,NA,NA,NA,NA,NA,"8f0d7baf-c862-4e34-ae35-e41edb230bf3"
"161","57ccdd07-5d88-40c6-8322-3724ecf7c4e7","2024-07-23","Hess Creek","HeCr5","A","9 m",NA,"","no",NA,NA,NA,NA,NA,NA,"4e44ea96-1c07-4287-bf85-e26d09438de1"
"162","584e05aa-0663-4f08-a0fe-11d9802821f4","2024-07-16","Shovel creek","ShCr1","A","6 m",NA,"","no",NA,NA,NA,NA,NA,NA,"1b3e92e3-028a-457d-b97c-423031a9dd9a"
"163","5959ce27-58f6-4208-80b1-2a360abee822","2024-08-04","Munson Creek","MuCr4","A","6 m",NA,"","no",NA,NA,NA,NA,NA,NA,"4d4b0ea2-488a-4b3a-904f-b9704a6196ec"
"164","59f41b3d-fb33-4786-8003-72206c023120","2024-07-14","Haystack","Hays1","C","6 m",NA,"","yes","Betula",1,"",1.38,NA,NA,"007dfa1b-13b5-4930-883e-a8a8cd579c8b"
"165","5a0cd321-50e1-4ae8-b743-ed69a98eb206","2024-07-18","Lost Horse","LoHo4 ","C","9 m",NA,"","no",NA,NA,NA,NA,NA,NA,"ab2892b1-2517-4e8f-8fce-6e4465595cb0"
"166","5b1fa480-aab2-422a-b9a3-b5c551d14a8f","2024-07-25","Haystack","HAYS6","C","6 m",NA,"","no",NA,NA,NA,NA,NA,NA,"cfe9201a-fdda-44b9-bbe6-b88a5a5f0091"
"167","5b452307-c9fd-4dff-8dbc-0b7fd7c02100","2024-07-23","Hess Creek","HeCr5","A","3 m",NA,"","no",NA,NA,NA,NA,NA,NA,"f83a44c3-1037-428f-b26c-ffae15ada967"
"168","5bd71c56-4cc2-4fbf-b833-b7be1d27c4e9","2024-07-31","Nugget Creek","NuCr5","B","6 m",NA,"","no",NA,NA,NA,NA,NA,NA,"e7011ab2-633c-45c0-b6fc-21d2c3d030c0"
"169","5c0c9b17-ea1c-4317-a190-63ac60c8fed6","2024-07-16","Shovel creek","ShCr4","A","9 m",NA,"","no",NA,NA,NA,NA,NA,NA,"86e5f6e5-81cb-4225-b26d-733ce97a58d9"
"170","5cfd35a2-6b6a-4db0-8385-756c3e59608e","2024-07-16","Shovel creek","ShCr4","B","6 m",NA,"","no",NA,NA,NA,NA,NA,NA,"d8a4abc0-6036-444f-a8ef-22ddd1d9adaa"
"171","5de3e9c2-053d-4772-8ee8-b284c2060203","2024-07-18","Lost Horse","LoHo5","C","6 m",NA,"","no",NA,NA,NA,NA,NA,NA,"015b2773-79bb-4573-a187-30923a38f007"
"172","5e0a52f7-692a-4c35-bf0b-2c8e36b3efaa","2024-08-04","Munson Creek","MuCr4","B","3 m",NA,"","no",NA,NA,NA,NA,NA,NA,"171daadb-20c1-40a3-9ff8-b100c9d16dd8"
"173","5e964ea6-81aa-4e6e-8cef-d80a0905e09b","2024-07-28","McCoy Creek","MCCR4","C","6 m",NA,"","no",NA,NA,NA,NA,NA,NA,"4ec4ade4-1d2b-44f1-baf0-b520401a501d"
"174","618bc0b8-7d49-4353-9f51-a01d8aa9b9d4","2024-07-16","Shovel creek","ShCr3","A","9 m",NA,"","no",NA,NA,NA,NA,NA,NA,"8c86602e-263e-4a86-b6b4-a4c7c134f34b"
"175","61d0ae3d-f52b-4a21-b7e4-efb87a1873b0","2024-08-06","Dry Creek","DrCr5","B","3 m",NA,"","no",NA,NA,NA,NA,NA,NA,"5df129d1-61aa-44b8-bc14-b140dff113cc"
"176","6213b27e-0d6f-40ea-af1e-c40e04e5a405","2024-07-23","Hess Creek","HeCr5","A","6 m",NA,"LC soil sample at 7.3","no",NA,NA,NA,NA,NA,NA,"ed14ab08-3d9c-43bb-bd24-c704cd599b80"
"177","6355273c-ae57-4994-a3d8-5e5ee4d6d66c","2024-07-18","Lost Horse","LoHo4 ","A","3 m",NA,"","no",NA,NA,NA,NA,NA,NA,"c87b0f87-0218-4782-a0d7-f5295b2e685a"
"178","640ca0da-1ec8-43f5-ac00-14426fbd9f67","2024-07-25","Haystack","HAYS5","B","9 m",NA,"","no",NA,NA,NA,NA,NA,NA,"c0af49c4-e39d-4e46-aeab-3b73dd51aa67"
"179","642e2cc4-a9ca-498a-bd57-00c376ef87b8","2024-07-18","Lost Horse","LoHo5","A","6 m",NA,"","no",NA,NA,NA,NA,NA,NA,"8e543272-ea4e-4a20-aebd-85e04e41bf88"
"180","6625e856-9cc1-4b1f-9da6-7db24eff58b3","2024-08-02","Teklanika ","Tekl4","A","6 m",NA,"","yes","Salix",18,"",0.28,0.2,0.34,"c2a6bd11-716d-45d1-b319-a8de10d9f66f"
"181","66d78f0a-11c4-4d0d-ad26-9e5dbe6ab2a7","2024-07-17","Shovel Creek","ShCr5","B","6 m",NA,"","no",NA,NA,NA,NA,NA,NA,"d18222d1-ddbf-4b74-ae55-1bc84e4064a6"
"182","6723e6c9-4d14-48e0-bdfb-382e38ead845","2024-08-05","Dry Creek","DrCr2","A","6 m",NA,"","yes",NA,NA,NA,NA,NA,NA,"18ff7266-8e8c-4f91-9e74-51f9f8f9ffbf"
"183","67f7971d-5bf9-45b0-a97b-ecc3ec83984f","2024-07-15","Lost Horse","LoHo2","A","6 m",NA,"","no",NA,NA,NA,NA,NA,NA,"23b83614-98b3-44a1-a05d-03acd039659d"
"184","68c1dc3e-4a6f-4b76-a36d-eab35dab2820","2024-07-14","Haystack","Hays2","C","9 m",NA,"Photo taken from far side","yes","Salix",51,"",1.48,1.45,1.63,"5d472355-76a4-40d6-826a-05d94b1da866"
"185","68c409f6-cdcf-4e15-b1e3-8940ab3da6c1","2024-07-15","Lost Horse","LoHo2","C","9 m",NA,"","no",NA,NA,NA,NA,NA,NA,"c1d34f6b-8fbe-468d-a47c-57463a3c1b93"
"186","68cf4219-b6a0-4dc5-9472-40ae49289974","2024-07-18","Lost Horse","LoHo5","A","9 m",NA,"","yes","Salix",5,"",0.57,0.25,0.52,"7d57e74a-f598-4815-b5f7-7db526f928fa"
"187","68da9e9f-f588-4a2f-a9f3-7ebf0f49b238","2024-08-06","Dry Creek","DrCr5","A","6 m",NA,"","no",NA,NA,NA,NA,NA,NA,"bc84985a-052d-45cb-8220-079b4cce5be9"
"188","699b1114-60d1-4f61-9e72-4fd8f75de7da","2024-07-28","McCoy Creek","MCCR1","A","3 m",NA,"","no",NA,NA,NA,NA,NA,NA,"6bced772-30ef-4173-b15a-ad181afd185b"
"189","6b50a55f-83f8-4d4a-aa7b-f452178faa3b","2024-08-02","Teklanika ","Tekl4","B","6 m",NA,"","no",NA,NA,NA,NA,NA,NA,"4c2aaf8d-eaea-42d0-8a5d-39fafbb5071f"
"190","6b67e3d2-39b6-4402-ae88-5ff74dd16dbe","2024-07-14","Haystack","Hays2","C","6 m",NA,"","no",NA,NA,NA,NA,NA,NA,"3a0771bd-00f2-4fbb-9bbe-ed4fdf6c6ed7"
"191","6bd53d29-2f7f-47e7-b201-4f0d4412f937","2024-08-05","Dry Creek","DrCr2","A","3 m",NA,"","yes","Salix",5,"",0.62,0.54,0.32,"a565c034-581e-4a62-8e85-0fb3dbc10ccc"
"192","6c9dc177-1cbb-48a1-ad72-e1beea3b5ad8","2024-07-23","Hess Creek","HeCr5","C","9 m",NA,"","no",NA,NA,NA,NA,NA,NA,"fec7447d-d073-430e-86ba-3d3427289e2d"
"193","6d077289-a275-4de3-a874-266882a547fb","2024-07-22","Hess Creek","HeCr2","B","6 m",NA,"","no",NA,NA,NA,NA,NA,NA,"866d1f21-92fb-49a8-bc52-ed71827bd936"
"194","6db581f8-f2d9-49cc-a051-cc6851f505e1","2024-07-25","Haystack","HAYS5","C","3 m",NA,"","yes","Salix",3,"",1.45,1.28,1.62,"fd2cfea2-ccdc-4828-92b1-62a685b9039b"
"195","6ecda10b-6d6e-4c96-9d81-1c4867bc84bf","2024-07-17","Shovel Creek","ShCr6","A","9 m",NA,"","no",NA,NA,NA,NA,NA,NA,"76c2c2e0-3d0a-4404-b8b3-b57148d1e481"
"196","6ee7097e-567a-43ad-b1d3-9952f6ab893e","2024-07-23","Hess Creek","HeCr4","A","3 m",NA,"","no",NA,NA,NA,NA,NA,NA,"924e1e79-5519-4521-9ceb-1aa1cea40f8f"
"197","6fa88d0d-2f01-4fe6-9f9b-9d73375b4850","2024-08-02","Teklanika ","Tekl5","C","6 m",NA,"","no",NA,NA,NA,NA,NA,NA,"b2dd61c5-a360-4643-9bea-d97d7071b8fc"
"198","6fceecab-48b1-4c60-ae7e-90a8b86c0ff4","2024-07-31","Nugget Creek","NuCr6","A","3 m",NA,"","no",NA,NA,NA,NA,NA,NA,"1fe14ed0-4257-48c8-a60b-91306dc2cd19"
"199","70230ebe-9be1-4cc9-a296-029b98e8e665","2024-07-18","Lost Horse","LoHo6","B","9 m",NA,"","no",NA,NA,NA,NA,NA,NA,"375dfc04-be8d-48ed-ae3a-659efad3a0a8"
"200","719b9bca-3702-4c2c-9cb7-3db8e6ae1557","2024-07-16","Shovel creek","ShCr4","B","9 m",NA,"","no",NA,NA,NA,NA,NA,NA,"8cd8fd52-f2e1-4b0b-862d-1b969ff7fcd4"
"201","71af02d8-7a4b-46b2-a661-93f6d683a0de","2024-07-22","Hess Creek","HeCr1","C","9 m",NA,"","no",NA,NA,NA,NA,NA,NA,"e0ad1f4f-e935-441d-be29-95c0e40167df"
"202","724acfcf-b7ae-46b4-a321-498d30642ac9","2024-07-16","Shovel creek","ShCr3","B","9 m",NA,"","no",NA,NA,NA,NA,NA,NA,"971f06a2-8470-49a9-9eca-3ea9c21268af"
"203","7311b416-58f4-47bb-9af0-cb3755fd5399","2024-07-31","Nugget Creek","NuCr6","B","6 m",NA,"","no",NA,NA,NA,NA,NA,NA,"4244bbeb-4009-4059-83f1-29599af08189"
"204","73488750-611b-4173-a935-0ce326f54a71","2024-07-28","McCoy Creek","MCCR5","B","6 m",NA,"","no",NA,NA,NA,NA,NA,NA,"43fa17d9-aa83-4689-b151-83ba7422fdbf"
"205","75c728bb-3d5e-43a7-93f2-1bc405bbf04f","2024-07-22","Hess Creek","HeCr2","A","3 m",NA,"","no",NA,NA,NA,NA,NA,NA,"c18f2bdf-6d40-402e-b012-47a45813add7"
"206","762e21f7-52ac-409c-a38c-33ed95493886","2024-07-25","Haystack","HAYS6","A","3 m",NA,"","no",NA,NA,NA,NA,NA,NA,"6707c9b4-c0b3-4275-a0c3-29332fb2c49c"
"207","76f9676b-d6fa-4faf-82e2-f4570646998e","2024-07-22","Hess Creek","HeCr1","A","9 m",NA,"","no",NA,NA,NA,NA,NA,NA,"258200ad-2748-48b8-ab65-f79dac32b2ee"
"208","77bec35e-0682-49ef-988f-70027a20ea08","2024-07-22","Hess Creek","HeCr3","B","6 m",NA,"","yes","Salix",1,"",0.11,NA,NA,"95f0a775-ff7c-4cd7-921f-a4f71c35b995"
"209","785be9f7-6542-4958-83e9-9df0e962dca7","2024-08-04","Munson Creek","MuCr4","B","6 m",NA,"","no",NA,NA,NA,NA,NA,NA,"0201d3d6-8c55-408d-a22e-cacf86eddae4"
"210","78e3aab7-2cb7-48d9-939b-ad09c42b2539","2024-08-05","Dry Creek","DrCr3","B","3 m",NA,"","yes","Salix",8,"",0.46,0.51,0.23,"d511498a-7ea8-4c10-8389-b07a1ec96d7d"
"211","7994c147-910b-4426-8114-12cb39add6ed","2024-07-25","Haystack","HAYS4","A","",8,"","no",NA,NA,NA,NA,NA,NA,"b3c697ea-fe98-44fa-96d6-d0b92f7e80f1"
"212","7a27ccb3-8c98-49b2-a2a0-f5a4f3df9ca7","2024-07-15","Lost Horse","LoHo3","A","9 m",NA,"","yes","Salix",1,"",0.4,NA,NA,"b6f4d108-fcde-492e-a848-7213cea63d2d"
"213","7afada16-78c6-4296-ac69-1eca6406a2a0","2024-07-30","Nugget Creek","NuCr1","C","3 m",NA,"","yes","Salix",3,"",0.12,0.48,0.8,"618417b6-a590-4878-b6ca-0863aeafac20"
"214","7b57ce8b-4319-4a5f-a492-266695b3b169","2024-07-16","Shovel creek","ShCr1","C","9 m",NA,"","no",NA,NA,NA,NA,NA,NA,"b3c68552-b3e9-40cf-bf90-afa603f804ec"
"215","7b7b1650-e921-47a5-bbe6-1b2daee52fd6","2024-07-18","Lost Horse","LoHo4 ","B","9 m",NA,"","yes","Salix",9,"",0.6,0.32,0.25,"faa180ad-b0e2-4da1-91ff-729929374d48"
"216","7ba6e70d-d232-46a5-b3c8-2a4e135e5021","2024-08-01","Munson Creek","MuCr1","B","6 m",NA,"","yes","Salix",6,"",0.84,0.53,0.36,"f167ba1c-a29a-4f7d-ada5-dc71a26ceb19"
"217","7ba6e70d-d232-46a5-b3c8-2a4e135e5021","2024-08-01","Munson Creek","MuCr1","B","6 m",NA,"","yes","Salix",4,"",0.59,0.67,0.64,"f167ba1c-a29a-4f7d-ada5-dc71a26ceb19"
"218","7ba6e70d-d232-46a5-b3c8-2a4e135e5021","2024-08-01","Munson Creek","MuCr1","B","6 m",NA,"","yes","Salix",6,"",0.55,0.47,0.5,"f167ba1c-a29a-4f7d-ada5-dc71a26ceb19"
"219","7ba6e70d-d232-46a5-b3c8-2a4e135e5021","2024-08-01","Munson Creek","MuCr1","B","6 m",NA,"","yes","Salix",7,"",0.49,0.63,0.96,"f167ba1c-a29a-4f7d-ada5-dc71a26ceb19"
"220","7c3c92c3-13d3-462a-a956-bae826176929","2024-07-22","Hess Creek","HeCr3","A","6 m",NA,"","yes","Salix",1,"",0.46,NA,NA,"3f042f4d-3f2c-43b5-90b1-c837ea477d72"
"221","7c3c92c3-13d3-462a-a956-bae826176929","2024-07-22","Hess Creek","HeCr3","A","6 m",NA,"","yes","Salix",1,"",0.52,NA,NA,"3f042f4d-3f2c-43b5-90b1-c837ea477d72"
"222","7c3c92c3-13d3-462a-a956-bae826176929","2024-07-22","Hess Creek","HeCr3","A","6 m",NA,"","yes","Salix",1,"",0.31,NA,NA,"3f042f4d-3f2c-43b5-90b1-c837ea477d72"
"223","7c3c92c3-13d3-462a-a956-bae826176929","2024-07-22","Hess Creek","HeCr3","A","6 m",NA,"","yes","Salix",1,"",0.25,NA,NA,"3f042f4d-3f2c-43b5-90b1-c837ea477d72"
"224","7ccb9bba-0ae2-4c57-8f7a-839fd06c9629","2024-07-25","Haystack","HAYS4","C","3 m",NA,"","no",NA,NA,NA,NA,NA,NA,"d2ff024b-7b01-44b4-95f8-36fb42678241"
"225","7d0321e8-10cc-4674-a58c-1cf65adaafcd","2024-07-28","McCoy Creek","MCCR5","A","3 m",NA,"","no",NA,NA,NA,NA,NA,NA,"fe5747c9-e9fa-4687-a294-c8177b685d61"
"226","7d5cfed8-8aff-45cb-a689-84421f14147c","2024-08-07","McCoy Creek","McCr3","C","6 m",NA,"","no",NA,NA,NA,NA,NA,NA,"50cbf4e3-f9fc-43e7-933e-4f38d5a74daf"
"227","7f82075a-52e9-474b-bf35-54a53a7b0fe5","2024-07-17","Shovel Creek","ShCr5","A","9 m",NA,"","no",NA,NA,NA,NA,NA,NA,"b38d2a5a-1bc4-4dff-a84f-5cc95fa62cdf"
"228","7fbc0443-4c73-4028-984a-2fb32768484f","2024-08-05","Dry Creek","DrCr3","C","3 m",NA,"","yes","Salix",3,"",0.37,0.39,0.4,"ea79dfcb-666f-4f7d-b3ae-e8e2c5965453"
"229","7fbc0443-4c73-4028-984a-2fb32768484f","2024-08-05","Dry Creek","DrCr3","C","3 m",NA,"","yes","Salix",4,"",0.77,0.35,0.65,"ea79dfcb-666f-4f7d-b3ae-e8e2c5965453"
"230","7fbc0443-4c73-4028-984a-2fb32768484f","2024-08-05","Dry Creek","DrCr3","C","3 m",NA,"","yes","Salix",2,"",0.47,0.76,NA,"ea79dfcb-666f-4f7d-b3ae-e8e2c5965453"
"231","7fbc0443-4c73-4028-984a-2fb32768484f","2024-08-05","Dry Creek","DrCr3","C","3 m",NA,"","yes","Salix",13,"",0.65,0.1,0.56,"ea79dfcb-666f-4f7d-b3ae-e8e2c5965453"
"232","80198137-ee45-4011-b93d-13f5feaa7cf3","2024-08-03","Teklanika ","Tekl1","C","3 m",NA,"","no",NA,NA,NA,NA,NA,NA,"d1ef9e8e-3e71-440a-b61f-fdfb0570a72c"
"233","81aecebd-880d-46d9-9d9a-0529779777d0","2024-07-22","Hess Creek","HeCr3","B","3 m",NA,"","yes","Salix",3,"",0.77,0.43,0.61,"55c624cd-202c-4a69-8faa-19cde70280fa"
"234","81aecebd-880d-46d9-9d9a-0529779777d0","2024-07-22","Hess Creek","HeCr3","B","3 m",NA,"","yes","Salix",1,"",0.3,NA,NA,"55c624cd-202c-4a69-8faa-19cde70280fa"
"235","81aecebd-880d-46d9-9d9a-0529779777d0","2024-07-22","Hess Creek","HeCr3","B","3 m",NA,"","yes","Salix",1,"",0.36,NA,NA,"55c624cd-202c-4a69-8faa-19cde70280fa"
"236","81aecebd-880d-46d9-9d9a-0529779777d0","2024-07-22","Hess Creek","HeCr3","B","3 m",NA,"","yes","Salix",1,"",0.24,NA,NA,"55c624cd-202c-4a69-8faa-19cde70280fa"
"237","81aecebd-880d-46d9-9d9a-0529779777d0","2024-07-22","Hess Creek","HeCr3","B","3 m",NA,"","yes","Salix",2,"",0.25,0.17,NA,"55c624cd-202c-4a69-8faa-19cde70280fa"
"238","81aecebd-880d-46d9-9d9a-0529779777d0","2024-07-22","Hess Creek","HeCr3","B","3 m",NA,"","yes","Salix",1,"",0.25,NA,NA,"55c624cd-202c-4a69-8faa-19cde70280fa"
"239","81aecebd-880d-46d9-9d9a-0529779777d0","2024-07-22","Hess Creek","HeCr3","B","3 m",NA,"","yes","Salix",2,"",0.17,0.15,NA,"55c624cd-202c-4a69-8faa-19cde70280fa"
"240","85cdd762-e0f9-4b53-91ef-2fe4e67f679f","2024-07-18","Lost Horse","LoHo4 ","C","6 m",NA,"","yes","Salix",3,"",0.56,0.6,0.75,"c4dc85a1-9a94-467a-97d9-c44bbc4c9f41"
"241","85ff2161-5ffa-4bd3-a891-07922295d67a","2024-07-14","Haystack","Hays1","B","9 m",NA,"","yes","Betula",3,"",1.29,1.3,1.4,"d65fb5e2-dade-468c-a790-6115bb1e31da"
"242","85ff2161-5ffa-4bd3-a891-07922295d67a","2024-07-14","Haystack","Hays1","B","9 m",NA,"","yes","Betula",2,"",NA,NA,NA,"d65fb5e2-dade-468c-a790-6115bb1e31da"
"243","85ff2161-5ffa-4bd3-a891-07922295d67a","2024-07-14","Haystack","Hays1","B","9 m",NA,"","yes","Betula",1,"",NA,NA,NA,"d65fb5e2-dade-468c-a790-6115bb1e31da"
"244","85ff2161-5ffa-4bd3-a891-07922295d67a","2024-07-14","Haystack","Hays1","B","9 m",NA,"","yes","Betula",1,"",NA,NA,NA,"d65fb5e2-dade-468c-a790-6115bb1e31da"
"245","85ff2161-5ffa-4bd3-a891-07922295d67a","2024-07-14","Haystack","Hays1","B","9 m",NA,"","yes","Betula",2,"",NA,NA,NA,"d65fb5e2-dade-468c-a790-6115bb1e31da"
"246","85ff2161-5ffa-4bd3-a891-07922295d67a","2024-07-14","Haystack","Hays1","B","9 m",NA,"","yes","Betula",4,"",NA,NA,NA,"d65fb5e2-dade-468c-a790-6115bb1e31da"
"247","85ff2161-5ffa-4bd3-a891-07922295d67a","2024-07-14","Haystack","Hays1","B","9 m",NA,"","yes","Betula",10,"",NA,NA,NA,"d65fb5e2-dade-468c-a790-6115bb1e31da"
"248","86212511-25ae-49f2-9451-f870468574e1","2024-08-02","Teklanika ","Tekl5","C","3 m",NA,"","no",NA,NA,NA,NA,NA,NA,"820a201e-15c7-43b3-a90c-5f68b9ba41a0"
"249","862da22b-8bf4-42a3-b293-ec0986e2a055","2024-07-16","Shovel creek","ShCr4","C","3 m",NA,"","no",NA,NA,NA,NA,NA,NA,"e5006ec9-dc34-48b1-afef-2b5f57d7633f"
"250","86483261-8369-48d9-9a50-3a2758f7c472","2024-07-18","Lost Horse","LoHo6","C","9 m",NA,"","no",NA,NA,NA,NA,NA,NA,"9541f0db-4e5c-4149-b20a-7c448745d89c"
"251","86bcfbe3-24fc-46b7-a40c-a9b38d8e3150","2024-08-06","Dry Creek","DrCr6","C","3 m",NA,"","no",NA,NA,NA,NA,NA,NA,"e0779183-e99a-435a-840a-e603c89a2a67"
"252","86d56ed7-0a2f-4fea-95ff-35b7648b37a2","2024-07-30","Nugget Creek","NuCr2","A","3 m",NA,"","no",NA,NA,NA,NA,NA,NA,"7b21df19-9e9c-4d64-8016-72db38a8ef50"
"253","875627d9-0e74-4003-ae4d-9afd12a85a0d","2024-07-18","Lost Horse","LoHo5","C","3 m",NA,"","no",NA,NA,NA,NA,NA,NA,"caa4e830-8945-4a27-8bbc-83ffbee7ffb9"
"254","87afd15e-ad34-409a-9335-8965164d2b6d","2024-07-17","Shovel Creek","ShCr6","A","6 m",NA,"","no",NA,NA,NA,NA,NA,NA,"588cee08-dd55-47a4-bff5-5c4c0c236cb7"
"255","884d5829-f07a-4e21-99ac-a19b150b9553","2024-07-23","Hess Creek","HeCr6","B","3 m",NA,"","no",NA,NA,NA,NA,NA,NA,"0c92280f-ba7d-4d7b-a129-d758aeb7151c"
"256","88c40fb2-0ce7-4ddf-945a-3d0d44042e23","2024-07-22","Hess Creek","HeCr2","A","9 m",NA,"","no",NA,NA,NA,NA,NA,NA,"e690b8ce-75fa-4b27-a5e7-74029d61cce0"
"257","89e32b1a-ddf8-45d5-a9dd-265ea35ff484","2024-07-30","Nugget Creek","NuCr1","C","6 m",NA,"","no",NA,NA,NA,NA,NA,NA,"7f1e9348-1db9-4dee-990b-f320919937f0"
"258","8a084948-295b-4d56-a9c2-0f7aa0cd0c3e","2024-07-28","McCoy Creek","MCCR1","B","6 m",NA,"","no",NA,NA,NA,NA,NA,NA,"c7a3ee38-1754-475b-ad89-d94245708acd"
"259","8a338d89-f7a9-40b9-a9b8-96c515745820","2024-08-06","Dry Creek","DrCr5","A","3 m",NA,"","yes","Salix",1,"",1.03,NA,NA,"0e3a81f5-ef1b-4e2c-9b18-c737c86b943b"
"260","8bda483a-125c-429e-b865-e78325f26267","2024-08-03","Teklanika ","Tekl1","C","6 m",NA,"","yes","Salix",1,"",0.1,NA,NA,"e06cf73d-3c80-4362-83dd-97e557254136"
"261","8bf91080-f2e1-426e-8be7-aa3a6e8c7735","2024-07-22","Hess Creek","HeCr1","B","9 m",NA,"","yes","Alder",2,"",0.74,0.63,NA,"f4fa2e20-ab80-417b-8f66-be1727358fe2"
"262","8cf97ed9-f005-41ea-878d-022b24b4d846","2024-07-23","Hess Creek","HeCr4","C","9 m",NA,"","no",NA,NA,NA,NA,NA,NA,"9b95b78a-9109-4c31-999e-493b28dc0e23"
"263","8d13a267-35fa-4142-b103-35312f5813a7","2024-08-01","Munson Creek","MuCr2","B","6 m",NA,"","no",NA,NA,NA,NA,NA,NA,"1d1f9477-9d7b-4e80-9f0a-ac02b18428ee"
"264","8d47dc4f-374c-4204-a2a3-a19642641c31","2024-07-14","Haystack","Hays2","A","9 m",NA,"","no",NA,NA,NA,NA,NA,NA,"e0746d17-0f09-4573-9046-ab4f31c058a9"
"265","8e45be27-e41a-4671-8e1b-7cd4c18438d3","2024-07-23","Hess Creek","HeCr5","B","9 m",NA,"","no",NA,NA,NA,NA,NA,NA,"759a5b9a-e6dd-4d58-9355-8fa0f40d6e20"
"266","8f385e85-a2fb-4426-8eb5-32f6ccc924fc","2024-08-03","Teklanika ","Tekl1","B","3 m",NA,"","yes","Salix",7,"",0.24,0.14,0.18,"dc09c13b-ad0a-410b-a3d2-0cd66a3181c7"
"267","8f385e85-a2fb-4426-8eb5-32f6ccc924fc","2024-08-03","Teklanika ","Tekl1","B","3 m",NA,"","yes","Salix",8,"",0.09,0.17,1,"dc09c13b-ad0a-410b-a3d2-0cd66a3181c7"
"268","8f429fa8-f618-4f73-90bc-7d26044ecba9","2024-07-15","Lost Horse","LoHo3","B","9 m",NA,"","yes","Salix",1,"",0.65,NA,NA,"1d591ded-5938-4501-a534-80ba08e7372c"
"269","8f6790bd-064b-4686-8d87-7e1b1a16d4f7","2024-07-16","Shovel creek","ShCr1","B","3 m",NA,"","no",NA,NA,NA,NA,NA,NA,"8effccf0-7793-4d21-ae42-3f0199113f89"
"270","90045239-a474-49e9-ad9e-96f7b8a4a723","2024-08-02","Teklanika ","Tekl4","C","6 m",NA,"","yes","Salix",9,"",0.23,0.28,0.16,"777c2940-31bb-413a-9394-c25eaff9255d"
"271","90045239-a474-49e9-ad9e-96f7b8a4a723","2024-08-02","Teklanika ","Tekl4","C","6 m",NA,"","yes","Salix",9,"",0.25,0.14,0.12,"777c2940-31bb-413a-9394-c25eaff9255d"
"272","90045239-a474-49e9-ad9e-96f7b8a4a723","2024-08-02","Teklanika ","Tekl4","C","6 m",NA,"","yes","Salix",6,"",0.21,0.19,0.24,"777c2940-31bb-413a-9394-c25eaff9255d"
"273","90045239-a474-49e9-ad9e-96f7b8a4a723","2024-08-02","Teklanika ","Tekl4","C","6 m",NA,"","yes","Salix",3,"",0.09,0.12,0.1,"777c2940-31bb-413a-9394-c25eaff9255d"
"274","9005e826-a315-4bb1-8246-1425694eb2cf","2024-07-14","Haystack","Hays3","B","9 m",NA,"","no",NA,NA,NA,NA,NA,NA,"8c393bf3-6afa-40bc-a963-1fd0e4f8f8c4"
"275","90ece7da-05b0-4f06-919c-038b72e78d3d","2024-07-16","Shovel creek","ShCr4","C","6 m",NA,"","no",NA,NA,NA,NA,NA,NA,"081bd90d-3574-461c-ad1e-ff2318f37b37"
"276","91c5b123-ed9e-4394-b84a-cebbb8b4725b","2024-07-28","McCoy Creek","MCCR1","A","9 m",NA,"Aligned plot with pole rather than meter","no",NA,NA,NA,NA,NA,NA,"8a64cbf7-e341-42cd-ab6a-4c1c302bf667"
"277","92c0cd24-c0e7-4d01-9b04-2b5371a7cd6d","2024-08-01","Munson Creek","MuCr1","B","9 m",NA,"Quadrat placed at 9m just to capture seedlings. No other data collected at 9m","no",NA,NA,NA,NA,NA,NA,"140ce488-b031-495c-9001-5f8db3085473"
"278","92e1f48c-be44-4f88-a69a-e8ae05f4685e","2024-08-07","McCoy Creek","McCr3","C","3 m",NA,"","no",NA,NA,NA,NA,NA,NA,"3c4db3db-de6b-46b7-8cc5-2d56a265409b"
"279","939c79a5-44db-429a-9592-f6b5362d7384","2024-07-18","Lost Horse","LoHo5","B","6 m",NA,"","no",NA,NA,NA,NA,NA,NA,"b5679351-733b-4e7b-b295-299817140ac7"
"280","93a6e819-eea3-438c-ae76-04519a16aaef","2024-07-16","Shovel creek","ShCr4","B","3 m",NA,"","yes",NA,NA,NA,NA,NA,NA,"213de9e3-2f0c-4243-973c-595840582467"
"281","94ebc45b-87a8-4647-ae09-59e400a15818","2024-08-03","Teklanika ","Tekl2","A","6 m",NA,"","no",NA,NA,NA,NA,NA,NA,"fcaea311-d96a-490a-89da-f72207536d07"
"282","94ef6895-e8f2-416d-8c06-a91d85971bd4","2024-07-23","Hess Creek","HeCr4","C","6 m",NA,"","no",NA,NA,NA,NA,NA,NA,"1cdbeec2-1df7-4e9f-8ccc-61c4a203078d"
"283","94f887dc-6856-4420-a4ec-a9dfedada742","2024-07-25","Haystack","HAYS6","B","3 m",NA,"","no",NA,NA,NA,NA,NA,NA,"91fe4f4b-4cfa-4a8b-9f82-c2c5d0de87a1"
"284","95355616-e8ae-4360-9176-f56f28ee3fc4","2024-07-15","Lost Horse","LoHo2","A","9 m",NA,"","no",NA,NA,NA,NA,NA,NA,"a6e105d8-96b0-4c2a-85b4-5f5475c86663"
"285","9722a22f-6318-4e14-89ef-efdab2460a2f","2024-08-05","Dry Creek","DrCr3","A","6 m",NA,"","yes","Salix",9,"",0.56,0.5,0.27,"761a66fa-3580-4721-ab73-b7cb144e772e"
"286","9785d587-694e-4314-bcb4-df9c49111ebd","2024-08-01","Munson Creek","MuCr1","C","3 m",NA,"","yes","Salix",2,"",0.4,0.28,NA,"903ed948-26b1-447e-81b7-ab62365000de"
"287","978d091a-e0c5-4f6a-ad3b-eb905c2ffd7e","2024-07-15","Lost Horse","LoHo3","B","3 m",NA,"","yes","Salix",3,"",0.2,0.3,0.2,"0f611bcb-96a9-4f8b-a679-a7e90dc84ae4"
"288","978d091a-e0c5-4f6a-ad3b-eb905c2ffd7e","2024-07-15","Lost Horse","LoHo3","B","3 m",NA,"","yes","Salix",4,"",0.4,0.2,0.3,"0f611bcb-96a9-4f8b-a679-a7e90dc84ae4"
"289","98103400-7929-4476-9bd1-737c2e869546","2024-07-14","Haystack","Hays3","B","6 m",NA,"","no",NA,NA,NA,NA,NA,NA,"f3d6c3e8-b0b9-45f4-bf84-ad7f18dd597a"
"290","98141fbe-42b4-4b35-97f1-e59e37618246","2024-07-16","Shovel creek","ShCr3","B","3 m",NA,"","no",NA,NA,NA,NA,NA,NA,"c11bcdac-3483-42d1-94c7-9ddc4a73922b"
"291","98218bed-9536-4ffd-b364-581d836425a5","2024-08-03","Teklanika ","Tekl2","C","3 m",NA,"","no",NA,NA,NA,NA,NA,NA,"f8fbf2ee-eee9-42bb-a199-b2c1ce150379"
"292","9b5c336d-a613-4285-984c-8f7652adffde","2024-08-01","Munson Creek","MuCr3","C","3 m",NA,"","yes","Salix",1,"",0.56,NA,NA,"5973098b-819e-47ae-8a5c-263f09ce7f84"
"293","9b5c336d-a613-4285-984c-8f7652adffde","2024-08-01","Munson Creek","MuCr3","C","3 m",NA,"","yes","Salix",3,"",0.33,0.7,0.35,"5973098b-819e-47ae-8a5c-263f09ce7f84"
"294","9cf9c1a3-1973-4760-afc7-26f9b54da072","2024-07-16","Shovel creek","ShCr3","B","6 m",NA,"","no",NA,NA,NA,NA,NA,NA,"bb6c5c13-8156-4a2a-9f2b-a93953d8b849"
"295","9d08a868-b40b-4537-801d-7367d07f687d","2024-07-22","Hess Creek","HeCr1","C","6 m",NA,"","no",NA,NA,NA,NA,NA,NA,"f1b902fb-f79b-4cab-b266-0f376cee247c"
"296","9d8af078-0dec-4120-a170-2417cb03200b","2024-07-29","McCoy Creek","MCCR2","C","3 m",NA,"","no",NA,NA,NA,NA,NA,NA,"5f25d2f6-fb37-412f-b8df-a406a3995728"
"297","9dacd12a-992b-42b5-8f8a-5c6762a5c68b","2024-07-28","McCoy Creek","MCCR1","C","3 m",NA,"","no",NA,NA,NA,NA,NA,NA,"853366fd-2d0e-401f-9e02-aef2844e3292"
"298","9ddb5662-267e-41ba-b530-6d2760cd2d27","2024-07-16","Shovel creek","ShCr3","A","3 m",NA,"","no",NA,NA,NA,NA,NA,NA,"24f5ddee-543c-48f2-8ea3-ace9fcf52b6d"
"299","9ea834de-9123-4a1a-b642-e885fe2115dd","2024-07-29","McCoy Creek","MCCR2","B","3 m",NA,"","no",NA,NA,NA,NA,NA,NA,"382a797e-4bcd-4c11-b029-fa11e5638576"
"300","9f1f7460-71ff-489f-9863-bf6143bfa198","2024-07-16","Shovel creek","ShCr4","A","3 m",NA,"","no",NA,NA,NA,NA,NA,NA,"2bffb0a5-15c3-497a-945f-3523eb66f8cf"
"301","9fe13dd6-c98c-4545-aaa2-70c5ee02875a","2024-07-23","Hess Creek","HeCr6","A","3 m",NA,"","no",NA,NA,NA,NA,NA,NA,"5a217970-d173-4e2f-91b1-7bf83fd66970"
"302","a0975d6a-ffb1-47a4-8243-b2f727c0b3cc","2024-07-29","McCoy Creek","MCCR6","A","3 m",NA,"","no",NA,NA,NA,NA,NA,NA,"90c1dcb2-b45c-4042-93be-727d98a17151"
"303","a260d619-b331-4d71-93ba-f5d2ba858c36","2024-07-15","Lost Horse","LoHo1","C","9 m",NA,"","no",NA,NA,NA,NA,NA,NA,"0d3735dc-f25e-49bb-9f6c-10d314c3780d"
"304","a312e114-7f02-4bcb-b1f6-6ef894b494d6","2024-07-29","McCoy Creek","MCCR6","C","3 m",NA,"","no",NA,NA,NA,NA,NA,NA,"bedb9191-52aa-474a-a6ae-ede2603691b6"
"305","a49db5b9-f978-4e1e-a2c9-33b22eaff795","2024-08-01","Munson Creek","MuCr1","C","9 m",NA,"Added extra quadrat to capture seedlings. Did not collect data for anything other than seedlings. ","no",NA,NA,NA,NA,NA,NA,"4537a6a2-4f68-4f7b-8cb0-24f9e3bf8cce"
"306","a4b15f42-4b42-44b3-b295-b98f49a4d094","2024-07-25","Haystack","HAYS5","A","3 m",NA,"","no",NA,NA,NA,NA,NA,NA,"5f8dd171-01ec-4e84-984d-ab6cbcc5d63a"
"307","a4cc61ab-2b35-44d8-b810-8bf05ab0bb1e","2024-07-28","McCoy Creek","MCCR4","A","3 m",NA,"","no",NA,NA,NA,NA,NA,NA,"ed448119-5b94-453e-892f-702b44a32cda"
"308","a50d8d3d-41b3-441c-886d-b759c3c1e77d","2024-07-18","Lost Horse","LoHo6","A","6 m",NA,"","no",NA,NA,NA,NA,NA,NA,"22defa81-3110-4e4b-9098-088204774c7a"
"309","a56438dc-a640-4017-b44e-193976a91b4d","2024-08-04","Munson Creek","MuCr5","C","6 m",NA,"","no",NA,NA,NA,NA,NA,NA,"f73335c7-a4b5-43ee-846b-d01ab63c7a50"
"310","a612385c-21b1-4b8b-9847-75f7663e8334","2024-07-16","Shovel creek","ShCr2","B","6 m",NA,"","no",NA,NA,NA,NA,NA,NA,"5da62147-748f-4ff9-be26-6b6fc9bffd92"
"311","a67f6371-36c6-463b-a7a1-8c518a7387f9","2024-08-06","Dry Creek","DrCr6","B","3 m",NA,"","no",NA,NA,NA,NA,NA,NA,"6522e163-92eb-49e5-b9f9-60cbc584bb51"
"312","a76b80fc-ba74-44e5-ba2b-d7aef888743c","2024-07-25","Haystack","HAYS4","A","3 m",NA,"","no",NA,NA,NA,NA,NA,NA,"1fd5567e-bae4-4a40-b9ea-90da69b4a224"
"313","a7c0c58a-e704-407b-a54d-0a28d0c40928","2024-07-22","Hess Creek","HeCr3","A","3 m",NA,"","yes","Salix",5,"",0.4,0.33,0.44,"198595c9-8d18-4b45-a851-666cd921ace1,2420a955-a9f0-461c-b518-59439ea80239"
"314","a7c0c58a-e704-407b-a54d-0a28d0c40928","2024-07-22","Hess Creek","HeCr3","A","3 m",NA,"","yes","Salix",1,"",0.22,NA,NA,"198595c9-8d18-4b45-a851-666cd921ace1,2420a955-a9f0-461c-b518-59439ea80239"
"315","a7c0c58a-e704-407b-a54d-0a28d0c40928","2024-07-22","Hess Creek","HeCr3","A","3 m",NA,"","yes","Salix",1,"",0.18,NA,NA,"198595c9-8d18-4b45-a851-666cd921ace1,2420a955-a9f0-461c-b518-59439ea80239"
"316","a7c0c58a-e704-407b-a54d-0a28d0c40928","2024-07-22","Hess Creek","HeCr3","A","3 m",NA,"","yes","Salix",1,"",0.2,NA,NA,"198595c9-8d18-4b45-a851-666cd921ace1,2420a955-a9f0-461c-b518-59439ea80239"
"317","a7c0c58a-e704-407b-a54d-0a28d0c40928","2024-07-22","Hess Creek","HeCr3","A","3 m",NA,"","yes","Salix",1,"",0.14,NA,NA,"198595c9-8d18-4b45-a851-666cd921ace1,2420a955-a9f0-461c-b518-59439ea80239"
"318","a7ea7d54-1ae2-45eb-9b51-6f87a7d212f5","2024-07-14","Haystack","Hays1","A","6 m",NA,"","no",NA,NA,NA,NA,NA,NA,"e0a2a6f6-27ed-4e9f-beba-a170735b47ca"
"319","a85d94f6-34e0-43ff-bb5d-2d662a51f199","2024-07-22","Hess Creek","HeCr1","A","3 m",NA,"","no",NA,NA,NA,NA,NA,NA,"45c01fe6-94db-49ba-a081-3dd1c833f762"
"320","aa45b7fb-4f71-4dad-909b-d50385dd83cb","2024-07-16","Shovel creek","ShCr3","C","9 m",NA,"","no",NA,NA,NA,NA,NA,NA,"2bc79c76-211e-45a3-baf0-1a3468ddc476"
"321","aa8c2032-65a2-40e9-b77c-03aceafc4574","2024-07-31","Nugget Creek","NuCr5","C","3 m",NA,"","no",NA,NA,NA,NA,NA,NA,"40115191-349d-407a-86e7-e82ec069f9c7"
"322","aae5f2dc-724f-45fd-9664-07a8f0d06b8e","2024-07-25","Haystack","HAYS5","C","9 m",NA,"","no",NA,NA,NA,NA,NA,NA,"571524f2-10a9-408b-96b5-077917c60819"
"323","ab478988-1775-4a30-b18d-f55778a2739c","2024-08-01","Munson Creek","MuCr2","A","3 m",NA,"","no",NA,NA,NA,NA,NA,NA,"7fd422fd-ad91-486f-84f6-95c802e5961f"
"324","ac4f4d40-1072-43fd-b018-bf7f670ccf23","2024-07-22","Hess Creek","HeCr2","C","6 m",NA,"","no",NA,NA,NA,NA,NA,NA,"a7eaaf99-a9a2-4634-ab23-d26f7923c5eb"
"325","ac658f55-7942-4770-8c1e-c4ed0b1f900e","2024-07-16","Shovel creek","ShCr1","C","3 m",NA,"","no",NA,NA,NA,NA,NA,NA,"24d2b130-92a4-4c00-9ed9-495aa4d53f11"
"326","ac7f2414-a142-40b4-8f57-8b74e9f6d40e","2024-07-17","Shovel creek","ShCr6","C","6 m",NA,"","no",NA,NA,NA,NA,NA,NA,"53d04286-56b4-41a9-bcab-89b24a091a53"
"327","ad648964-d8cc-4451-abd7-83ed54059cb9","2024-07-30","Nugget Creek","NuCr2","A","6 m",NA,"","no",NA,NA,NA,NA,NA,NA,"176ecd70-4cfe-4bbf-b45f-9efc1ee945a7"
"328","b0110be9-cb3e-4ee2-8865-88efffb55085","2024-07-23","Hess Creek","HeCr6","A","6 m",NA,"","no",NA,NA,NA,NA,NA,NA,"37e790d4-2d46-4bfa-9f5d-56fbf86af32a"
"329","b07001fe-dfa3-425f-9547-22fbdce6b244","2024-07-14","Haystack","Hays1","B","3 m",NA,"","no",NA,NA,NA,NA,NA,NA,"1e4e7841-2ae1-4747-a826-9c01c29cc22e"
"330","b19d0ca4-7617-47a0-9544-c03d9a150ccc","2024-07-14","Haystack","Hays2","B","6 m",NA,"","no",NA,NA,NA,NA,NA,NA,"fc4b8273-6adc-4235-bc43-f4988c766d07"
"331","b1e45e69-95c5-44bb-a602-120e2af78c62","2024-07-30","Nugget Creek","NuCr2","B","3 m",NA,"","no",NA,NA,NA,NA,NA,NA,"e3e01da3-9c9c-4c7f-95dd-5c627b2b23ad"
"332","b2358125-8650-4ca6-b6a2-faf382d6179b","2024-07-30","Nugget Creek","NuCr1","B","6 m",NA,"","yes","Salix",2,"",0.54,0.19,NA,"8cbbeb14-af76-4b7e-9c1a-89a7f880e033"
"333","b3b124a9-0aaa-4654-b2d0-50225eae8671","2024-07-29","McCoy Creek","MCCR2","C","6 m",NA,"","no",NA,NA,NA,NA,NA,NA,"4537c18d-dff9-4975-8780-9fbf1954719d"
"334","b3cbf33c-2cc1-40b1-8399-2d5257b2c67a","2024-08-04","Munson Creek","MuCr4","C","3 m",NA,"","no",NA,NA,NA,NA,NA,NA,"2042ae4b-a510-4298-822a-95e58c9d11cd"
"335","b42f759f-575d-423e-be77-4732e65f5536","2024-08-03","Teklanika ","Tekl1","A","6 m",NA,"","yes","Salix",4,"",0.2,0.09,0.13,"145eaa0d-e9b0-429e-afdd-eb4e18bbdf88"
"336","b446caac-a1ac-47d9-b572-e506638c4cb5","2024-08-03","Teklanika ","Tekl2","B","3 m",NA,"","no",NA,NA,NA,NA,NA,NA,"42c23f48-0812-490b-866a-1f3fb333aec6"
"337","b6d88c17-7bdd-4d01-9ead-e3cb1aaefc5d","2024-08-05","Dry Creek","DrCr1","B","3 m",NA,"","yes","Salix",6,"",0.75,0.38,0.54,"75d62aa7-bd60-448b-bdab-ae8af82e34bd,186b8c28-b5d5-42eb-9219-5dd26dcd438b"
"338","b6eef62e-e087-4e06-8678-6a9b89c900c4","2024-07-16","Shovel creek","ShCr2","A","6 m",NA,"","yes","Salix",1,"",0.15,NA,NA,"94b8f125-373a-4400-919b-c7cf30c15196"
"339","b707602e-5d9e-4647-a717-cd3c5fad8910","2024-07-16","Shovel creek","ShCr2","A","9 m",NA,"","no",NA,NA,NA,NA,NA,NA,"47c98e13-ccb9-4405-8b36-7394807abfcd"
"340","b8405770-01fa-40ed-8939-09ebd7db0267","2024-07-16","Shovel creek","ShCr4","C","9 m",NA,"","no",NA,NA,NA,NA,NA,NA,"1f694551-f0d4-4c15-87a5-5c7651e43ffb"
"341","b90bc14e-6228-4fbf-a34b-9c446c66a3e4","2024-07-16","Shovel creek","ShCr2","C","3 m",NA,"","no",NA,NA,NA,NA,NA,NA,"172cf179-883d-4870-a1b5-6a7aa4514009"
"342","b97e7d87-20fb-4041-ab11-c58cc027bed0","2024-07-15","Lost Horse","LoHo1","C","6 m",NA,"","no",NA,NA,NA,NA,NA,NA,"947281d6-1854-42bf-9a41-622f5d3e276e"
"343","ba93507c-b252-4601-8063-9d9e116b53f1","2024-08-05","Dry Creek","DrCr2","C","3 m",NA,"","yes","Salix",3,"",0.52,0.43,0.21,"62ff2e3a-95ca-4f35-a69e-a40e9a9ea282"
"344","ba93507c-b252-4601-8063-9d9e116b53f1","2024-08-05","Dry Creek","DrCr2","C","3 m",NA,"","yes","Salix",5,"",0.85,0.62,0.55,"62ff2e3a-95ca-4f35-a69e-a40e9a9ea282"
"345","baca0dd5-a4c9-4c20-8612-7907f571e59f","2024-08-06","Dry Creek","DrCr5","C","6 m",NA,"","yes","Salix",8,"",0.87,1.08,1.06,"ff568904-d762-42f1-a2dd-fab6e14c9e4f"
"346","bb6fa47e-7705-43cb-ab4a-6da4ac83987c","2024-08-06","Dry Creek","DrCr6","B","6 m",NA,"","no",NA,NA,NA,NA,NA,NA,"737560c2-82c1-498b-a4ca-821133eac743"
"347","bbbd8b28-b6b7-44c3-a0ad-eb136dea89e5","2024-07-22","Hess Creek","HeCr2","C","3 m",NA,"","yes","Salix",1,"",0.6,NA,NA,"0ac31e1c-fced-4335-8e78-65842c67fd94,95982bcb-bedd-4100-8b09-fbb1fc0fc76c"
"348","bbbd8b28-b6b7-44c3-a0ad-eb136dea89e5","2024-07-22","Hess Creek","HeCr2","C","3 m",NA,"","yes","Salix",1,"",0.34,NA,NA,"0ac31e1c-fced-4335-8e78-65842c67fd94,95982bcb-bedd-4100-8b09-fbb1fc0fc76c"
"349","bc8e40d9-abdc-4113-9061-76c8475e14f0","2024-07-31","Nugget Creek","NuCr5","B","3 m",NA,"","no",NA,NA,NA,NA,NA,NA,"4d900af5-1431-4d07-bfca-4113278f0c0d"
"350","bcb1d401-7ef0-4bba-9b9f-c16a682326de","2024-07-14","Haystack","Hays1","B","6 m",NA,"","no",NA,NA,NA,NA,NA,NA,"a2f793ee-15a2-4ac6-ad3e-e6cde1364198"
"351","bcff8ce9-a2b4-49b1-b008-e86d79a1674d","2024-07-31","Nugget Creek","NuCr5","A","3 m",NA,"","no",NA,NA,NA,NA,NA,NA,"c39efeab-dfad-42cb-a15b-e62b3f7f2ff1"
"352","bd196cfa-dfd1-48d0-aa0a-931a41e25bad","2024-07-15","Lost Horse","LoHo2","C","6 m",NA,"","yes","Salix",4,"",0.5,0.15,0.2,"e883346f-c007-4a54-8e05-47ec78fe0f29"
"353","bd2a0949-e3af-49b8-b824-0a2308ac1027","2024-08-05","Dry Creek","DrCr1","C","3 m",NA,"","no",NA,NA,NA,NA,NA,NA,"c3b75ff2-efc9-443a-a94e-0dfafb28ad98"
"354","bd7aa7c6-d4ae-4e87-ac67-5ab870ca0936","2024-07-17","Shovel Creek","ShCr5","B","9 m",NA,"","no",NA,NA,NA,NA,NA,NA,"85606174-d4da-47f7-8bcc-b1c80ea735a7"
"355","beb19b76-60f1-4269-a3cc-db1b4bcf0d3a","2024-07-17","Shovel Creek","ShCr5","B","3 m",NA,"","no",NA,NA,NA,NA,NA,NA,"41d62a6b-fba6-4173-a8b8-f1ffb43e2a1f"
"356","bf6d3e5d-f7f1-417f-900f-eb5462c00e57","2024-07-23","Hess Creek","HeCr4","A","6 m",NA,"","no",NA,NA,NA,NA,NA,NA,"8a0760e7-54d0-4d53-a6dc-9eb37a5c4843"
"357","bfc9ec58-f9b2-467d-a9b5-8f83aae33622","2024-08-05","Dry Creek","DrCr2","C","6 m",NA,"","yes","Salix",1,"",0.51,NA,NA,"47ae6bce-e758-4f16-be88-5da797a7616e"
"358","bfc9ec58-f9b2-467d-a9b5-8f83aae33622","2024-08-05","Dry Creek","DrCr2","C","6 m",NA,"","yes","Salix",5,"",0.29,0.17,0.23,"47ae6bce-e758-4f16-be88-5da797a7616e"
"359","bfef13c5-b39b-401f-8686-027427c99cd1","2024-08-05","Dry Creek","DrCr1","A","6 m",NA,"","no",NA,NA,NA,NA,NA,NA,"83f7a9a4-c90c-4453-bffa-ed9c5d2e6e49"
"360","bffa14d5-5cab-4bee-9155-56842f5d7b0e","2024-07-30","Nugget Creek","NuCr3","A","3 m",NA,"","no",NA,NA,NA,NA,NA,NA,"44f83d2a-eb20-4b0b-b8e5-bbdca7e32349"
"361","c0666e49-f88e-4795-ba8c-dedd88a96ef9","2024-07-25","Haystack","HAYS4","B","3 m",NA,"","no",NA,NA,NA,NA,NA,NA,"2f7cb423-d358-446f-89fe-b0645f210e41"
"362","c0c61e43-2ee3-4e05-b662-92c1f1706f46","2024-07-25","Haystack","HAYS6","B","6 m",NA,"","no",NA,NA,NA,NA,NA,NA,"5f3fe42c-a5dc-4b22-b856-911af3ed19ee"
"363","c0f90075-eac1-4bad-bd7d-d82e5a5a964b","2024-07-17","Shovel Creek","ShCr5","A","3 m",NA,"","no",NA,NA,NA,NA,NA,NA,"2d89c9a0-2b51-4ed8-aa89-c4f38d7f5d99"
"364","c10e66c3-724a-4596-b4d3-3e56dfb551d5","2024-08-04","Munson Creek","MuCr5","A","3 m",NA,"","no",NA,NA,NA,NA,NA,NA,"c0eae45f-fed4-4bfc-8b82-b19cfd29576d"
"365","c173977d-8830-4d8f-9e31-4a9291e6efde","2024-07-25","Haystack","HAYS6","A","9 m",NA,"","no",NA,NA,NA,NA,NA,NA,"1c75debe-8d81-4710-bbcc-7f22dbb03e75"
"366","c1c178db-1190-4a95-af76-30170aff21a5","2024-08-05","Dry Creek","DrCr2","B","6 m",NA,"","yes","Salix",4,"",0.79,0.68,0.51,"2e1c1085-8ab0-468a-9354-971cd2aca50c"
"367","c1c178db-1190-4a95-af76-30170aff21a5","2024-08-05","Dry Creek","DrCr2","B","6 m",NA,"","yes","Salix",2,"",0.21,0.19,NA,"2e1c1085-8ab0-468a-9354-971cd2aca50c"
"368","c1c3ed70-162a-4bec-8425-5308a2f71b72","2024-07-31","Nugget Creek","NuCr6","A","6 m",NA,"","no",NA,NA,NA,NA,NA,NA,"dc274b55-8816-47e4-8bad-fbe01f4fce73"
"369","c27f6ca1-e315-4fc1-ad74-67e4330791ed","2024-07-16","Shovel creek","ShCr2","A","9 m",NA,"","no",NA,NA,NA,NA,NA,NA,"cbcd5b26-2283-46c1-908f-f609e7c42ef4"
"370","c28868b0-ad4f-47f7-b3ca-94b5701bcabd","2024-07-15","Lost Horse","LoHo2","B","6 m",NA,"","yes","Salix",3,"",0.2,0.3,0.5,"97ae162b-6fa2-49fe-904b-d86491356f2c"
"371","c2c0cc2f-c22d-4980-8ccc-535b657dbf6a","2024-07-30","Nugget Creek","NuCr3","C","3 m",NA,"","no",NA,NA,NA,NA,NA,NA,"96b932a2-211d-4fce-ac91-192808488c31"
"372","c2ff6c4c-e296-4717-9742-97ddddb14f55","2024-08-04","Munson Creek","MuCr5","B","6 m",NA,"","no",NA,NA,NA,NA,NA,NA,"74950c25-a86f-4513-a694-ebc39202de31"
"373","c316c287-c0c4-4e30-831c-89a83e9e8a8c","2024-07-15","Lost Horse","LoHo3","A","6 m",NA,"","no",NA,NA,NA,NA,NA,NA,"2c2dc0bc-c159-4773-80d1-2b386702e37a"
"374","c3ad0c56-378b-48ed-9020-58396170e152","2024-07-28","McCoy Creek","MCCR4","B","6 m",NA,"","no",NA,NA,NA,NA,NA,NA,"5a6f2f3b-61b1-4083-971b-8a5ef1ff4d1c"
"375","c3dd274d-cca4-4c30-bd40-a6d775e5f081","2024-07-17","Shovel creek","ShCr6","C","3 m",NA,"","no",NA,NA,NA,NA,NA,NA,"70e69d0d-f124-4551-82e2-15b357f93673"
"376","c54f5278-f567-4b42-8ac1-1c9382c6910c","2024-07-23","Hess Creek","HeCr6","C","6 m",NA,"","no",NA,NA,NA,NA,NA,NA,"1fda684e-59d4-47ad-a64e-b4dc77c095e0"
"377","c5ad0ba5-ef88-41ce-b299-cc73c2fa489a","2024-08-07","McCoy Creek","McCr3","B","3 m",NA,"","no",NA,NA,NA,NA,NA,NA,"899d2841-68d2-4086-bed4-e1175ee575f1"
"378","c63c80f9-a0d3-4d57-8e73-e1c1a4288919","2024-07-15","Lost Horse","LoHo1","C","3 m",NA,"","no",NA,NA,NA,NA,NA,NA,"31e3b5c6-61f6-4c1c-9ac9-8c88e41463a6"
"379","c677a2fb-7e5e-43bc-a9f8-fea2f18fad3b","2024-08-01","Munson Creek","MuCr2","B","3 m",NA,"2nd pic is Unkn liverwort in ground cover","no",NA,NA,NA,NA,NA,NA,"0a4e56c9-7b80-45f5-afe7-d896e81bdb2b,8b5eab23-293f-4ca2-ae8b-453738ae685b"
"380","c6bc247a-aea9-4121-828f-16d354403814","2024-07-29","McCoy Creek","MCCR2","A","3 m",NA,"","no",NA,NA,NA,NA,NA,NA,"4483dfb2-8706-41e0-93f0-558ada60d4cf"
"381","c9e7eded-0126-4672-b810-17f11ab36d0a","2024-07-25","Haystack","HAYS4","B","9 m",NA,"","no",NA,NA,NA,NA,NA,NA,"e8e93d21-c712-4693-bb30-438945704821"
"382","ca098c09-aca9-402b-a711-89b4241b8aca","2024-07-16","Shovel creek","ShCr1","C","6 m",NA,"","no",NA,NA,NA,NA,NA,NA,"0353a3f2-a085-469c-a62d-06d56f6b4baf"
"383","ca120b20-26dd-4c31-b4ea-83973a0987c1","2024-07-31","Nugget Creek","NuCr4","B","3 m",NA,"","no",NA,NA,NA,NA,NA,NA,"fee8aa24-f87c-4783-8312-c1ef9400688f"
"384","caf943d0-272d-425a-ae31-4f4dfa5e1733","2024-07-15","Lost Horse","LoHo1","B","6 m",NA,"","no",NA,NA,NA,NA,NA,NA,"65a56df9-3256-4162-b44e-dd8c69b90405"
"385","cb987c92-9ccb-4665-ac9c-9f831f0fd714","2024-08-02","Teklanika ","Tekl4","B","3 m",NA,"","no",NA,NA,NA,NA,NA,NA,"e9ef4550-a136-4c55-8b93-dd896a0109f7"
"386","ccbe06a3-5be4-49e0-aeaa-fbbdd6f1d9d5","2024-07-29","McCoy Creek","MCCR2","A","6 m",NA,"","no",NA,NA,NA,NA,NA,NA,"d3be0036-de62-4082-afe1-08a0361ce061"
"387","ce923451-d01f-4783-9a2b-3b511ecc3d53","2024-08-07","McCoy Creek","McCr3","A","3 m",NA,"","no",NA,NA,NA,NA,NA,NA,"42897c59-d633-4a0a-8fc9-d8e767454c54"
"388","cf2792c8-e572-44a1-acdd-2221022650a0","2024-07-30","Nugget Creek","NuCr3","A","6 m",NA,"","yes","Salix",1,"",NA,NA,NA,"fca8acc7-1979-4ecf-9203-646127732c78"
"389","cf2792c8-e572-44a1-acdd-2221022650a0","2024-07-30","Nugget Creek","NuCr3","A","6 m",NA,"","yes","Salix",2,"",0.55,0.6,NA,"fca8acc7-1979-4ecf-9203-646127732c78"
"390","cf2792c8-e572-44a1-acdd-2221022650a0","2024-07-30","Nugget Creek","NuCr3","A","6 m",NA,"","yes","Salix",2,"",NA,NA,NA,"fca8acc7-1979-4ecf-9203-646127732c78"
"391","cf2792c8-e572-44a1-acdd-2221022650a0","2024-07-30","Nugget Creek","NuCr3","A","6 m",NA,"","yes","Salix",1,"",NA,NA,NA,"fca8acc7-1979-4ecf-9203-646127732c78"
"392","cf2792c8-e572-44a1-acdd-2221022650a0","2024-07-30","Nugget Creek","NuCr3","A","6 m",NA,"","yes","Salix",1,"",NA,NA,NA,"fca8acc7-1979-4ecf-9203-646127732c78"
"393","cf2792c8-e572-44a1-acdd-2221022650a0","2024-07-30","Nugget Creek","NuCr3","A","6 m",NA,"","yes","Salix",1,"",NA,NA,NA,"fca8acc7-1979-4ecf-9203-646127732c78"
"394","cf2792c8-e572-44a1-acdd-2221022650a0","2024-07-30","Nugget Creek","NuCr3","A","6 m",NA,"","yes","Salix",1,"",0.1,NA,NA,"fca8acc7-1979-4ecf-9203-646127732c78"
"395","cf8646c2-5e0d-44c0-9f01-0d82d9eff5c3","2024-07-14","Haystack","Hays3","A","3 m",NA,"","no",NA,NA,NA,NA,NA,NA,"df063888-43dd-4d4b-93ed-220046062642"
"396","cf944b74-40bf-4b30-a56d-7c0d009823ed","2024-07-31","Nugget Creek","NuCr4","B","6 m",NA,"","no",NA,NA,NA,NA,NA,NA,"7259ec5f-4f8b-4a6a-aff9-71d570160824"
"397","d08563b1-c239-4e78-8464-316beba01f72","2024-08-06","Dry Creek","DrCr4","B","3 m",NA,"","no",NA,NA,NA,NA,NA,NA,"0a553c0f-e11f-4e36-9d90-53c7562dec8c"
"398","d0ad86e1-204e-4272-b71e-91ecc0618e1b","2024-07-31","Nugget Creek","NuCr4","C","3 m",NA,"","yes","Salix",2,"",0.3,0.09,NA,"41e78602-3b45-42b2-a8b5-714d3d62b996"
"399","d0ad86e1-204e-4272-b71e-91ecc0618e1b","2024-07-31","Nugget Creek","NuCr4","C","3 m",NA,"","yes","Salix",1,"",0.16,NA,NA,"41e78602-3b45-42b2-a8b5-714d3d62b996"
"400","d0c1d07b-abae-4797-a241-55a56b28d7d1","2024-07-23","Hess Creek","HeCr5","B","6 m",NA,"","yes","Salix",2,"",1.07,1.45,NA,"d1e4edde-198d-4a6a-9d91-a06167e64ff9"
"401","d0c1d07b-abae-4797-a241-55a56b28d7d1","2024-07-23","Hess Creek","HeCr5","B","6 m",NA,"","yes","Salix",7,"",NA,NA,1.58,"d1e4edde-198d-4a6a-9d91-a06167e64ff9"
"402","d0f50dea-5a17-4a19-b03e-5711737b7614","2024-07-28","McCoy Creek","MCCR4","B","3 m",NA,"","no",NA,NA,NA,NA,NA,NA,"ee38a9de-e5f1-47c0-b06f-a7cf004f2c38"
"403","d108a374-cb16-4a1b-9965-1552fb943cdf","2024-07-29","McCoy Creek","MCCR6","B","6 m",NA,"","no",NA,NA,NA,NA,NA,NA,"e6e76ce5-9db1-4ff7-bced-78e6ade42e42"
"404","d1e2ddd3-70f8-4c7b-966d-4428da1b74dc","2024-07-23","Hess Creek","HeCr4","A","9 m",NA,"","no",NA,NA,NA,NA,NA,NA,"6920e875-dcd3-4b71-85b4-b21eda01c5de"
"405","d265939b-e439-4e76-8f91-0580518b0525","2024-07-14","Haystack","Hays2","A","3 m",NA,"","no",NA,NA,NA,NA,NA,NA,"839a0c3d-f5e0-4fa8-b1b4-66db3b4bbb36"
"406","d442fbc8-d0ca-48ab-800a-1d3cdca56e7d","2024-08-01","Munson Creek","MuCr3","A","3 m",NA,"","no",NA,NA,NA,NA,NA,NA,"8973b509-6854-4c2a-81cd-de842175cf86"
"407","d534113d-a8b6-4962-bf82-b92f455710d4","2024-08-01","Munson Creek","MuCr2","A","6 m",NA,"","no",NA,NA,NA,NA,NA,NA,"e04cdca1-1190-4428-81b9-b03db0bc67ca"
"408","d69fcb5f-32f8-4a8e-a845-ef2eb42ee236","2024-07-15","Lost Horse","LoHo3","C","9 m",NA,"","no",NA,NA,NA,NA,NA,NA,"c580590a-5fca-4043-9f9e-36c4b67793c6"
"409","d6ecaec3-e850-4d79-8d15-413deef669e7","2024-08-01","Munson Creek","MuCr1","A","9 m",NA,"0m, not 9m. Entered as 9 due to fulcrum set up.","no",NA,NA,NA,NA,NA,NA,"26e5c8f4-839d-4e3f-a6b6-44384705425d"
"410","d77e759f-2d13-4788-afff-2965bc8d3c77","2024-07-23","Hess Creek","HeCr6","B","9 m",NA,"","no",NA,NA,NA,NA,NA,NA,"20028f03-5881-44d9-a621-d8611d6ad4bf,5166f528-d3e2-4caa-9c62-4b3bf490e2e6"
"411","d8c14f4c-500c-42c8-a1bc-fb1a94cc9459","2024-07-16","Shovel creek","ShCr2","A","3 m",NA,"","no",NA,NA,NA,NA,NA,NA,"e7036ae8-e028-42b1-89f7-285695592341"
"412","d8f283a7-ea8d-44a6-ad3e-1ccf3d81044a","2024-07-30","Nugget Creek","NuCr3","C","6 m",NA,"","yes","Salix",1,"",0.94,NA,NA,"81de851b-48e4-46fc-abfe-dad0c505b983"
"413","d8f283a7-ea8d-44a6-ad3e-1ccf3d81044a","2024-07-30","Nugget Creek","NuCr3","C","6 m",NA,"","yes","Salix",1,"",0.71,NA,NA,"81de851b-48e4-46fc-abfe-dad0c505b983"
"414","da400838-3137-43de-9bc4-30e0283b26fb","2024-07-28","McCoy Creek","MCCR5","C","3 m",NA,"","no",NA,NA,NA,NA,NA,NA,"be635e95-b827-44df-9fde-e31869409d36"
"415","dc712cf3-f9f0-471a-b9b4-9c37ac723fad","2024-07-16","Shovel creek","ShCr2","B","9 m",NA,"","no",NA,NA,NA,NA,NA,NA,"28df8a3a-1624-41b3-b80d-eabe2ca24f58"
"416","de289ddf-e901-42d1-932e-262604a88f61","2024-08-05","Dry Creek","DrCr1","A","3 m",NA,"","no",NA,NA,NA,NA,NA,NA,"63ebd8ce-0cf1-47d5-9ac9-2cbe7ff8d774"
"417","dfa5e6ec-8f14-489e-a4ee-c2d197d4e748","2024-07-22","Hess Creek","HeCr2","B","3 m",NA,"","no",NA,NA,NA,NA,NA,NA,"92721488-878a-4201-a523-97a46eb81790"
"418","dfdb4664-4033-4e15-bfae-2f9df3165857","2024-07-23","Hess Creek","HeCr4","C","3 m",NA,"Old soil sampling hole in plot from LC","no",NA,NA,NA,NA,NA,NA,"89952065-a95a-4797-b41f-f547766d4b1d"
"419","e1b6f107-574c-4360-aaba-10b50985ee64","2024-08-06","Dry Creek","DrCr4","C","6 m",NA,"","no",NA,NA,NA,NA,NA,NA,"010c6c65-cc2c-4139-87b1-51864de1bed9"
"420","e2f4eb48-ac47-4985-b338-cebf8e2bf9a5","2024-08-05","Dry Creek","DrCr3","B","6 m",NA,"","yes","Salix",3,"",0.29,0.33,0.31,"f404efae-4804-406f-810e-d53336f27994"
"421","e451d168-4b70-439f-b77b-2c75d8ef6ab6","2024-07-31","Nugget Creek","NuCr6","C","6 m",NA,"","no",NA,NA,NA,NA,NA,NA,"e0bfba37-198e-4ca6-8b53-00043388840c"
"422","e4eae13d-5cdd-41d6-b747-dcba850b7ac3","2024-08-02","Teklanika ","Tekl6","C","3 m",NA,"","yes","Salix",14,"",0.15,0.21,0.24,"50c842f4-86dc-40cd-8f05-925fdfd75bac"
"423","e4eae13d-5cdd-41d6-b747-dcba850b7ac3","2024-08-02","Teklanika ","Tekl6","C","3 m",NA,"","yes","Salix",6,"",0.22,0.12,0.23,"50c842f4-86dc-40cd-8f05-925fdfd75bac"
"424","e4eae13d-5cdd-41d6-b747-dcba850b7ac3","2024-08-02","Teklanika ","Tekl6","C","3 m",NA,"","yes","Salix",7,"",0.21,0.17,0.24,"50c842f4-86dc-40cd-8f05-925fdfd75bac"
"425","e5918524-99b9-4f6e-bbdf-5b9bb58fbffc","2024-07-30","Nugget Creek","NuCr2","C","6 m",NA,"","no",NA,NA,NA,NA,NA,NA,"565f2c22-f5c1-4cc9-959e-24b6180d8dad"
"426","e6c96f72-43c4-4bf0-8376-a2a2d5742819","2024-07-25","Haystack","HAYS6","B","9 m",NA,"","no",NA,NA,NA,NA,NA,NA,"6a054c52-ef69-4c05-a4fd-335dad630eeb"
"427","e819693e-ac68-45f7-94ab-06f20491f9d2","2024-07-18","Lost Horse","LoHo6","B","6 m",NA,"","no",NA,NA,NA,NA,NA,NA,"48b55939-9430-4dfe-a6ba-b0aa37e08182"
"428","e881b430-b746-40a6-a91c-3d4335052e17","2024-07-17","Shovel Creek","ShCr5","A","6 m",NA,"","no",NA,NA,NA,NA,NA,NA,"bd14f27b-86ba-41d2-a5bd-e153bd40f54f"
"429","e91a142b-5755-4412-b835-ba96c93fd85c","2024-07-23","Hess Creek","HeCr6","C","9 m",NA,"","no",NA,NA,NA,NA,NA,NA,"41369a9a-9da8-444a-941c-b34b4403fe17"
"430","e942b4a3-a180-4e3f-8c06-df01e224c7cc","2024-07-14","Haystack","Hays3","C","3 m",NA,"","yes","Salix",1,"",0.9,NA,NA,"12ca85d5-8124-46d2-bf08-fdaabe9c5edb"
"431","e9a5ef84-5be5-4352-8a65-200b4c0c93be","2024-07-29","McCoy Creek","MCCR6","C","6 m",NA,"","no",NA,NA,NA,NA,NA,NA,"b8ae0c06-5a03-4c94-ba6e-76cc088bc35c,e1a64c51-d154-4e42-83d9-45dee8efbc5b"
"432","e9cbd192-ab91-4cef-a1a3-d4398e52ab2d","2024-07-28","McCoy Creek","MCCR5","C","6 m",NA,"","no",NA,NA,NA,NA,NA,NA,"728c3dad-a980-4e2f-a5b9-fe83e4007ca9"
"433","ec2a0b66-dcb9-4a62-9ef1-0571fcb54815","2024-08-04","Munson Creek","MuCr5","C","3 m",NA,"","no",NA,NA,NA,NA,NA,NA,"73d2c7e2-aaf8-4338-ac8a-04b95ad971ae"
"434","ec713888-f456-4c36-b52d-3ec5611f3fe4","2024-07-22","Hess Creek","HeCr3","C","3 m",NA,"","yes","Salix",1,"",0.1,NA,NA,"f1febead-6c0d-45d5-ae46-b3ab19339ac5"
"435","eda5d3b3-b1a7-4aee-b42b-e42a725ac3dd","2024-07-22","Hess Creek","HeCr1","B","6 m",NA,"","no",NA,NA,NA,NA,NA,NA,"a68bc868-5c44-42d0-849f-1e23ededfd1b"
"436","ee803c02-6c4e-4490-a06f-3a5303f6439b","2024-08-03","Teklanika ","Tekl3","A","3 m",NA,"","no",NA,NA,NA,NA,NA,NA,"dd261ac5-70f2-4ab6-931e-afad46fa4674"
"437","eefe0a2b-4a90-4025-8157-52a26479ddff","2024-07-31","Nugget Creek","NuCr5","C","6 m",NA,"","no",NA,NA,NA,NA,NA,NA,"7cce9656-72c1-41e5-a82b-a7e7b186731d"
"438","efc7ba01-acd3-44e0-af9e-8b525413e9cb","2024-08-02","Teklanika ","Tekl6","B","3 m",NA,"","yes","Salix",1,"",0.2,NA,NA,"86677c2f-a385-47a4-b706-fa600b51fddf"
"439","f02311be-6b4f-4bac-b5b1-71481bdcf1ab","2024-07-14","Haystack","Hays3","A","6 m",NA,"","no",NA,NA,NA,NA,NA,NA,"105c67bc-6e93-4e42-93a2-f4f2707e1953"
"440","f061710e-c23b-4b30-8923-ee15760b3ada","2024-08-06","Dry Creek","DrCr6","A","3 m",NA,"","no",NA,NA,NA,NA,NA,NA,"f5fdd4d4-2361-4736-bf4e-a71f7cb47143"
"441","f09963b3-a378-4c62-aac1-ddf66da63e16","2024-07-14","Haystack","Hays3","B","3 m",NA,"","no",NA,NA,NA,NA,NA,NA,"8d7b572a-3ee7-40bc-a2b9-bc7b88815045"
"442","f0c9e409-4ffb-45e2-92e5-ed4d882386c8","2024-08-05","Dry Creek","DrCr3","C","6 m",NA,"","no",NA,NA,NA,NA,NA,NA,"0d58d8d6-e14b-40df-b3be-db6ec65f3700"
"443","f13689e6-b7cd-4c15-bb81-c47b0b0eaa28","2024-07-25","Haystack","HAYS5","B","3 m",NA,"","no",NA,NA,NA,NA,NA,NA,"5318f0d4-fa4e-4204-91fc-d4cf83f4c069"
"444","f16fddc3-717a-49d8-8eb3-a4003e56f5cf","2024-07-15","Lost Horse","LoHo2","C","3 m",NA,"","no",NA,NA,NA,NA,NA,NA,"60f22e8f-572f-4ca8-8daa-c9588e0c5778"
"445","f2a78530-1f41-4121-ad8b-f0007c793851","2024-08-01","Munson Creek","MuCr1","A","6 m",NA,"","no",NA,NA,NA,NA,NA,NA,"b1039c08-ec5c-417b-80d7-a4037dd5b6cc"
"446","f2fa45f4-4281-45a1-b6f4-a6c1cf58795f","2024-07-14","Haystack","Hays3","A","9 m",NA,"","no",NA,NA,NA,NA,NA,NA,"1d50a3d0-2250-46fd-9031-0286d6d0ffab"
"447","f37d6909-8964-43b3-8b6e-84691f3010e0","2024-08-04","Munson Creek","MuCr5","B","3 m",NA,"","no",NA,NA,NA,NA,NA,NA,"6776131d-9f48-4425-8e98-0176e309a548"
"448","f3c007f8-a9ec-4a58-9d63-4fdd3127b00b","2024-07-18","Lost Horse","LoHo4 ","A","9 m",NA,"","no",NA,NA,NA,NA,NA,NA,"d4914e47-81f9-4cd2-abd9-3c4d1831f39f"
"449","f4846e88-4108-43bb-88ba-6f0639d770a5","2024-07-22","Hess creek","HeCr3","C","9 m",NA,"","no",NA,NA,NA,NA,NA,NA,"2d4191db-949e-4c77-9d95-c23946bf3570"
"450","f4ce291c-1946-4274-a20d-394ca56098ee","2024-08-06","Dry Creek","DrCr6","A","6 m",NA,"","yes","Salix",7,"",0.57,0.43,0.53,"f1ec3fd3-0452-4880-b082-cab75a7bfec1"
"451","f4d6602d-3e24-4ecb-aa40-8cf7ecfde05a","2024-07-25","Haystack","HAYS6","C","9 m",NA,"","no",NA,NA,NA,NA,NA,NA,"465cd877-ef83-43e2-a500-102dd61e858c"
"452","f5948135-69e6-47d7-89cf-a4686ac4cb65","2024-08-01","Munson Creek","MuCr3","A","6 m",NA,"","no",NA,NA,NA,NA,NA,NA,"c21adcf7-a1bd-4119-b2b0-ca5c876d52cd"
"453","f6506204-3420-4bc6-b98a-feccdfdd20c5","2024-08-04","Munson Creek","MuCr4","C","6 m",NA,"","no",NA,NA,NA,NA,NA,NA,"4e53e55a-a54e-4db7-b3ce-d6ca3de512d7"
"454","f6c9330d-0646-4432-8b18-1467a0fd4903","2024-08-03","Teklanika ","Tekl3","B","6 m",NA,"","no",NA,NA,NA,NA,NA,NA,"200fc1f1-8bdd-4a08-b28d-0b98aaf79d1b"
"455","f6fdf92e-1cc0-4fcb-bf0a-4674b55774d6","2024-07-17","Shovel Creek","ShCr6","A","3 m",NA,"","no",NA,NA,NA,NA,NA,NA,"fb855237-83f6-4d2e-b7ef-0940742d2ed8"
"456","f74de79d-4864-43a9-8cdb-48e7d2e30f95","2024-07-14","Haystack","Hays2","B","9 m",NA,"","no",NA,NA,NA,NA,NA,NA,"fbad9fcf-39f6-4bc0-8bff-6b13e27d9328"
"457","f7cef4f0-d2a4-4d9c-9078-b3a8ec5b502c","2024-07-28","McCoy Creek","MCCR1","A","6 m",NA,"","no",NA,NA,NA,NA,NA,NA,"6fa2589e-2b7e-413b-b50d-14eb3fd27ea3"
"458","f84e4cae-5fdb-4b11-b7a7-1f6748d14770","2024-07-31","Nugget Creek","NuCr4","C","6 m",NA,"","no",NA,NA,NA,NA,NA,NA,"a8ba947c-f99c-4743-b58d-c1f4b3730dbc"
"459","f8837414-3ff6-44fc-9ff9-0d616f1f2e28","2024-07-17","Shovel creek","ShCr6","B","9 m",NA,"","no",NA,NA,NA,NA,NA,NA,"5cc75ebd-dd16-44de-a16d-bb613f9eac3a"
"460","f931b16b-4044-4400-8065-67901fec0092","2024-07-18","Lost Horse","LoHo5","B","9 m",NA,"","yes","Salix",6,"",0.19,0.36,0.28,"6d83f686-2305-41db-9776-ecc83305280e"
"461","f931b16b-4044-4400-8065-67901fec0092","2024-07-18","Lost Horse","LoHo5","B","9 m",NA,"","yes","Salix",13,"",0.69,0.87,0.42,"6d83f686-2305-41db-9776-ecc83305280e"
"462","fb4a50d2-3049-44a5-8676-21400a0a4040","2024-07-15","Lost Horse","LoHo3","C","6 m",NA,"","no",NA,NA,NA,NA,NA,NA,"e0c4a431-a693-47ab-9881-a608b31d19e9"
"463","fb798877-df2f-475a-a0f9-34445235073a","2024-08-03","Teklanika ","Tekl3","B","3 m",NA,"","no",NA,NA,NA,NA,NA,NA,"9002fb87-7e44-4eea-a28c-15620e4be3fd"
"464","fc5918fe-948a-4eeb-9fa2-245a9232952a","2024-07-23","Hess Creek","HeCr5","C","6 m",NA,"","yes","Salix",3,".2",0.7,0.8,NA,"4db596f2-8b47-4a91-8b8e-4fe55e2a61e4"
"465","fd3549bb-b9c0-4546-b42f-c345ce30c63f","2024-07-23","Hess Creek","HeCr4","B","6 m",NA,"LC soil sample hole in plot","no",NA,NA,NA,NA,NA,NA,"cb2b7830-2cef-4cd3-b1ca-f617c781993f"
"466","fdb48bda-3f19-4430-a944-a51a92aeb126","2024-07-29","McCoy Creek","MCCR6","B","3 m",NA,"","no",NA,NA,NA,NA,NA,NA,"1106596d-cd1b-44df-9f30-750075c3e9e7"
"467","fdc4228e-1f86-4ddb-a60b-1c64f89db6d5","2024-07-18","Lost Horse","LoHo5","A","3 m",NA,"","no",NA,NA,NA,NA,NA,NA,"e0c21c79-c2f9-4018-89e0-a7f5b8531f39"
"468","fe6f26ff-50d2-4d9d-a72d-5d1235a2a35b","2024-08-01","Munson Creek","MuCr2","C","3 m",NA,"","no",NA,NA,NA,NA,NA,NA,"0b87e7b7-04a5-484c-aba9-2262443b1dad"
"469","fe708249-a3ec-45b4-9407-ebadf99aabcc","2024-07-15","Lost Horse","LoHo1","A","3 m",NA,"","no",NA,NA,NA,NA,NA,NA,"0fad7a80-33c1-4b27-8c8b-0031af70b570"
"470","feee01d5-caf4-4e35-842e-c165987c4c8a","2024-07-18","Lost Horse","LoHo5","B","3 m",NA,"","no",NA,NA,NA,NA,NA,NA,"06457f27-8798-431c-961e-a77b29ea221b"
