"","date","fire_scar","site","plot","location","green_moss","depth1","org_hit","org_hit_other","thaw_d","thaw_hit","ar_sol_depth1","ar_sol_hit","ar_height1","ar_height2","ar_height3","collected","sample_id","sample_depth1","sample_depth2","sample_width1","sample_width2","sample_length1","sample_length2","organic_notes","min_depth","m1_depth1","m1_depth2","m2_depth1","m2_depth_2","min_coregrab","mineral_notes","sample_photo","general_notes"
"1","2024-07-25","Haystack","Hays5","A","3 m",NA,8,"Mineral,Rock","",38,"Rock",7.5,"Mineral",5.5,4,3,"yes","Hays5A",7.5,8,11.5,11,12.5,13.5,"1 cm rock removed between organic and mineral",NA,3,0,NA,NA,"","Rock beneath 3 cm unable to remove","",""
"2","2024-07-25","Haystack","Hays5","A","6 m",NA,0.5,"Mineral","",65,"Rock",5,"Mineral",2,3.5,6,"no","",NA,NA,NA,NA,NA,NA,"Small amount of litter, then ash and mineral",NA,NA,NA,NA,NA,"","","",""
"3","2024-07-25","Haystack","Hays5","A","9 m",NA,13.5,"Rock","",50,"Rock",11.5,"Mineral",2.5,5,NA,"no","",NA,NA,NA,NA,NA,NA,"",NA,NA,NA,NA,NA,"","","",""
"4","2024-07-14","Haystack","Hays1","A","3 m",NA,5,"Mineral","",82,"Ice",5.5,"Mineral",7.5,5,10,"yes","HAYS1A",4,6,10,10,12,11,"",6,NA,NA,NA,NA,"Core","Top=0-6 cm no M2 gravel","",""
"5","2024-07-14","Haystack","Hays1","A","6 m",NA,11.5,"Mineral","",100,"Ice",10.5,"Mineral",5.5,10,NA,"no","",NA,NA,NA,NA,NA,NA,"",NA,NA,NA,NA,NA,"","","",""
"6","2024-07-16","Shovel creek","ShCr3","A","3 m",NA,3.5,"Mineral","",12,"Mineral",NA,"",NA,NA,NA,"no","",NA,NA,NA,NA,NA,NA,"",NA,NA,NA,NA,NA,"","","",""
"7","2024-07-16","Shovel creek","ShCr3","A","6 m",NA,12.5,"Mineral","",12.4,"Rock",NA,"",NA,NA,NA,"no","",NA,NA,NA,NA,NA,NA,"",NA,NA,NA,NA,NA,"","","",""
"8","2024-07-16","Shovel creek","ShCr3","A","9 m",NA,5,"Mineral","",26,"Rock",NA,"",NA,NA,NA,"no","",NA,NA,NA,NA,NA,NA,"",NA,NA,NA,NA,NA,"","","",""
"9","2024-08-01","Munson Creek","MuCr2","A","3 m",0.1,11,"Mineral","",18,"Rock",10,"Rock",18,16,20,"yes","MuCr2A",9.5,8,11,11,11,10,"Bottom uneven due to rocks",NA,0,NA,0,NA,"","No mineral. Pure rock under organic","0f9bcacd-1611-47ba-8a96-a176b57eeb4f,59a4a4d3-127c-4dcc-8594-7b99bf2df5ed",""
"10","2024-08-01","Munson Creek","MuCr2","A","6 m",0,9.5,"Rock","",18,"Rock",28,"Rock",11,7,NA,"no","",NA,NA,NA,NA,NA,NA,"",NA,NA,NA,NA,NA,"","","",""
"11","2024-07-29","McCoy Creek","McCr2","B","3 m",NA,13,"Mineral","",62,"Frozen Ground",17,"Mineral",7,7,10,"yes","McCr2B",10,12,9,8,9,9,"",NA,5,NA,5,NA,"","","",""
"12","2024-07-29","McCoy Creek","McCr2","B","6 m",NA,19.5,"Mineral","",88,"Frozen Ground",11,"Mineral",10,12,NA,"no","",NA,NA,NA,NA,NA,NA,"",NA,NA,NA,NA,NA,"","","",""
"13","2024-07-31","Nugget Creek","NuCr4","C","3 m",NA,6,"Mineral","",101,">100cm",12,"Mineral",46,23,NA,"yes","NuCr4C",7,5,10,12,9,10,"",NA,5,NA,5,NA,"","","",""
"14","2024-07-31","Nugget Creek","NuCr4","C","6 m",NA,14,"Mineral","",88,"Rock",7.5,"Mineral",24,22,16,"no","",NA,NA,NA,NA,NA,NA,"",NA,NA,NA,NA,NA,"","","",""
"15","2024-07-22","Hess Creek","HeCr3","B","3 m",NA,15,"Mineral","",77,"Rock",NA,"",NA,NA,NA,"no","",NA,NA,NA,NA,NA,NA,"",NA,NA,NA,NA,NA,"","","",""
"16","2024-07-22","Hess Creek","HeCr3","B","6 m",NA,11.5,"Mineral","",79,"Rock",NA,"",NA,NA,NA,"no","",NA,NA,NA,NA,NA,NA,"",NA,NA,NA,NA,NA,"","","",""
"17","2024-07-22","Hess Creek","HeCr3","B","9 m",NA,7,"Mineral","",60,"Rock",NA,"",NA,NA,NA,"no","",NA,NA,NA,NA,NA,NA,"",NA,NA,NA,NA,NA,"","","",""
"18","2024-07-31","Nugget Creek","NuCr4","A","3 m",NA,30,"Mineral","",101,">100cm",42,"Mineral",8,9,NA,"yes","NuCr4A",35,34,10,6,11.5,10,"Organic sample difficult to remove due to roots, bottom very crumbly",NA,5,NA,5,NA,"","","",""
"19","2024-07-31","Nugget Creek","NuCr4","A","6 m",NA,52,"Mineral","",101,">100cm",5,"Mineral",18,15,NA,"no","",NA,NA,NA,NA,NA,NA,"",NA,NA,NA,NA,NA,"","","",""
"20","2024-07-28","McCoy Creek","McCr5","C","3 m",NA,43,"Mineral","",55,"Frozen Ground",29.5,"Mineral",5,2,6,"yes","McCr5C",40,38,9,11,10,7,"",NA,5,NA,0,NA,"","","","No m2 sample, hit frozen ground at bottom of m1 sample"
"21","2024-07-28","McCoy Creek","McCr5","C","6 m",NA,33,"Mineral","",50,"Frozen Ground",36,"Frozen Ground",3,2,4,"no","",NA,NA,NA,NA,NA,NA,"",NA,NA,NA,NA,NA,"","","",""
"22","2024-08-02","Teklanika","Tekl4","B","3 m",0,7,"Mineral","",23,"Rock",5,"Mineral",3,2,1,"no","Tekl4B",7,8,11,10,10,9,"",NA,4,NA,2,NA,"","M1 sampled with corer. 2 cm of rock removed. M2 grab sample of 2cm","47021fe9-46c4-4b0d-8d01-a873ea8696fb","Sampled at 13.3 due to cwd"
"23","2024-08-02","Teklanika","Tekl4","B","6 m",0,7,"Mineral","",19,"Rock",6,"Mineral",10,10,11,"no","",NA,NA,NA,NA,NA,NA,"",NA,NA,NA,NA,NA,"","","",""
"24","2024-07-22","Hess Creek","HeCr3","A","3 m",NA,7,"Mineral","",101,">100cm",NA,"",NA,NA,NA,"no","",NA,NA,NA,NA,NA,NA,"",NA,NA,NA,NA,NA,"","","",""
"25","2024-07-22","Hess Creek","HeCr3","A","6 m",NA,26,"Mineral","",77,"Rock",NA,"",NA,NA,NA,"no","",NA,NA,NA,NA,NA,NA,"",NA,NA,NA,NA,NA,"","","",""
"26","2024-07-22","Hess Creek","HeCr3","A","9 m",NA,11,"Mineral","",56,"Rock",NA,"",NA,NA,NA,"no","",NA,NA,NA,NA,NA,NA,"",NA,NA,NA,NA,NA,"","","",""
"27","2024-08-06","Dry Creek","DrCr4","B","3 m",0,6.5,"Mineral","",90,"Mineral",6.5,"Mineral",13,12,12,"yes","DrCr4B",6.5,7,9,9,9,10,"",NA,5,NA,5,NA,"Core","","","Mineral all the way down but really hard to press thaw probe through"
"28","2024-08-06","Dry Creek","DrCr4","B","6 m",0,6,"Mineral","",57,"Mineral",3,"Mineral",8,8,9,"no","",NA,NA,NA,NA,NA,NA,"",NA,NA,NA,NA,NA,"","","","Mineral soil too dense too push thaw probe through"
"29","2024-07-17","Shovel Creek","ShCr6","C","3 m",NA,18,"Mineral","",23,"Rock",NA,"",NA,NA,NA,"no","",NA,NA,NA,NA,NA,NA,"",NA,NA,NA,NA,NA,"","","",""
"30","2024-07-17","Shovel Creek","ShCr6","C","6 m",NA,12.5,"Mineral","",35,"Rock",NA,"",NA,NA,NA,"no","",NA,NA,NA,NA,NA,NA,"",NA,NA,NA,NA,NA,"","","",""
"31","2024-07-17","Shovel Creek","ShCr6","C","9 m",NA,11.5,"Mineral","",38,"Rock",NA,"",NA,NA,NA,"no","",NA,NA,NA,NA,NA,NA,"",NA,NA,NA,NA,NA,"","","",""
"32","2024-08-02","Teklanika","Tekl4","A","3 m",0,8,"Mineral","",16,"Rock",11,"",2.5,1.5,NA,"yes","Tekl4A",8,7.5,9.5,10,9.5,10,"",NA,4,NA,5,NA,"None","M1 sampled with corer. Removed 5cm of rock. M2 is grab sample below that to a depth of 5 cm","d84f191b-be6b-4b30-a49c-f01983eebfe4","Nearest tree had no Ar roots visible. SOL depth at it was 10. Measurements in data are from nearest tree with Ar"
"33","2024-08-02","Teklanika","Tekl4","A","6 m",0,12,"Mineral","",28,"Rock",6,"Mineral",7,5,8,"no","",NA,NA,NA,NA,NA,NA,"",NA,NA,NA,NA,NA,"","","",""
"34","2024-08-01","Munson Creek","MuCr1","B","3 m",0,6,"Mineral","",72,"Rock",12.5,"Mineral",1.5,2,7,"yes","MuCr1B",7.5,4.5,10.5,11.5,11,10,"",NA,5,NA,5,NA,"Core","","",""
"35","2024-08-01","Munson Creek","MuCr1","B","6 m",0,17,"Mineral","",69,"Rock",17,"Mineral",7,5,6,"no","",NA,NA,NA,NA,NA,NA,"",NA,NA,NA,NA,NA,"","","",""
"36","2024-07-31","Nugget Creek","NuCr5","C","3 m",NA,7,"Mineral","",37,"Rock",7,"Mineral",23,24,NA,"yes","NuCr5B",7,9,7,8,10,10,"",NA,7,NA,0,NA,"Grab","Too rocky and crumbly to core volumetrically, grab sample of mineral to 7 cm depth ","","No standing AR tree, measuring AR depths from AR roots to remaining soil on roots or to the bottom of large exposed stabilizing root if no soil is remaining on roots. AR soil depth same hole as transect, not including green moss"
"37","2024-07-31","Nugget Creek","NuCr5","C","6 m",NA,9.5,"Mineral","",67,"Rock",2.5,"Mineral",29,33,NA,"no","",NA,NA,NA,NA,NA,NA,"",NA,NA,NA,NA,NA,"","","","AR depths on downed tree to bottom of tree roots, AR SOL depth measured next to, does not include green moss"
"38","2024-07-18","Lost horse","LoHo5","A","3 m",NA,16,"Mineral","",101,">100cm",2.5,"Mineral",16,7,8,"yes","LoHo5A",16,16,11,11,11,10,"Roots!!",NA,5,NA,5,NA,"Core","Removed 3 cm of rock between organic and mineral","",""
"39","2024-07-18","Lost horse","LoHo5","A","6 m",NA,1.5,"Mineral","",86,"Rock",1.5,"Mineral",16,10,8.5,"no","",NA,NA,NA,NA,NA,NA,"",NA,NA,NA,NA,NA,"","","",""
"40","2024-07-18","Lost horse","LoHo5","A","9 m",NA,9.5,"Mineral","",78,"Rock",1.5,"Mineral",13,8.5,7,"no","",NA,NA,NA,NA,NA,NA,"",NA,NA,NA,NA,NA,"","","",""
"41","2024-08-07","McCoy Creek","McCr3","C","3 m",0,31.5,"Mineral","",48,"Frozen Ground",40,"Mineral",9.5,11.5,9,"yes","McCr3C",31,31.5,11,11,10.5,10,"",NA,5,NA,5,NA,"Core","Hit frozen ground","0ee3af13-f0ea-4bf5-b625-69eef1ba9bfa",""
"42","2024-08-07","McCoy Creek","McCr3","C","6 m",0,51,"Mineral","",60,"Frozen Ground",59,"Mineral",2,3,2.5,"no","",NA,NA,NA,NA,NA,NA,"",NA,NA,NA,NA,NA,"","","",""
"43","2024-07-14","Haystack","Hays2","C","9 m",NA,11,"Mineral","",120,">100cm",11,"Mineral",11,12,NA,"no","",NA,NA,NA,NA,NA,NA,"",NA,NA,NA,NA,NA,"","","","Thaw depth greater than 120"
"44","2024-07-14","Haystack","Hays2","C","6 m",NA,18,"Mineral,Water","",110,">100cm,Frozen Ground",6,"Mineral",6,14,10,"no","",NA,NA,NA,NA,NA,NA,"",NA,NA,NA,NA,NA,"","","",""
"45","2024-07-14","Haystack","Hays2","C","3 m",NA,5.5,"Mineral","",100,"Rock",17,"Mineral",5,6,NA,"yes","Hays2c",5.5,6,10,10.5,10,11,"",10,NA,NA,NA,NA,"Core","M1 and m2 both 5 cm, slightly compacted core","",""
"46","2024-08-05","Dry Creek","DrCr2","C","3 m",0.1,24,"Mineral,Water","",98,"Frozen Ground",37,"Mineral,Water",4.5,10,NA,"yes","DrCr2C",21,23,11,12,19,9,"",NA,5,NA,5,NA,"Core","","d8912997-6e53-4d57-87a4-6f86dbb7b11a",""
"47","2024-08-05","Dry Creek","DrCr2","C","6 m",0.1,20,"Mineral,Water","",101,">100cm",25,"Mineral,Water",1,2,4,"no","",NA,NA,NA,NA,NA,NA,"",NA,NA,NA,NA,NA,"","","","Green moss depth at ar 2.5. Not included in SOL measurement "
"48","2024-07-25","Haystack","Hays6","A","3 m",NA,7,"Mineral,Rock","",24,"Rock",3.5,"Mineral",13.5,11.5,NA,"yes","Hays6A",6.5,6,13,12,10,9.5,"",NA,0,NA,0,NA,"","No mineral soil sample taken too rocky and unable to remove rock","",""
"49","2024-07-25","Haystack","Hays6","A","6 m",NA,11,"Mineral","",52,"Rock",14.5,"Mineral",2.5,2.5,NA,"no","",NA,NA,NA,NA,NA,NA,"",NA,NA,NA,NA,NA,"","","",""
"50","2024-07-25","Haystack","Hays6","A","9 m",NA,16,"Mineral","",51,"Rock",3.5,"Mineral",13,8,15,"no","",NA,NA,NA,NA,NA,NA,"",NA,NA,NA,NA,NA,"","","",""
"51","2024-07-28","McCoy Creek","McCr1","B","3 m",NA,27,"Mineral","",39,"Frozen Ground",27,"Mineral",3,5.5,NA,"yes","McCr1B",23.5,21,10,9,12,12,"Bottom 2.5 cm organic came off with corer, in own bag for processing",NA,5,NA,5,NA,"","Top 2 cm mineral mixed with organic","","Sampling between tussocks, very wet, standing water at 30 cm depth, AR hole depth same as sample depth"
"52","2024-07-28","McCoy Creek","McCr1","B","6 m",NA,23,"Water,Mineral","",39,"Frozen Ground",19,"Mineral",11,10,12,"no","",NA,NA,NA,NA,NA,NA,"",NA,NA,NA,NA,NA,"","","","Standing water at 10 cm below surface"
"53","2024-07-30","Nugget Creek","NuCr2","A","3 m",NA,36.5,"Rock","",98,"Rock",25,"Mineral",19,17,1,"yes","NuCr2A",31,30,9,6,11.5,9,"",NA,0,NA,0,NA,"","","","Sampled at 3.1 m due to CWD, unable to sample mineral because too rocky."
"54","2024-07-30","Nugget Creek","NuCr2","A","6 m",NA,50,"Mineral","",61,"Rock",19,"Mineral",20,20,NA,"no","",NA,NA,NA,NA,NA,NA,"",NA,NA,NA,NA,NA,"","","","Closest tree to depth hole is in moss hummock with no exposed AR and same SOL depth. Recorded data for AR here is tree 1m away that has greater extent of burn than at transect"
"55","2024-07-29","McCoy Creek","McCr6","A","3 m",NA,28,"Mineral","",68,"Frozen Ground",32,"Mineral",3.5,4,NA,"yes","McCr6A",23,25,12,8,10,11,"",NA,5,NA,5,NA,"","","",""
"56","2024-07-29","McCoy Creek","McCr6","A","6 m",NA,41,"Mineral","",48,"Frozen Ground",31,"Mineral",4,6,NA,"no","",NA,NA,NA,NA,NA,NA,"",NA,NA,NA,NA,NA,"","","",""
"57","2024-08-02","Teklanika","Tekl5","C","3 m",0,7.5,"Mineral","",57,"Rock",8,"Mineral",1,2,2,"yes","Tekl5C",6,7.5,10,10.5,10.5,10.5,"",NA,5,NA,5,NA,"Core","","7e805d36-618a-4ec5-a687-6d5983e3fd5b","Too wet for labeling, rely on paper slips"
"58","2024-08-02","Teklanika","Tekl5","C","6 m",0,1,"Mineral","",84,"Rock",6,"Mineral",4,4,4,"no","",NA,NA,NA,NA,NA,NA,"",NA,NA,NA,NA,NA,"","","",""
"59","2024-07-16","Shovel creek","ShCr4","B","3 m",NA,0,"Rock","",0,"Rock",NA,"",NA,NA,NA,"no","",NA,NA,NA,NA,NA,NA,"",NA,NA,NA,NA,NA,"","","",""
"60","2024-07-16","Shovel creek","ShCr4","B","6 m",NA,5.5,"Rock","",5.5,"Rock",NA,"",NA,NA,NA,"no","",NA,NA,NA,NA,NA,NA,"",NA,NA,NA,NA,NA,"","","",""
"61","2024-07-16","Shovel creek","ShCr4","B","9 m",NA,0,"Rock","",0,"Rock",NA,"",NA,NA,NA,"no","",NA,NA,NA,NA,NA,NA,"",NA,NA,NA,NA,NA,"","","",""
"62","2024-07-15","Lost horse","LoHo3","C","9 m",NA,10.5,"Mineral","",74,"Rock",8,"Mineral",13,16,13,"no","",NA,NA,NA,NA,NA,NA,"",NA,NA,NA,NA,NA,"","","",""
"63","2024-07-15","Lost horse","LoHo3","C","6 m",NA,5.5,"Mineral","",89,"Rock",6,"Mineral",12,10,7.5,"no","",NA,NA,NA,NA,NA,NA,"",NA,NA,NA,NA,NA,"","","",""
"64","2024-07-15","Lost horse","LoHo3","C","3 m",NA,10.5,"Mineral,Rock","",82,"Frozen Ground",4.5,"Mineral",22,20,21,"yes","Loho3c",10,9.5,10,11,10,10,"",10,5,NA,5,NA,"","","",""
"65","2024-07-23","Hess Creek","HeCr6","B","3 m",NA,16.5,"Mineral","",101,">100cm",NA,"",NA,NA,NA,"no","",NA,NA,NA,NA,NA,NA,"",NA,NA,NA,NA,NA,"","","",""
"66","2024-07-23","Hess Creek","HeCr6","B","6 m",NA,13,"Mineral","",85,"Frozen Ground",NA,"",NA,NA,NA,"no","",NA,NA,NA,NA,NA,NA,"",NA,NA,NA,NA,NA,"","","",""
"67","2024-07-23","Hess Creek","HeCr6","B","9 m",NA,23,"Mineral","",101,">100cm",NA,"",NA,NA,NA,"no","",NA,NA,NA,NA,NA,NA,"",NA,NA,NA,NA,NA,"","","",""
"68","2024-08-01","Munson Creek","MuCr3","C","3 m",3.5,29,"Mineral,Water","",42,"Frozen Ground",27.5,"Mineral",6,10,NA,"yes","MuCr3C",24,26,12,11,10,9,"Unburned sphagnum. Take that into account when thinking about green moss. ",NA,3,NA,8,NA,"","M1 came off with brownie. Depth of 3 but length and width of brownie. M2 taken with corer below. As sampling hole filled with water, so depth might not be accurate. Cored until frozen ground","d4c9102e-27ec-4abe-955b-7dd96c08e17d",""
"69","2024-08-01","Munson Creek","MuCr3","C","6 m",0,19,"Mineral,Water","",36,"Frozen Ground",23,"Mineral,Water",3,4,NA,"no","",NA,NA,NA,NA,NA,NA,"",NA,NA,NA,NA,NA,"","","",""
"70","2024-07-30","Nugget Creek","NuCr2","C","3 m",NA,17,"Mineral","",101,">100cm",8,"Mineral",22,20,NA,"yes","NuCr2C",17,18,8,5,9.5,9,"",NA,4,5,0,NA,"","Very top of m1 mixed with organic, no m2 sample because too rocky to core.","","0.1m off transect to avoid cwd"
"71","2024-07-30","Nugget Creek","NuCr2","C","6 m",NA,35,"Mineral,Rock","",14,">100cm",101,"Mineral,Rock",7,17,5,"no","",NA,NA,NA,NA,NA,NA,"",NA,NA,NA,NA,NA,"","","",""
"72","2024-08-04","Munson Creek","MuCr4","B","3 m",0,9,"Mineral","",101,">100cm",9,"Mineral,Rock",14,24,20,"yes","MuCr4B",11,12,8.5,9.5,10,9,"Crumbly",NA,5,NA,5,NA,"Core","","26f0b36c-6aea-445e-a7ec-83194761c58b",""
"73","2024-08-04","Munson Creek","MuCr4","B","6 m",0,34,"Mineral,Rock","",101,"Rock,>100cm",38,"Mineral,Rock",14,10,NA,"no","",NA,NA,NA,NA,NA,NA,"",NA,NA,NA,NA,NA,"","","",""
"74","2024-07-25","Haystack","Hays6","B","3 m",NA,12,"Mineral","",46,"Rock",3,"Mineral",10,11.5,NA,"yes","Hays6B",9.5,10,11,10.5,11.5,10,"Bottom crumbly. Bottom 1.5 cm of organic came off with soil corer, in its own bag for processing.",NA,5,NA,5,NA,"","","",""
"75","2024-07-25","Haystack","Hays6","B","6 m",NA,19,"Mineral","",66,"Rock",8.5,"Rock",8,19,15,"no","",NA,NA,NA,NA,NA,NA,"",NA,NA,NA,NA,NA,"","","",""
"76","2024-07-25","Haystack","Hays6","B","9 m",NA,12.5,"Mineral","",42,"Rock",7,"Mineral",13,3,10.5,"no","",NA,NA,NA,NA,NA,NA,"",NA,NA,NA,NA,NA,"","","",""
"77","2024-07-16","Shovel creek","ShCr3","C","3 m",NA,3.5,"Mineral","",17,"Rock",NA,"",NA,NA,NA,"no","",NA,NA,NA,NA,NA,NA,"",NA,NA,NA,NA,NA,"","","",""
"78","2024-07-16","Shovel creek","ShCr3","C","6 m",NA,9.5,"Mineral","",52,"Rock",NA,"",NA,NA,NA,"no","",NA,NA,NA,NA,NA,NA,"",NA,NA,NA,NA,NA,"","","",""
"79","2024-07-16","Shovel creek","ShCr3","C","9 m",NA,5.5,"Rock","",5.5,"Rock",NA,"",NA,NA,NA,"no","",NA,NA,NA,NA,NA,NA,"",NA,NA,NA,NA,NA,"","","",""
"80","2024-07-15","Lost Horse","LoHo2","C","3 m",NA,6,"Mineral,Rock","",67,"Rock",3.5,"Mineral",21,18,19,"yes","LoHo2C",7,5.5,8.5,10,9,NA,"",NA,5,NA,5,NA,"Core","Big rock removed before mineral","",""
"81","2024-07-15","Lost Horse","LoHo2","C","6 m",NA,13,"Mineral","",65,"Rock",4,"Mineral",13,11,13.5,"no","",NA,NA,NA,NA,NA,NA,"",NA,NA,NA,NA,NA,"","","",""
"82","2024-07-15","Lost Horse","LoHo2","C","9 m",NA,5.5,"Mineral","",77,"Rock",5.5,"Mineral",16,18,24,"no","",NA,NA,NA,NA,NA,NA,"",NA,NA,NA,NA,NA,"","","",""
"83","2024-07-23","Hess Creek","HeCr4","A","6 m",NA,19,"Mineral","",101,">100cm",19,"Mineral",5,7,4,"no","",NA,NA,NA,NA,NA,NA,"",NA,NA,NA,NA,NA,"","","",""
"84","2024-07-23","Hess Creek","HeCr4","A","9 m",NA,26,"Mineral","",55,"Frozen Ground",NA,"",NA,NA,NA,"no","",NA,NA,NA,NA,NA,NA,"",NA,NA,NA,NA,NA,"","","",""
"85","2024-07-23","Hess Creek","HeCr4","A","3 m",NA,27,"Mineral","",58,"Frozen Ground",NA,"",NA,NA,NA,"no","",NA,NA,NA,NA,NA,NA,"",NA,NA,NA,NA,NA,"","","",""
"86","2024-08-06","Dry Creek","DrCr5","B","3 m",0,9,"Mineral","",60,"Mineral",7,"Mineral",10,12,11,"yes","DrCr5B",10,11.5,10,10.5,10,10,"",NA,5,NA,5,NA,"Core","","","Mineral too dense to probe further"
"87","2024-08-06","Dry Creek","DrCr5","B","6 m",0,3,"Mineral","",58,"Mineral",4,"Mineral",9,10,13,"no","",NA,NA,NA,NA,NA,NA,"",NA,NA,NA,NA,NA,"","","","Mineral too dense to probe "
"88","2024-08-03","Teklanika","Tekl2","C","3 m",0.1,6,"Mineral","",101,">100cm",11,"Mineral",12,9,NA,"yes","Tekl2C",7,6.5,10,9,10,10,"",NA,5,NA,5,NA,"Core","","",""
"89","2024-08-03","Teklanika","Tekl2","C","6 m",0,8,"Mineral","",86,"Rock",20,"Mineral",18,11,NA,"no","",NA,NA,NA,NA,NA,NA,"",NA,NA,NA,NA,NA,"","","",""
"90","2024-08-06","Dry Creek","DrCr6","A","3 m",0,16,"Mineral,Water","",101,">100cm",16,"Mineral,Water",4,3,4,"yes","DrCr6A",20,20,7,7,8.5,8,"",NA,6,NA,4,NA,"Core","","",""
"91","2024-08-06","Dry Creek","DrCr6","A","6 m",0,25,"Mineral,Water","",101,">100cm",31,"Mineral,Water",8,7.5,5,"no","",NA,NA,NA,NA,NA,NA,"",NA,NA,NA,NA,NA,"","","",""
"92","2024-07-15","Lost horse","LoHo3","B","9 m",NA,11,"Mineral","",67,"Rock",8,"Mineral",17,13,7,"no","",NA,NA,NA,NA,NA,NA,"",NA,NA,NA,NA,NA,"","","",""
"93","2024-07-15","Lost horse","LoHo3","B","6 m",NA,17,"Mineral","",83,"Rock",18,"Mineral",10,6,11,"no","",NA,NA,NA,NA,NA,NA,"",NA,NA,NA,NA,NA,"","","",""
"94","2024-07-15","Lost horse","LoHo3","B","3 m",NA,9.5,"Mineral","",120,">100cm,Rock",7.6,"Mineral",6,5,4.5,"yes","Loho3b",8,7.5,10.5,11,10.5,11,"",10,5,NA,5,NA,"Core","","",""
"95","2024-08-02","Teklanika","Tekl5","A","3 m",0,9,"Mineral","",58,"Rock",21,"Mineral",8,7,7,"yes","Tekl5A",7.5,8,9.5,9,9,10,"",NA,5,NA,5,NA,"Core","","e4579ffd-b283-4ff6-8c78-ceac405c5a6e","Very rainy, sharpie not working, rely on rite in rain paper slips"
"96","2024-08-02","Teklanika","Tekl5","A","6 m",0,15,"Mineral","",65,"Rock",13,"Mineral",6,5,NA,"no","",NA,NA,NA,NA,NA,NA,"",NA,NA,NA,NA,NA,"","","",""
"97","2024-07-17","Shovel Creek","ShCr5","B","3 m",NA,0.5,"Rock","",0.5,"Rock",NA,"",NA,NA,NA,"no","",NA,NA,NA,NA,NA,NA,"",NA,NA,NA,NA,NA,"","","",""
"98","2024-07-17","Shovel Creek","ShCr5","B","6 m",NA,25,"Mineral","",45,"Rock",NA,"",NA,NA,NA,"no","",NA,NA,NA,NA,NA,NA,"",NA,NA,NA,NA,NA,"","","","Unburned moss patch"
"99","2024-07-17","Shovel Creek","ShCr5","B","9 m",NA,16,"Mineral","",18,"Rock",NA,"",NA,NA,NA,"no","",NA,NA,NA,NA,NA,NA,"",NA,NA,NA,NA,NA,"","","",""
"100","2024-08-03","Teklanika","Tekl1","C","3 m",0,7,"Mineral,Rock","",25,"Rock",9,"Mineral,Rock",3,2,NA,"yes","Tekl1C",7,7.5,10,10,9.5,9,"",NA,5,NA,5,NA,"","M1 volumetric, but very rocky so medium confidence. Large rock of 3cm in sample. 2 cm of rock removed between m1 and m2. M2 grab sample due to rockiness ","4b11a22e-efd3-4fc4-8922-8929e30e40e6",""
"101","2024-08-03","Teklanika","Tekl1","C","6 m",0,13,"Mineral,Rock","",34,"Rock",14,"Mineral,Rock",4,3,6,"no","",NA,NA,NA,NA,NA,NA,"",NA,NA,NA,NA,NA,"","","",""
"102","2024-08-02","Teklanika","Tekl6","B","3 m",0,13,"Mineral","",60,"Rock",9,"Mineral",31,3,4.5,"yes","Tekl6",14,11,9,9,10.5,10,"",NA,5,NA,NA,5,"Core","","fecfe12e-6d96-4300-b734-f5b0207189f7","Sampled at 13.2 because of standing tree"
"103","2024-08-02","Teklanika","Tekl6","B","6 m",0,12,"Mineral","",27,"Rock",11.5,"Mineral",6,6,7,"no","",NA,NA,NA,NA,NA,NA,"",NA,NA,NA,NA,NA,"","","",""
"104","2024-08-01","Munson Creek","MuCr1","A","3 m",0,15,"Mineral","",49,"Rock",30,"Mineral",5.5,3.5,NA,"yes","MuCr1A",14,13.5,10,10,10,10.5,"",NA,5,NA,5,NA,"Core","","",""
"105","2024-08-01","Munson Creek","MuCr1","A","6 m",0,8,"Mineral","",51,"Rock",5,"Mineral",9.5,3,5,"no","",NA,NA,NA,NA,NA,NA,"",NA,NA,NA,NA,NA,"","","",""
"106","2024-08-01","Munson Creek","MuCr1","C","3 m",0,8.5,"Mineral","",82,"Rock",6,"Mineral",6,10,NA,"yes","MuCr1C",10.5,5,10.5,11,12.5,12,"SOL is uneven, so sample may contain some mineral",NA,5,NA,5,NA,"Core","Odd organic deposit below m1 and mixed with m2. Bottom 6 cm of mineral core ","4e6679ca-d165-4b05-ad56-41a42003e1b6,3ec750c6-e573-4cbb-b785-edb4a79cd236",""
"107","2024-08-01","Munson Creek","MuCr1","C","6 m",0,32,"Mineral","",58,"Frozen Ground",31,"Mineral",14,9,18,"no","",NA,NA,NA,NA,NA,NA,"",NA,NA,NA,NA,NA,"","","","Between burned tussocks"
"108","2024-08-05","Dry Creek","DrCr2","B","3 m",0.1,22,"Mineral","",67,"Frozen Ground",37,"Mineral",1,NA,NA,"yes","DrCr2B",25,23.5,10.5,10.5,11,11,"",NA,5,NA,5,NA,"Core","","793836fd-cf73-4da9-9917-197b84ef0bd5","No at roots visible on nearby trees"
"109","2024-08-05","Dry Creek","DrCr2","B","6 m",0.1,29,"Mineral,Water","",73,"Frozen Ground",29,"Mineral,Water",6,7,4,"no","",NA,NA,NA,NA,NA,NA,"",NA,NA,NA,NA,NA,"","","",""
"110","2024-08-03","Teklanika","Tekl3","C","3 m",0,21,"Mineral,Rock","",51,"Rock",21,"Mineral,Rock",4,5,NA,"yes","Tekl3C",22.5,25,10.5,11.5,9,9.5,"",NA,5,NA,3,NA,"Core","Too rocky to core further","",""
"111","2024-08-03","Teklanika","Tekl3","C","6 m",0,19,"Rock","",66,"Rock",22,"Rock,Mineral",2,3,6,"no","",NA,NA,NA,NA,NA,NA,"",NA,NA,NA,NA,NA,"","","",""
"112","2024-07-16","Shovel creek","ShCr4","A","3 m",NA,27,"Rock","",27,"Rock",NA,"",NA,NA,NA,"no","",NA,NA,NA,NA,NA,NA,"",NA,NA,NA,NA,NA,"","","",""
"113","2024-07-16","Shovel creek","ShCr4","A","6 m",NA,33,"Rock","",33,"Rock",NA,"",NA,NA,NA,"no","",NA,NA,NA,NA,NA,NA,"",NA,NA,NA,NA,NA,"","","",""
"114","2024-07-16","Shovel creek","ShCr4","A","9 m",NA,3.5,"Rock","",3.5,"Rock",NA,"",NA,NA,NA,"no","",NA,NA,NA,NA,NA,NA,"",NA,NA,NA,NA,NA,"","","",""
"115","2024-07-22","Hess Creek","HeCr1","B","3 m",NA,11,"Rock","",59,"Rock",NA,"",NA,NA,NA,"no","",NA,NA,NA,NA,NA,NA,"",NA,NA,NA,NA,NA,"","","",""
"116","2024-07-22","Hess Creek","HeCr1","B","6 m",NA,11,"Rock","",48,"Rock",NA,"",NA,NA,NA,"no","",NA,NA,NA,NA,NA,NA,"",NA,NA,NA,NA,NA,"","","",""
"117","2024-07-22","Hess Creek","HeCr1","B","9 m",NA,12,"Mineral","",25,"Rock",NA,"",NA,NA,NA,"no","",NA,NA,NA,NA,NA,NA,"",NA,NA,NA,NA,NA,"","","",""
"118","2024-07-22","Hess Creek","HeCr3","C","3 m",NA,27,"Mineral","",81,"Rock",NA,"",NA,NA,NA,"no","",NA,NA,NA,NA,NA,NA,"",NA,NA,NA,NA,NA,"","","","Moved to 12.5 to avoid tussock"
"119","2024-07-22","Hess Creek","HeCr3","C","6 m",NA,14,"Mineral","",101,">100cm",NA,"",NA,NA,NA,"no","",NA,NA,NA,NA,NA,NA,"",NA,NA,NA,NA,NA,"","","",""
"120","2024-07-22","Hess Creek","HeCr3","C","9 m",NA,13.5,"Mineral","",94,"Rock",NA,"",NA,NA,NA,"no","",NA,NA,NA,NA,NA,NA,"",NA,NA,NA,NA,NA,"","","",""
"121","2024-07-25","Haystack","Hays6","C","3 m",NA,26,"Mineral","",74,"Rock",19,"Rock",7,6,NA,"yes","Hays6C",21,22,12,11,8,9,"3 cm deep rock removed between organic and mineral ",NA,5,NA,0,NA,"","Very rocky and difficult to remove mineral soil samples. Depth of M1 estimate based of hole depth, sample came out in multiple pieces because of rock. Surface contains some organic. No M2 sample because of rock","",""
"122","2024-07-25","Haystack","Hays6","C","6 m",NA,7,"Mineral","",78,"Rock",18,"Mineral",7,5,3,"no","",NA,NA,NA,NA,NA,NA,"",NA,NA,NA,NA,NA,"","","",""
"123","2024-07-25","Haystack","Hays6","C","9 m",NA,8,"Mineral","",82,"Rock",7,"Mineral",8,12,17,"no","",NA,NA,NA,NA,NA,NA,"",NA,NA,NA,NA,NA,"","","",""
"124","2024-07-28","McCoy Creek","McCr1","A","3 m",NA,25,"Mineral,Water","",57,"Frozen Ground",27,"Mineral,Water",5,3,4,"yes","McCr1",24,25,12,11,10,9,"Sphagnum, standing water at 20 cm, mineral at 37",NA,5,NA,0,NA,"Grab","Unable to core volumetrically, m1 sample is approximate depth grab sample from core estimated based on hole depth. No m2 sample.","","Very wet, standing water while sampling, ar hole depth to mineral"
"125","2024-07-28","McCoy Creek","McCr1","A","6 m",NA,6.5,"Mineral","",48,"Frozen Ground",22,"Mineral",6,7,NA,"no","",NA,NA,NA,NA,NA,NA,"",NA,NA,NA,NA,NA,"","","","6.5 cm of standing water above soil surface "
"126","2024-07-14","Haystack","Hays1","B","3 m",NA,12,"Mineral","",120,"Rock",1.5,"Mineral",6,3,5,"yes","Hays1b",11.5,11,12,12,12,13,"",10,NA,NA,NA,NA,"Core","M1 and m2 both 5 cm","",""
"127","2024-07-14","Haystack","Hays1","B","6 m",NA,3,"Mineral","",65,"Rock",7.5,"Mineral",10,3,NA,"no","",NA,NA,NA,NA,NA,NA,"",NA,NA,NA,NA,NA,"","","",""
"128","2024-07-14","Haystack","Hays1","B","9 m",NA,10,"Mineral","",75,"Frozen Ground",7,"Mineral",6,8,NA,"no","",NA,NA,NA,NA,NA,NA,"",NA,NA,NA,NA,NA,"","","",""
"129","2024-07-14","Haystack","Hays2","B","6 m",NA,10.5,"Mineral","",80,"Rock",9.5,"Mineral",20,10,15,"no","",NA,NA,NA,NA,NA,NA,"",NA,NA,NA,NA,NA,"","","",""
"130","2024-07-14","Haystack","Hays2","B","9 m",NA,13,"Mineral","",70,"Rock",5.5,"Mineral",5,7,12,"no","",NA,NA,NA,NA,NA,NA,"",NA,NA,NA,NA,NA,"","","",""
"131","2024-07-14","Haystack","Hays2","B","3 m",NA,11,"Mineral","",83,"Rock",7,"Mineral",10,13,17,"yes","Hays2c",10,8,10,10,11,11,"",10,NA,NA,NA,NA,"Core","M1 and m2 both 5 cm","",""
"132","2024-08-06","Dry Creek","DrCr4","C","3 m",0,11.5,"Mineral","",87,"Mineral",7,"Mineral",7,8,5,"yes","DrCr4C",10,10,10,9,9.5,9,"",NA,5,NA,5,NA,"Core","","","Really hard packed mineral, hard to get thaw probe through"
"133","2024-08-06","Dry Creek","DrCr4","C","6 m",0,12,"Mineral","",62,"Mineral",7,"Mineral",8,6,NA,"no","",NA,NA,NA,NA,NA,NA,"",NA,NA,NA,NA,NA,"","","","Mineral very dense, hard to get that probe deep"
"134","2024-07-31","Nugget Creek","NuCr6","B","3 m",NA,4,"Mineral,Rock","",77,"Rock",4,"Mineral",23,21,30,"yes","NuCr6B",3.5,5,10.5,10,11,11,"",NA,7.5,NA,2,NA,"","Very rocky below organic, difficult to sample. M1 sample is grab sample of approximately top 7.5 cm, not sampled volumetrically. M2 sample taken below grab sample, 2 cm sampled volumetrically, unable to core deeper due to rock","","AR measured on downed tree, measuring depth of AR to bottom of tree roots, depth in AR SOL is burned prefire organic with some mixture of post fire organic and mineral deposition. Depth of char layer alone is 1.5 cm"
"135","2024-07-31","Nugget Creek","NuCr6","B","6 m",NA,8.5,"Mineral","",31,"Rock",4,"Mineral",34,35,NA,"no","",NA,NA,NA,NA,NA,NA,"",NA,NA,NA,NA,NA,"","","","AR measured on downed tree, AR to bottom of roots, AR SOL doesn’t include green moss but does include mix of post fire organic mineral deposition, just char layer is 1.5 cm."
"136","2024-08-02","Teklanika","Tekl5","B","3 m",0,33,"Mineral,Water","",81,"Rock",31,"Mineral,Water",12,13,NA,"no","Tekl5B",33,34,9.5,10,8,8.5,"",NA,NA,NA,0,NA,"Grab","No m2. M1 is a grab sample of 7cm. Organic hole filled with water, mineral sample mixed with water, couldn’t be sampled volumetrically","bd97a4c3-6d85-4eb5-853d-cfcfa834e50f","Too wet for labels, rely on paper slips"
"137","2024-08-02","Teklanika","Tekl5","B","6 m",0,15,"Mineral","",55,"Rock",10,"Mineral",2,7,4,"no","",NA,NA,NA,NA,NA,NA,"",NA,NA,NA,NA,NA,"","","",""
"138","2024-08-06","Dry Creek","DrCr6","C","3 m",0,21,"Mineral","",101,">100cm",23,"Mineral",7,6,NA,"yes","DrCr6C",20,21.5,10.5,10,9.5,10,"",NA,5,NA,5,NA,"Core","","",""
"139","2024-08-06","Dry Creek","DrCr6","C","6 m",0,26,"Mineral","",101,">100cm",24,"Mineral",5,8,11,"no","",NA,NA,NA,NA,NA,NA,"",NA,NA,NA,NA,NA,"","","",""
"140","2024-07-23","Hess Creek","HeCr4","C","3 m",NA,25,"Mineral","",101,">100cm",NA,"",NA,NA,NA,"no","",NA,NA,NA,NA,NA,NA,"",NA,NA,NA,NA,NA,"","","",""
"141","2024-07-23","Hess Creek","HeCr4","C","6 m",NA,16,"Mineral","",89,"Frozen Ground",NA,"",NA,NA,NA,"no","",NA,NA,NA,NA,NA,NA,"",NA,NA,NA,NA,NA,"","","",""
"142","2024-07-23","Hess Creek","HeCr4","C","9 m",NA,46,"Frozen Ground","",46,"Frozen Ground",NA,"",NA,NA,NA,"no","",NA,NA,NA,NA,NA,NA,"",NA,NA,NA,NA,NA,"","","",""
"143","2024-07-14","Haystack","Hays3","C","9 m",NA,11,"Mineral","",68,"Frozen Ground",9,"Mineral",12,14,7,"no","",NA,NA,NA,NA,NA,NA,"",NA,NA,NA,NA,NA,"","","",""
"144","2024-07-14","Haystack","Hays3","C","6 m",NA,18,"Mineral","",85,"Frozen Ground",16,"Mineral",7,12,8,"no","",NA,NA,NA,NA,NA,NA,"",NA,NA,NA,NA,NA,"","","",""
"145","2024-07-14","Haystack","Hays3","C","3 m",NA,7,"Mineral","",82,"Rock",13,"Mineral",12,19,12,"yes","Hays3c",7,7,13,12,8,9,"",10,NA,NA,NA,NA,"Core","M1 and m2 5 cm deep","",""
"146","2024-07-23","Hess Creek","HeCr6","C","3 m",NA,27,"Rock","",101,">100cm",NA,"",NA,NA,NA,"no","",NA,NA,NA,NA,NA,NA,"",NA,NA,NA,NA,NA,"","","",""
"147","2024-07-23","Hess Creek","HeCr6","C","6 m",NA,22,"Rock","",101,">100cm",NA,"",NA,NA,NA,"no","",NA,NA,NA,NA,NA,NA,"",NA,NA,NA,NA,NA,"","","",""
"148","2024-07-23","Hess Creek","HeCr6","C","9 m",NA,36,"Mineral","",101,">100cm",NA,"",NA,NA,NA,"no","",NA,NA,NA,NA,NA,NA,"",NA,NA,NA,NA,NA,"","","",""
"149","2024-07-25","Haystack","Hays5","C","3 m",NA,7,"Mineral,Rock","",66,"Rock",5.5,"Mineral",3,NA,NA,"yes","Hays5C",8,6,7.5,8,14,13,"Ash moss mineral mix at bottom of sample, sample uneven at an angle.",NA,5,NA,5,NA,"Core","M1 sample contains some organic, at interface ","",""
"150","2024-07-25","Haystack","Hays5","C","6 m",NA,2,"Mineral","",67,"Rock",12,"Mineral",3,6,NA,"no","",NA,NA,NA,NA,NA,NA,"",NA,NA,NA,NA,NA,"","","",""
"151","2024-07-25","Haystack","Hays5","C","9 m",NA,9.5,"Mineral","",43,"Rock",4.5,"Mineral",11,18,20,"no","",NA,NA,NA,NA,NA,NA,"",NA,NA,NA,NA,NA,"","","",""
"152","2024-07-14","Haystack","Hays1","C","3 m",NA,3,"Mineral","",78,"Frozen Ground",5,"Rock",11,10.5,10,"yes","HAYS1c",3,3,8,7,11,11.5,"",10,NA,NA,NA,NA,"Core","M1 5, m2 5 cm","",""
"153","2024-07-14","Haystack","Hays1","C","6 m",NA,13.5,"Mineral","",65,"Frozen Ground",8,"Mineral",9,8,13,"no","",NA,NA,NA,NA,NA,NA,"",NA,NA,NA,NA,NA,"","","",""
"154","2024-07-14","Haystack","Hays1","C","9 m",NA,5,"Mineral","",82,"Frozen Ground",10,"Mineral",9,8,9,"no","",NA,NA,NA,NA,NA,NA,"",NA,NA,NA,NA,NA,"","","",""
"155","2024-07-28","McCoy Creek","McCr4","A","6 m",NA,7,"Mineral","",82,"Rock",1.5,"Mineral",14,23.5,23,"no","",NA,NA,NA,NA,NA,NA,"Burned moss hummock",NA,NA,NA,NA,NA,"","","","AR SOL is char and green moss"
"156","2024-07-28","McCoy Creek","McCr4","A","3 m",NA,3,"Mineral","",86,"Frozen Ground",5.5,"Mineral",19,17,23,"yes","McCr4A",3.5,4,9.5,10.5,12,12,"Organic primarily char and charred CWD",NA,5,NA,5,NA,"","Top of mineral appears mixed with organic, lots of fine roots","",""
"157","2024-08-03","Teklanika","Tekl2","A","3 m",0.5,7.5,"Mineral","",70,"Rock",15,"Mineral",16,12,10,"yes","Tekl2A",7,6.5,10,11,10,10,"",NA,5,NA,5,NA,"Core","","be83b034-dea4-4882-a736-fb2d600998d4",""
"158","2024-08-03","Teklanika","Tekl2","A","6 m",0.5,13.5,"Mineral","",65,"Rock",8.5,"Mineral",19,18,18,"no","",NA,NA,NA,NA,NA,NA,"",NA,NA,NA,NA,NA,"","","",""
"159","2024-07-30","Nugget Creek","NuCr3","C","6 m",NA,6,"Mineral","",53,"Rock",9,"Mineral",16,19,9.5,"no","",NA,NA,NA,NA,NA,NA,"",NA,NA,NA,NA,NA,"","","","AR SOL depth does not include green moss "
"160","2024-07-30","Nugget Creek","NuCr3","C","3 m",NA,5,"Mineral","",45,"Rock",2,"Mineral",18,16,11,"yes","NuCr3C",6,4,8,9,11,11,"",NA,5,NA,5,NA,"","","",""
"161","2024-07-29","McCoy Creek","McCr6","B","3 m",NA,23,"Mineral","",61,"Frozen Ground",35,"Mineral",21,12.5,6,"yes","McCr6B",27,24,11,9,11.5,23,"",NA,5,NA,5,NA,"","","",""
"162","2024-07-29","McCoy Creek","McCr6","B","6 m",NA,37,"Mineral","",56,"Frozen Ground",30,"Mineral",3,10,NA,"no","",NA,NA,NA,NA,NA,NA,"",NA,NA,NA,NA,NA,"","","",""
"163","2024-07-16","Shovel creek","ShCr3","B","3 m",NA,5.5,"Mineral","",24,"Rock",NA,"",NA,NA,NA,"no","",NA,NA,NA,NA,NA,NA,"",NA,NA,NA,NA,NA,"","","",""
"164","2024-07-16","Shovel creek","ShCr3","B","6 m",NA,1.5,"Rock","",1.5,"Rock",NA,"",NA,NA,NA,"no","",NA,NA,NA,NA,NA,NA,"",NA,NA,NA,NA,NA,"","","",""
"165","2024-07-16","Shovel creek","ShCr3","B","9 m",NA,6,"Rock,Mineral","",10,"Rock",NA,"",NA,NA,NA,"no","",NA,NA,NA,NA,NA,NA,"",NA,NA,NA,NA,NA,"","","",""
"166","2024-08-02","Teklanika","Tekl6","A","3 m",0,9.5,"Mineral","",38,"Rock",10,"Mineral",5,4.5,10,"no","Tekl6A",8,8.5,11,11,10,10,"",NA,5,NA,5,NA,"Core","","c885249a-f8a0-4013-839c-807f33550753",""
"167","2024-08-02","Teklanika","Tekl6","A","6 m",0,16,"Mineral","",50,"Rock",0.17,"Mineral",3,4,2,"no","",NA,NA,NA,NA,NA,NA,"",NA,NA,NA,NA,NA,"","","",""
"168","2024-07-16","Shovel creek","ShCr2","A","3 m",NA,9.5,"Mineral","",27,"Rock",NA,"",NA,NA,NA,"no","",NA,NA,NA,NA,NA,NA,"",NA,NA,NA,NA,NA,"","","",""
"169","2024-07-16","Shovel creek","ShCr2","A","6 m",NA,9.5,"Mineral","",25,"Rock",NA,"",NA,NA,NA,"no","",NA,NA,NA,NA,NA,NA,"",NA,NA,NA,NA,NA,"","","",""
"170","2024-07-16","Shovel creek","ShCr2","A","9 m",NA,9.5,"Mineral","",20,"Rock",NA,"",NA,NA,NA,"no","",NA,NA,NA,NA,NA,NA,"",NA,NA,NA,NA,NA,"","","",""
"171","2024-08-03","Teklanika","Tekl3","A","3 m",0,22,"Mineral,Water,Rock","",101,">100cm",27,"Mineral,Water",5,6,7,"yes","Tekl3A",22.5,24,11,11,9,8,"Hit water at 13",NA,9,NA,0,NA,"Core","Coring into water and rock. Sample volumetric, but dicey","",""
"172","2024-08-03","Teklanika","Tekl3","A","6 m",0,19,"Water,Mineral,Rock","",91,"Rock",23,"Water,Rock,Mineral",7,5,NA,"no","",NA,NA,NA,NA,NA,NA,"",NA,NA,NA,NA,NA,"","","",""
"173","2024-07-16","Shovel Creek","ShCr1","B","9 m",NA,21,"Mineral","",56,"Rock",NA,"",NA,NA,NA,"no","",NA,NA,NA,NA,NA,NA,"",NA,NA,NA,NA,NA,"","","",""
"174","2024-07-16","Shovel Creek","ShCr1","B","6 m",NA,41,"Mineral","",68,"Rock",NA,"",NA,NA,NA,"no","",NA,NA,NA,NA,NA,NA,"",NA,NA,NA,NA,NA,"","","","This is sphagnum "
"175","2024-07-16","Shovel Creek","ShCr1","B","3 m",NA,19.5,"Mineral","",58,"Rock",NA,"",NA,NA,NA,"no","",NA,NA,NA,NA,NA,NA,"",NA,NA,NA,NA,NA,"","","",""
"176","2024-07-28","McCoy Creek","McCr1","C","3 m",NA,24,"Mineral,Water","",56,"Frozen Ground",34,"Mineral",20,20,7,"yes","McCr1C",23,24,9,9,13,12,"",NA,5,NA,5,NA,"","Char in mineral sample! Legacy c!","",""
"177","2024-07-28","McCoy Creek","McCr1","C","6 m",NA,28,"Mineral","",50,"Frozen Ground",42,"Frozen Ground,Mineral",3,5.5,4,"no","",NA,NA,NA,NA,NA,NA,"",NA,NA,NA,NA,NA,"","","",""
"178","2024-07-17","Shovel Creek","ShCr6","B","3 m",NA,15,"Mineral","",23,"Rock",NA,"",NA,NA,NA,"no","",NA,NA,NA,NA,NA,NA,"",NA,NA,NA,NA,NA,"","","",""
"179","2024-07-17","Shovel Creek","ShCr6","B","6 m",NA,14,"Mineral","",75,"Rock",NA,"",NA,NA,NA,"no","",NA,NA,NA,NA,NA,NA,"",NA,NA,NA,NA,NA,"","","",""
"180","2024-07-17","Shovel Creek","ShCr6","B","9 m",NA,18,"Mineral","",24,"Rock",NA,"",NA,NA,NA,"no","",NA,NA,NA,NA,NA,NA,"",NA,NA,NA,NA,NA,"","","",""
"181","2024-07-17","Shovel Creek","ShCr5","C","3 m",NA,5.5,"Rock","",5.5,"Rock",NA,"",NA,NA,NA,"no","",NA,NA,NA,NA,NA,NA,"",NA,NA,NA,NA,NA,"","","",""
"182","2024-07-17","Shovel Creek","ShCr5","C","6 m",NA,8,"Rock,Mineral","",8,"Rock",NA,"",NA,NA,NA,"no","",NA,NA,NA,NA,NA,NA,"",NA,NA,NA,NA,NA,"","","",""
"183","2024-07-17","Shovel Creek","ShCr5","C","9 m",NA,3.5,"Mineral","",9.5,"Rock",NA,"",NA,NA,NA,"no","",NA,NA,NA,NA,NA,NA,"",NA,NA,NA,NA,NA,"","","",""
"184","2024-08-04","Munson Creek","MuCr5","A","3 m",0.1,30,"Mineral","",75,"Rock",22,"Mineral",6,7,NA,"yes","MuCr5A",31,34,8,10,9.5,10,"",NA,6,NA,3.5,NA,"Core","M1 very crumbly, both mixed with gravel","",""
"185","2024-08-04","Munson Creek","MuCr5","A","6 m",0.5,6,"Mineral","",48,"Rock",19,"Mineral,Rock",9,8,7,"no","",NA,NA,NA,NA,NA,NA,"",NA,NA,NA,NA,NA,"","","",""
"186","2024-08-03","Teklanika","Tekl2","B","3 m",0,9.5,"Mineral","",73,"Rock",7,"Mineral",13,10,12,"yes","Tekl2B",9,8.5,10,10,8.5,9.5,"",NA,5,NA,5,NA,"Core","","","Sampled at 13.2 because of cwd"
"187","2024-08-03","Teklanika","Tekl2","B","6 m",0.5,5,"Mineral","",75,"Rock",5,"Mineral",13,8,NA,"no","",NA,NA,NA,NA,NA,NA,"",NA,NA,NA,NA,NA,"","","",""
"188","2024-08-04","Munson Creek","MuCr4","C","3 m",0,36,"Rock","",92,"Rock",33,"Mineral,Rock",17,13,28,"yes","MuCr4C",36.5,36.5,9,10.5,9.5,11,"",NA,6.5,NA,6.5,NA,"Core","Top of mineral had organic soil plus large sand/gravel. Volumetric core taken to 13cm, but sample totally non consolidated, so fell apart immediately. Split in half for m1 and :2 ","187f5313-0e62-4baf-a6f8-dcb6f3f5845a",""
"189","2024-08-04","Munson Creek","MuCr4","C","6 m",0,19,"Mineral,Rock","",89,"Rock",9,"Mineral,Rock",16,9,17,"no","",NA,NA,NA,NA,NA,NA,"",NA,NA,NA,NA,NA,"","","",""
"190","2024-07-25","Haystack","Hays5","B","6 m",NA,17,"Mineral","",47,"Rock",14.5,"Mineral",12,7.5,NA,"no","",NA,NA,NA,NA,NA,NA,"",NA,NA,NA,NA,NA,"","","",""
"191","2024-07-25","Haystack","Hays5","B","9 m",NA,11.5,"Mineral","",88,"Rock",7,"Mineral",9,5,3.5,"no","",NA,NA,NA,NA,NA,NA,"",NA,NA,NA,NA,NA,"","","",""
"192","2024-07-25","Haystack","Hays5","B","3 m",NA,11.5,"Mineral","",20,"Rock",5,"Rock",9,3,NA,"yes","Hays5B",11,10.5,12,12.5,11,10,"Large root below organic sample difficult to remove. Taking remainder of organic as separate sample using corer, in separate bag for processing. Depth 3 cm.",NA,5,0,NA,NA,"","Rock below M1 sample, no M2 sample","",""
"193","2024-07-30","Nugget Creek","NuCr1","C","3 m",NA,7.5,"Rock","",63,"Rock",14.5,"Mineral",5,4,NA,"yes","NuCr1C",7,8,9,11,10,10.5,"Bottom 1 cm organic came off with mineral core in its own bag for processing",NA,5,NA,5,NA,"","0.5 cm rock removed between the upper 2 and lower 3 cm of M2 sample","",""
"194","2024-07-30","Nugget Creek","NuCr1","C","6 m",NA,5,"Mineral","",53,"Rock",3,"Mineral",29.5,21,24.5,"no","",NA,NA,NA,NA,NA,NA,"",NA,NA,NA,NA,NA,"","","","For all soils at this site - organic vs mineral not entirely clear, below char layer there is a mix of char, mineral, organic that is silty in texture and visually mineral but is held together with lots of fine roots. "
"195","2024-08-06","Dry Creek","DrCr5","A","3 m",0,8,"Mineral","",93,"Mineral",4,"Mineral",16,15,16,"yes","DrCr5A",8,7.5,10,10,10,9.5,"",NA,5,NA,5,NA,"Core","","","Mineral too dense for thaw probe"
"196","2024-08-06","Dry Creek","DrCr5","A","6 m",0,2,"Mineral","",67,"Mineral",2.5,"Mineral",13,11,12,"no","",NA,NA,NA,NA,NA,NA,"",NA,NA,NA,NA,NA,"","","","Mineral too dense for thaw probe "
"197","2024-07-22","Hess Creek","HeCr1","A","6 m",NA,9,"Rock","",24,"Rock",NA,"",NA,NA,NA,"no","",NA,NA,NA,NA,NA,NA,"",NA,NA,NA,NA,NA,"","","",""
"198","2024-07-22","Hess Creek","HeCr1","A","9 m",NA,11.5,"Mineral","",35,"Rock",NA,"",NA,NA,NA,"no","",NA,NA,NA,NA,NA,NA,"",NA,NA,NA,NA,NA,"","","",""
"199","2024-07-22","Hess Creek","HeCr1","A","3 m",NA,13.5,"Rock","",71,"Rock",NA,"",NA,NA,NA,"no","",NA,NA,NA,NA,NA,NA,"",NA,NA,NA,NA,NA,"","","",""
"200","2024-07-28","McCoy Creek","McCr4","C","6 m",NA,1,"Mineral","",101,">100cm",1,"Mineral",7,8,8,"no","",NA,NA,NA,NA,NA,NA,"Remaining organic is entirely char, both for transect and AR",NA,NA,NA,NA,NA,"","","",""
"201","2024-07-28","McCoy Creek","McCr4","C","3 m",NA,1.5,"Mineral","",101,">100cm",2.5,"Mineral",18.5,22,25.5,"yes","McCr4C",1.5,1.5,10,9.5,12,11.5,"",NA,5,NA,5,NA,"","","",""
"202","2024-07-18","Lost horse","LoHo6","C","3 m",NA,9.5,"Rock","",70,"Rock",2.5,"Mineral",10,8,NA,"yes","LoHo6C",9,10,10,10.5,9,9,"This is crumbling and bottom is falling apart 
Litter mixed in with it.",NA,5,NA,5,NA,"Core","","","Removed 6cm of rock between organic and mineral"
"203","2024-07-18","Lost horse","LoHo6","C","6 m",NA,8,"Rock","",53,"Rock",4.5,"Mineral,Rock",17,12,NA,"no","",NA,NA,NA,NA,NA,NA,"",NA,NA,NA,NA,NA,"","","",""
"204","2024-07-18","Lost horse","LoHo6","C","9 m",NA,5,"Mineral","",68,"Rock",0.5,"Mineral",18,17,NA,"no","",NA,NA,NA,NA,NA,NA,"",NA,NA,NA,NA,NA,"","","",""
"205","2024-07-28","McCoy Creek","McCr4","B","6 m",NA,1,"Mineral","",101,">100cm",0.1,"Mineral",22,20.5,NA,"no","",NA,NA,NA,NA,NA,NA,"All remaining organic is char",NA,NA,NA,NA,NA,"","","","AR tree uprooted, measuring depth of AR to remaining soil on tree roots. Soil on roots is mineral, with green moss growing on top, depth here is the depth of green moss to mineral soil on exposed roots."
"206","2024-07-28","McCoy Creek","McCr4","B","3 m",NA,2.5,"Mineral","",101,">100cm",0.1,"Mineral",23,24,NA,"yes","McCr4B",1.5,1.5,9,9.5,10,10.5,"",NA,5,NA,5,NA,"","","","AR tree uprooted, measuring adventitious roots to remaining mineral soil on roots, only organic on AR tree is green moss"
"207","2024-07-18","Lost horse","LoHo5","B","3 m",NA,13,"Mineral","",73,"Rock",8,"Mineral",10.5,7.5,5,"yes","LoHo5B",15,14,11,11,10,10,"",NA,5,NA,5,NA,"Core","","",""
"208","2024-07-18","Lost horse","LoHo5","B","6 m",NA,18.5,"Rock","",100,">100cm",20,"Rock",11,3.5,NA,"no","",NA,NA,NA,NA,NA,NA,"",NA,NA,NA,NA,NA,"","","",""
"209","2024-07-18","Lost horse","LoHo5","B","9 m",NA,1.5,"Mineral","",49,"Rock",4,"Mineral",18,15.5,22,"no","",NA,NA,NA,NA,NA,NA,"",NA,NA,NA,NA,NA,"","","",""
"210","2024-07-18","Lost horse","LoHo6","B","3 m",NA,7,"Mineral,Rock","",89,"Rock",9,"Rock",10,11,14,"yes","LoHo6B",7,6,10,10,10,9.5,"",NA,5,NA,5,NA,"Core","About 2cm of rocks removed between organic and mineral ","",""
"211","2024-07-18","Lost horse","LoHo6","B","6 m",NA,9,"Rock","",93,"Rock",9,"Mineral,Rock",14,10,NA,"no","",NA,NA,NA,NA,NA,NA,"",NA,NA,NA,NA,NA,"","","",""
"212","2024-07-18","Lost horse","LoHo6","B","9 m",NA,9,"Mineral","Organic ",74,"Rock",6.5,"Rock",15,12,19,"no","",NA,NA,NA,NA,NA,NA,"",NA,NA,NA,NA,NA,"","","",""
"213","2024-08-05","Dry Creek","DrCr1","B","3 m",0,30,"Mineral","",71,"Frozen Ground",24.5,"Mineral,Water",6.5,5,NA,"yes","DrCr1B",31,32,11,12,10.5,10.5,"",NA,5,NA,5,NA,"Core","","06b318f5-8efb-40c6-be72-35964d0b2776","Sampled at 13.3 due to tree roots "
"214","2024-08-05","Dry Creek","DrCr1","B","6 m",0.1,24,"Mineral,Water","",55,"Frozen Ground",30,"Mineral,Water",11,12,11,"no","",NA,NA,NA,NA,NA,NA,"",NA,NA,NA,NA,NA,"","","",""
"215","2024-07-30","Nugget Creek","NuCr2","B","3 m",NA,42,"Mineral","",82,"Rock",44,"Mineral",2,0,NA,"yes","NuCr2B",39,39,11,10,9,8,"",NA,4.5,NA,4.5,NA,"","","","Sampling at unburned sphagnum at 3m. M1 sample came off of bottom of organic sample, depth is estimated length and width are same dimensions as brownie. M2 sample taken as core below"
"216","2024-07-30","Nugget Creek","NuCr2","B","6 m",NA,41,"Rock","",101,">100cm",9,"Mineral",10,23,NA,"no","",NA,NA,NA,NA,NA,NA,"",NA,NA,NA,NA,NA,"","","",""
"217","2024-07-30","Nugget Creek","NuCr3","A","3 m",NA,11,"Mineral","",101,">100cm",3.5,"Mineral",16,14,NA,"yes","NuCr3A",11,9,11,11.5,10,9.5,"",NA,5,NA,5,NA,"","","","SOL depths include green moss (polytrichum) for sample, AR SOL depth does not include green moss"
"218","2024-07-30","Nugget Creek","NuCr3","A","6 m",NA,7,"Mineral","",101,">100cm",9,"Mineral",17.5,31,21,"no","",NA,NA,NA,NA,NA,NA,"",NA,NA,NA,NA,NA,"","","","AR SOL depth does not include green moss"
"219","2024-07-23","Hess Creek","HeCr5","C","3 m",NA,36,"Mineral","",101,">100cm",NA,"",NA,NA,NA,"no","",NA,NA,NA,NA,NA,NA,"",NA,NA,NA,NA,NA,"","","",""
"220","2024-07-23","Hess Creek","HeCr5","C","6 m",NA,15,"Mineral","",75,"Rock",NA,"",NA,NA,NA,"no","",NA,NA,NA,NA,NA,NA,"",NA,NA,NA,NA,NA,"","","",""
"221","2024-07-23","Hess Creek","HeCr5","C","9 m",NA,26,"Mineral","",82,"Frozen Ground",NA,"",NA,NA,NA,"no","",NA,NA,NA,NA,NA,NA,"",NA,NA,NA,NA,NA,"","","",""
"222","2024-07-15","Lost horse","LoHo2","A","3 m",NA,11,"Mineral","",55,"Rock",22,"Mineral",8,4,3,"yes","LoHo2 a",11,10,11,10,10,10,"",5,5,5,5,5,"Core","","",""
"223","2024-07-15","Lost horse","LoHo2","A","9 m",NA,10,"Mineral","",120,">100cm",0.5,"Mineral",23,20,NA,"no","",NA,NA,NA,NA,NA,NA,"",NA,NA,NA,NA,NA,"","","",""
"224","2024-07-15","Lost horse","LoHo2","A","6 m",NA,10.5,"Mineral","",74,"Rock",8,"Mineral",18,12,11,"no","",NA,NA,NA,NA,NA,NA,"",NA,NA,NA,NA,NA,"","","",""
"225","2024-07-15","Lost horse","LoHo1","A","9 m",NA,10,"Mineral","",54,"Rock",7.5,"Mineral",12,7,NA,"no","",NA,NA,NA,NA,NA,NA,"",NA,NA,NA,NA,NA,"","","",""
"226","2024-07-15","Lost horse","LoHo1","A","6 m",NA,6.5,"Mineral","",63,"Rock",9,"Mineral",19,13,5,"no","",NA,NA,NA,NA,NA,NA,"",NA,NA,NA,NA,NA,"","","",""
"227","2024-07-15","Lost horse","LoHo1","A","3 m",NA,1,"Mineral","",60,"Rock",1.5,"Mineral",19,12,1,"yes","LOHO1A",9,10,13,12,12,10,"Some green moss under burned moss",NA,5,5,5,5,"Core","","",""
"228","2024-07-14","Haystack","Hays2","A","3 m",NA,5.5,"Mineral","",59,"Rock",6,"Mineral",6,7,NA,"yes","Hays2a",6,5,9,10,9,10,"",10,NA,NA,NA,NA,"Core","M1 and m2 both 5 cm","",""
"229","2024-07-14","Haystack","Hays2","A","6 m",NA,19,"Mineral","",75,"Rock",6.5,"Mineral",20,18,14,"no","",NA,NA,NA,NA,NA,NA,"",NA,NA,NA,NA,NA,"","","",""
"230","2024-07-14","Haystack","Hays2","A","9 m",NA,12,"Mineral","",100,"Rock",5,"Mineral",8,10,NA,"no","",NA,NA,NA,NA,NA,NA,"",NA,NA,NA,NA,NA,"","","",""
"231","2024-07-16","Shovel Creek","ShCr1","C","9 m",NA,26.5,"Mineral","",58,"Rock",NA,"",NA,NA,NA,"no","",NA,NA,NA,NA,NA,NA,"",NA,NA,NA,NA,NA,"","","",""
"232","2024-07-16","Shovel Creek","ShCr1","C","6 m",NA,28.5,"Mineral","",92,"Ice",NA,"",NA,NA,NA,"no","",NA,NA,NA,NA,NA,NA,"",NA,NA,NA,NA,NA,"","","",""
"233","2024-07-16","Shovel Creek","ShCr1","C","3 m",NA,44,"Mineral","",53,"Rock",NA,"",NA,NA,NA,"no","",NA,NA,NA,NA,NA,NA,"",NA,NA,NA,NA,NA,"","","","Sphagnum "
"234","2024-07-31","Nugget Creek","NuCr5","A","3 m",NA,5.5,"Mineral","",86,"Rock",3.5,"Mineral",11,16,NA,"yes","NuCr5A",6,5,7.5,7.5,9,9.5,"",NA,3,NA,5,NA,"","M1 sample is grab sample, approximated depth and volume using corer but unable to remove an intact core. Not measured exactly volumetrically and contains rocks.","","1.5 cm rock removed between organic and mineral, AR SOL depth does not include green moss, transect SOL does (polytrichum)"
"235","2024-07-31","Nugget Creek","NuCr5","A","6 m",NA,5,"Mineral","",64,"Rock",12,"Mineral",11,23.5,NA,"no","",NA,NA,NA,NA,NA,NA,"",NA,NA,NA,NA,NA,"","","","Depth includes green moss for transect, AR depths taken from downed tree to bottom of tree roots. AR SOL depth taken right next to downed AR tree and does not include green moss."
"236","2024-08-05","Dry Creek","DrCr1","C","3 m",0.1,20,"Mineral,Water","",73,"Frozen Ground",33,"Mineral,Water",4,5,NA,"yes","DrCr1C",21,22,10,10,10.5,10,"",NA,5,NA,5,NA,"Core","","","Hit water at 15"
"237","2024-08-05","Dry Creek","DrCr1","C","6 m",0,29,"Mineral","",68,"Frozen Ground",28,"Mineral,Water",14,16,NA,"no","",NA,NA,NA,NA,NA,NA,"",NA,NA,NA,NA,NA,"","","",""
"238","2024-07-22","Hess Creek","HeCr2","B","3 m",NA,5,"Mineral","",39,"Rock",NA,"",NA,NA,NA,"no","",NA,NA,NA,NA,NA,NA,"",NA,NA,NA,NA,NA,"","","",""
"239","2024-07-22","Hess Creek","HeCr2","B","6 m",NA,0.5,"Mineral","",28,"Rock",NA,"",NA,NA,NA,"no","",NA,NA,NA,NA,NA,NA,"",NA,NA,NA,NA,NA,"","","","Offset at 16.2 due to standing tree"
"240","2024-07-22","Hess Creek","HeCr2","B","9 m",NA,1,"Mineral","",43,"Rock",NA,"",NA,NA,NA,"no","",NA,NA,NA,NA,NA,NA,"",NA,NA,NA,NA,NA,"","","",""
"241","2024-07-23","Hess Creek","HeCr5","A","3 m",NA,10,"Mineral","",92,"Frozen Ground",NA,"",NA,NA,NA,"no","",NA,NA,NA,NA,NA,NA,"",NA,NA,NA,NA,NA,"","","",""
"242","2024-07-23","Hess Creek","HeCr5","A","6 m",NA,21,"Mineral","",101,">100cm",NA,"",NA,NA,NA,"no","",NA,NA,NA,NA,NA,NA,"",NA,NA,NA,NA,NA,"","","",""
"243","2024-07-23","Hess Creek","HeCr5","A","9 m",NA,11,"Mineral","",92,"Frozen Ground",NA,"",NA,NA,NA,"no","",NA,NA,NA,NA,NA,NA,"",NA,NA,NA,NA,NA,"","","",""
"244","2024-07-18","Lost horse","LoHo5","C","3 m",NA,17,"Mineral,Rock","",89,"Rock",20.5,"Mineral",9,12.5,12,"yes","LoHo5C",17,16,10,10,11.5,11.5,"",NA,5,NA,NA,NA,"Core","","","4cm of rock/mineral/organic that was removed"
"245","2024-07-18","Lost horse","LoHo5","C","6 m",NA,10.5,"Mineral","",88,"Rock",15,"Rock",4.5,5,NA,"no","",NA,NA,NA,NA,NA,NA,"",NA,NA,NA,NA,NA,"","","",""
"246","2024-07-18","Lost horse","LoHo5","C","9 m",NA,20,"Mineral,Rock","",71,"Rock",13,"Mineral",14,7,5,"no","",NA,NA,NA,NA,NA,NA,"",NA,NA,NA,NA,NA,"","","",""
"247","2024-08-04","Munson Creek","MuCr4","A","3 m",1.5,4.5,"Mineral,Rock","",73,"Rock",8,"Mineral",5,6,5,"yes","MuCr4A",6,5.5,10,10,10.5,10.5,"",NA,5,NA,5,NA,"Core","","",""
"248","2024-08-04","Munson Creek","MuCr4","A","6 m",0,9,"Mineral","",87,"Rock",5.5,"Mineral",5.5,8,7,"no","",NA,NA,NA,NA,NA,NA,"",NA,NA,NA,NA,NA,"","","",""
"249","2024-07-28","McCoy Creek","McCr5","B","3 m",NA,39,"Mineral","",60,"Frozen Ground",22,"Mineral",5,3,6,"yes","McCr5B",36,38,12,10,11,10,"",NA,5,NA,5,NA,"","","",""
"250","2024-07-28","McCoy Creek","McCr5","B","6 m",NA,47,"Frozen Ground,Mineral","",57,"Frozen Ground",33,"Water,Mineral",13.5,3,NA,"no","",NA,NA,NA,NA,NA,NA,"",NA,NA,NA,NA,NA,"","","",""
"251","2024-07-30","Nugget Creek","NuCr3","B","3 m",NA,7.5,"Mineral","",60,"Rock",3,"Mineral",7.5,8,NA,"yes","NuCr3B",7,5,9,8,11,10,"",NA,5,NA,5,NA,"","","","Depths include green moss (polytrichum) for sample, AR SOL depth does not include green moss"
"252","2024-07-30","Nugget Creek","NuCr3","B","6 m",NA,8,"Mineral","",101,">100cm",3.5,"Mineral",24,27,NA,"no","",NA,NA,NA,NA,NA,NA,"",NA,NA,NA,NA,NA,"","","","AR SOL depth does not include green moss"
"253","2024-07-22","Hess Creek","HeCr1","C","3 m",NA,13.5,"Mineral","",43,"Rock",NA,"",NA,NA,NA,"no","",NA,NA,NA,NA,NA,NA,"",NA,NA,NA,NA,NA,"","","","Moved measurement to 23.7 due to large trunk at 23"
"254","2024-07-22","Hess Creek","HeCr1","C","6 m",NA,6.6,"Mineral","",77,"Rock",NA,"",NA,NA,NA,"no","",NA,NA,NA,NA,NA,NA,"",NA,NA,NA,NA,NA,"","","",""
"255","2024-07-22","Hess Creek","HeCr1","C","9 m",NA,13,"Rock","",80,"Rock",NA,"",NA,NA,NA,"no","",NA,NA,NA,NA,NA,NA,"",NA,NA,NA,NA,NA,"","","",""
"256","2024-07-16","Shovel creek","ShCr2","B","3 m",NA,12,"Mineral","",101,">100cm",NA,"",NA,NA,NA,"no","",NA,NA,NA,NA,NA,NA,"",NA,NA,NA,NA,NA,"","","",""
"257","2024-07-16","Shovel creek","ShCr2","B","6 m",NA,8,"Mineral","",75,"Rock",NA,"",NA,NA,NA,"no","",NA,NA,NA,NA,NA,NA,"",NA,NA,NA,NA,NA,"","","",""
"258","2024-07-16","Shovel creek","ShCr2","B","9 m",NA,7,"Mineral","",22,"Rock",NA,"",NA,NA,NA,"no","",NA,NA,NA,NA,NA,NA,"",NA,NA,NA,NA,NA,"","","",""
"259","2024-07-15","Lost horse","LoHo1","C","9 m",NA,14.5,"Mineral","",63,"Rock",0.5,"Mineral",12,15,16,"no","",NA,NA,NA,NA,NA,NA,"",NA,NA,NA,NA,NA,"","","",""
"260","2024-07-15","Lost horse","LoHo1","C","6 m",NA,11.5,"Mineral","",21,"Rock",12.5,"Mineral",11,10,8,"no","",NA,NA,NA,NA,NA,NA,"",NA,NA,NA,NA,NA,"","","",""
"261","2024-07-15","Lost horse","LoHo1","C","3 m",NA,5,"Mineral","",32,"Rock",1.5,"Mineral",5,7,6.5,"yes","LOHO1C-O",4.5,5,9,9,10,10,"",NA,5,5,5,5,"Core","","",""
"262","2024-07-16","Shovel creek","ShCr1","A","3 m",NA,52,"Rock","",52,"Rock",NA,"",NA,NA,NA,"no","",NA,NA,NA,NA,NA,NA,"",NA,NA,NA,NA,NA,"","","",""
"263","2024-07-16","Shovel creek","ShCr1","A","9 m",NA,23,"Mineral","",48,"Rock",NA,"",NA,NA,NA,"no","",NA,NA,NA,NA,NA,NA,"",NA,NA,NA,NA,NA,"","","",""
"264","2024-07-16","Shovel creek","ShCr1","A","6 m",NA,17.5,"Mineral","",32,"Rock",NA,"",NA,NA,NA,"no","",NA,NA,NA,NA,NA,NA,"",NA,NA,NA,NA,NA,"","","",""
"265","2024-08-06","Dry Creek","DrCr4","A","3 m",0,4,"Mineral","",90,"Mineral",4,"Mineral",9,8,8,"yes","DrCr4A",4.5,3,10,10,9.5,9.5,"",NA,5,NA,5,NA,"Core","","","Thaw depth I think was still mineral, but extremely dense and hard to push through, so couldn’t get it any further"
"266","2024-08-06","Dry Creek","DrCr4","A","6 m",0,6.5,"Mineral","",73,"Mineral",6,"Mineral",10,9,10,"no","",NA,NA,NA,NA,NA,NA,"",NA,NA,NA,NA,NA,"","","","Same problem here with dense mineral, hard time getting probe deep "
"267","2024-08-02","Teklanika","Tekl4","C","3 m",0,10,"Mineral","",24,"Rock",11,"Mineral",3,3,NA,"yes","Tekl4C",12,10,9,10,9,9.5,"",NA,5,NA,5,NA,"Core","","39bc04a7-284e-4933-ad4b-5878b7086ec0",""
"268","2024-08-02","Teklanika","Tekl4","C","6 m",0,11,"Mineral","",27,"Rock",11,"Mineral",2,1,NA,"no","",NA,NA,NA,NA,NA,NA,"",NA,NA,NA,NA,NA,"","","","AR and transect same depth hole"
"269","2024-07-31","Nugget Creek","NuCr5","B","3 m",NA,3,"Mineral","",46,"Rock",6.5,"Mineral",36,33.5,34,"yes","NuCr5B",3,2,10,8.5,9,9,"",NA,5,NA,5,NA,"","M1 sample is volumetric, M2 sample is grab sample using area of corer but unable to get intact core due to rocks and crumbly soil. M2 depth is estimated and not sampled volumetrically","","1 cm rock between organic and mineral removed while sampling, AR depths taken on downed tree to bottom of tree roots"
"270","2024-07-31","Nugget Creek","NuCr5","B","6 m",NA,8.5,"Mineral","",53,"Rock",7.5,"Mineral",23,18.5,NA,"no","",NA,NA,NA,NA,NA,NA,"",NA,NA,NA,NA,NA,"","","","AR depths on downed tree to bottom of tree roots"
"271","2024-08-01","Munson Creek","MuCr3","B","3 m",0,24,"Mineral","",45,"Frozen Ground",25,"Mineral",12,11,7.5,"yes","MuCr3B",25,26,8,7,10,11,"",NA,5,NA,5,NA,"Core","","",""
"272","2024-08-01","Munson Creek","MuCr3","B","6 m",0,51,"Mineral","",62,"Frozen Ground",51,"Mineral",4,5,3,"no","",NA,NA,NA,NA,NA,NA,"",NA,NA,NA,NA,NA,"","","","Lightly burned sphagnum "
"273","2024-08-03","Teklanika","Tekl1","A","3 m",0,9.5,"Mineral","",58,"Rock",18,"Mineral",5,2,NA,"yes","Tekl1A",10,8,8.5,9.5,9.5,9,"Depth uneven because mineral uneven and not because Anastasia is bad at her job",NA,5,NA,NA,5,"Core","","bf0ff937-9438-433c-8ff8-dac9d3df4cc8",""
"274","2024-08-03","Teklanika","Tekl1","A","6 m",0,19,"Mineral","",33,"Rock",20,"Mineral",4,4,5,"no","",NA,NA,NA,NA,NA,NA,"",NA,NA,NA,NA,NA,"","","",""
"275","2024-07-31","Nugget Creek","NuCr4","B","3 m",NA,18,"Mineral","",101,">100cm",13,"Mineral",23,30,35,"yes","NuCr4B",17,14,10,7,10,11,"Very crumbly bottom of sample, fell apart while sampling",NA,5,NA,5,NA,"","","",""
"276","2024-07-31","Nugget Creek","NuCr4","B","6 m",NA,7,"Mineral","",101,">100cm",18,"Mineral",24,6.5,12,"no","",NA,NA,NA,NA,NA,NA,"",NA,NA,NA,NA,NA,"","","",""
"277","2024-07-31","Nugget Creek","NuCr6","C","3 m",NA,7,"Mineral,Rock","",71,"Rock",4,"Mineral",18,20,NA,"yes","NuCr6C",7,9,11.5,10,12,10,"",NA,4.5,NA,5,NA,"Grab","Both m1 and m2 are grab samples, not measured volumetrically, estimated depths. 2 cm of rock removed between organic and mineral.","","Sampling at 3.6 m because of cwd. AR measured on downed tree, AR SOL depth same as transect soil depth hole but depth for AR SOL recorded here does not include green moss "
"278","2024-07-31","Nugget Creek","NuCr6","C","6 m",NA,9.5,"Mineral","",68,"Rock",4,"Mineral",30,30,NA,"no","",NA,NA,NA,NA,NA,NA,"",NA,NA,NA,NA,NA,"","","","AR measured on downed tree, AR SOL does not include green moss"
"279","2024-07-18","Lost horse","LoHo4","A","3 m",NA,2,"Mineral","",54,"Rock",0.1,"Mineral",5,9,8,"yes","LoHo4A",2,1.5,5.5,7,7,6.5,"Vey thin burned organic layer",NA,5,NA,5,NA,"Core","","",""
"280","2024-07-18","Lost horse","LoHo4","A","6 m",NA,3.5,"Mineral","",70,"Ice",9,"Mineral",13,18,8,"no","",NA,NA,NA,NA,NA,NA,"",NA,NA,NA,NA,NA,"","","",""
"281","2024-07-18","Lost horse","LoHo4","A","9 m",NA,6,"Mineral","",55,"Rock",0.5,"Mineral",28,18,17,"no","",NA,NA,NA,NA,NA,NA,"",NA,NA,NA,NA,NA,"","","",""
"282","2024-07-31","Nugget Creek","NuCr6","A","3 m",NA,3.5,"Mineral,Rock","",93,"Rock",3.5,"Mineral",36,NA,NA,"yes","NuCr6A",8,3.5,13,12,11,11,"",NA,10,NA,5,NA,"","Very rocky below organic, m1 is a grab sample of 10 cm of mineral rock mix, m2 is a volumetric sample of core taken below this mixture ","","AR depth measured on downed tree to bottom of roots, OL depth doesn’t include green moss"
"283","2024-07-31","Nugget Creek","NuCr6","A","6 m",NA,6.5,"Mineral","",36,"Rock",1.5,"Mineral",39,27,NA,"no","",NA,NA,NA,NA,NA,NA,"",NA,NA,NA,NA,NA,"","","","AR measured on downed tree, depth AR to bottom of tree roots. AR SOL depth is depth of burned organic to mineral, total depth of organic surface to mineral is 3 cm."
"284","2024-08-01","Munson Creek","MuCr2","B","6 m",0,24,"Rock","",27,"Rock",8,"Rock",18,13,NA,"yes","MuCr2B",22,20,9,11,10,11,"",NA,0,NA,0,NA,"Grab","Removed 10 cm of rock between org and min. Took grab sample below that, unknown depth. In M1 bag. Still very rocky. ","787b3ef1-02c3-44cb-a3e9-75b74616630c",""
"285","2024-08-01","Munson Creek","MuCr2","B","9 m",0,26,"Rock","",26,"Rock",37,"Rock",23,34,26,"no","",NA,NA,NA,NA,NA,NA,"",NA,NA,NA,NA,NA,"","","",""
"286","2024-07-28","McCoy Creek","McCr5","A","3 m",NA,35,"Frozen Ground","",35,"Frozen Ground",34,"Frozen Ground",1.5,3,3,"yes","McCr5A",37,38,9,8,14,12,"Frozen ground before mineral",NA,0,NA,0,NA,"","No mineral samples, hit frozen ground before mineral for both transect and AR","",""
"287","2024-07-28","McCoy Creek","McCr5","A","6 m",NA,37,"Mineral,Frozen Ground","",42,"Frozen Ground",37,"Frozen Ground,Mineral",8,10,13,"no","",NA,NA,NA,NA,NA,NA,"",NA,NA,NA,NA,NA,"","","","Tiny bit of mineral before frozen ground, AR and transect are same depth measurement hole"
"288","2024-07-23","Hess Creek","HeCr4","B","3 m",NA,19,"Mineral","",91,"Frozen Ground",NA,"",NA,NA,NA,"no","",NA,NA,NA,NA,NA,NA,"",NA,NA,NA,NA,NA,"","","",""
"289","2024-07-23","Hess Creek","HeCr4","B","6 m",NA,28,"Mineral","",95,"Frozen Ground",NA,"",NA,NA,NA,"no","",NA,NA,NA,NA,NA,NA,"",NA,NA,NA,NA,NA,"","","",""
"290","2024-07-23","Hess Creek","HeCr4","B","9 m",NA,27,"Mineral","",101,">100cm",NA,"",NA,NA,NA,"no","",NA,NA,NA,NA,NA,NA,"",NA,NA,NA,NA,NA,"","","",""
"291","2024-07-17","Shovel Creek","ShCr6","A","3 m",NA,2.5,"Mineral","",8,"Rock",NA,"",NA,NA,NA,"no","",NA,NA,NA,NA,NA,NA,"",NA,NA,NA,NA,NA,"","","",""
"292","2024-07-17","Shovel Creek","ShCr6","A","6 m",NA,14,"Mineral","",41,"Rock",NA,"",NA,NA,NA,"no","",NA,NA,NA,NA,NA,NA,"",NA,NA,NA,NA,NA,"","","",""
"293","2024-07-17","Shovel Creek","ShCr6","A","9 m",NA,8.5,"Mineral","",9,"Rock",NA,"",NA,NA,NA,"no","",NA,NA,NA,NA,NA,NA,"",NA,NA,NA,NA,NA,"","","",""
"294","2024-08-01","Munson Creek","MuCr2","C","3 m",0,22.5,"Rock","",65,"Rock",5.5,"Rock",32,27,NA,"yes","MuCr2C",22,24,10.5,11,13,11,"Sample taken from a burned sphagnum hummock. Mosaics of hummocks across hillside",NA,4,NA,0,NA,"Grab","Too rocky to sample mineral. Removed 12 cm of rock and took grab sample of about 4 cm. Contains charcoal! In M1 bag. ","5da068de-cd63-4382-8bb8-7f349ed343d4","Sample taken on sphagnum hummock. No nearby trees also in hummock, tree AR measured at was burned almost to rock. "
"295","2024-08-01","Munson Creek","MuCr2","C","6 m",0,19,"Rock","",24,"Rock",8,"Rock",22,21,23,"no","",NA,NA,NA,NA,NA,NA,"",NA,NA,NA,NA,NA,"","","",""
"296","2024-08-05","Dry Creek","DrCr2","A","3 m",0.1,31,"Mineral,Water","",101,">100cm",24,"Mineral,Water",2.5,8,NA,"yes","DrCr2A",32,31,11,11,10,10,"",NA,5,NA,5,NA,"Core","","",""
"297","2024-08-05","Dry Creek","DrCr2","A","6 m",0,33,"Mineral","",98,"Frozen Ground",31,"Mineral,Water",6,NA,NA,"no","",NA,NA,NA,NA,NA,NA,"",NA,NA,NA,NA,NA,"","","",""
"298","2024-07-15","Lost horse","LoHo1","B","9 m",NA,1,"Mineral","",16,"Rock",2,"Mineral",24,25,13,"no","",NA,NA,NA,NA,NA,NA,"",NA,NA,NA,NA,NA,"","","",""
"299","2024-07-15","Lost horse","LoHo1","B","6 m",NA,16.5,"Mineral","",53,"Rock",1,"Mineral",18,17,11,"no","",NA,NA,NA,NA,NA,NA,"",NA,NA,NA,NA,NA,"","","",""
"300","2024-07-15","Lost horse","LoHo1","B","3 m",NA,7.5,"Rock","",55,"Rock",0.5,"Mineral",13,17,11,"yes","LOHO1B",7.5,8,10,10,10.5,12,"",NA,5,5,5,5,"Core","Crumbly","",""
"301","2024-07-30","Nugget Creek","NuCr1","A","3 m",NA,5.5,"Mineral","",47,"Rock",4.5,"Mineral",14,19,15,"yes","NuCr1A",7,5,8.5,9,8,8,"",NA,5,NA,5,NA,"","Top 2 cm mineral mixed with organic but clearly mineral","",""
"302","2024-07-30","Nugget Creek","NuCr1","A","6 m",NA,3.5,"Mineral","",51,"Rock",3,"Mineral",18,12,NA,"no","",NA,NA,NA,NA,NA,NA,"",NA,NA,NA,NA,NA,"","","",""
"303","2024-08-03","Teklanika","Tekl1","B","3 m",0,14,"Mineral,Rock","",32,"Rock",15.5,"Mineral,Rock",3.5,3,2,"yes","Tekl1B",14.5,14.5,10,10,10,10,"",NA,5,NA,5,NA,"Core","Measured volumetrically but very rocky, so not totally confident about volume. ","",""
"304","2024-08-03","Teklanika","Tekl1","B","6 m",0,14,"Mineral","",29,"Rock",11,"Mineral",2.5,3,NA,"no","",NA,NA,NA,NA,NA,NA,"",NA,NA,NA,NA,NA,"","","",""
"305","2024-07-30","Nugget Creek","NuCr1","B","3 m",NA,5,"Mineral","",51,"Rock",4.5,"Mineral",20,23.5,21,"yes","NuCr1B",5,3,10.5,10,10,10,"",NA,5,NA,5,NA,"","M1 includes mixed organic and some char","","Sample surface polytrichum. Organic depths include green moss and brown moss."
"306","2024-07-30","Nugget Creek","NuCr1","B","6 m",NA,5,"Mineral","",55,"Rock",12,"Mineral",11,9,14,"no","",NA,NA,NA,NA,NA,NA,"",NA,NA,NA,NA,NA,"","","","Char and below on surface is a mix of organic and mineral"
"307","2024-08-02","Teklanika","Tekl6","C","3 m",0,9,"Mineral","",41,"Rock",17,"Mineral",7,4,5,"yes","Tekl6C",7,10,9.5,10,8,7,"",NA,5,NA,6,NA,"Core","Took extra cm of m2 because impossible to cut precisely with rocks","61a28974-10d5-4f7c-86e1-5888003808a1",""
"308","2024-08-02","Teklanika","Tekl6","C","6 m",0,10,"Mineral","",54,"Rock",9,"Mineral",8,4,3,"no","",NA,NA,NA,NA,NA,NA,"",NA,NA,NA,NA,NA,"","","",""
"309","2024-07-14","Haystack","Hays3","A","9 m",NA,19,"Mineral","",68,"Frozen Ground",7,"Mineral",12,12,19,"no","",NA,NA,NA,NA,NA,NA,"",NA,NA,NA,NA,NA,"","","",""
"310","2024-07-14","Haystack","Hays3","A","6 m",NA,20,"Mineral","",82,"Frozen Ground",15,"Mineral",20,18,NA,"no","",NA,NA,NA,NA,NA,NA,"",NA,NA,NA,NA,NA,"","","",""
"311","2024-07-14","Haystack","Hays3","A","3 m",NA,7,"Mineral","",65,"Rock",7,"",10,8,NA,"yes","Hays3a",8,6,10,10,10,11,"",10,NA,NA,NA,NA,"Core","M1 and 2 bot cm","",""
"312","2024-07-15","Lost Horse","LoHo3","A","3 m",NA,10,"Mineral","",100,"Rock",6.5,"Mineral",9,10.5,13,"yes","Loho3A",10,10,9,9,11.5,12,"",NA,5,NA,5,NA,"Core","","",""
"313","2024-07-15","Lost Horse","LoHo3","A","6 m",NA,8.5,"Mineral","",75,"Rock",1.5,"Mineral",18,13,8,"no","",NA,NA,NA,NA,NA,NA,"",NA,NA,NA,NA,NA,"","","",""
"314","2024-07-15","Lost Horse","LoHo3","A","9 m",NA,9.5,"Mineral","",85,"Rock",9.5,"Mineral",9,14,18,"no","",NA,NA,NA,NA,NA,NA,"",NA,NA,NA,NA,NA,"","","",""
"315","2024-07-14","Haystack","Hays3","B","9 m",NA,18.5,"Mineral","",67,"Frozen Ground",6,"Mineral",8,8,12,"no","",NA,NA,NA,NA,NA,NA,"",NA,NA,NA,NA,NA,"","","",""
"316","2024-07-14","Haystack","Hays3","B","6 m",NA,13,"Mineral","",50,"Rock",3,"Mineral",20,23,19,"no","",NA,NA,NA,NA,NA,NA,"",NA,NA,NA,NA,NA,"","","",""
"317","2024-07-14","Haystack","Hays3","B","3 m",NA,11,"Mineral","",65,"Frozen Ground",10,"Mineral",19,13,13,"yes","Hays3b",6,6,11,10,13,13,"",10,NA,NA,NA,NA,"Core","Some compaction, m1 and m2 depth 5 cm","",""
"318","2024-07-22","Hess Creek","HeCr2","A","6 m",NA,1.5,"Mineral","",44,"Rock",NA,"",NA,NA,NA,"no","",NA,NA,NA,NA,NA,NA,"",NA,NA,NA,NA,NA,"","","",""
"319","2024-07-22","Hess Creek","HeCr2","A","9 m",NA,6,"Mineral","",43,"Rock",NA,"",NA,NA,NA,"no","",NA,NA,NA,NA,NA,NA,"",NA,NA,NA,NA,NA,"","","",""
"320","2024-07-22","Hess Creek","HeCr2","A","3 m",NA,3,"Mineral","",42,"Rock",NA,"",NA,NA,NA,"no","",NA,NA,NA,NA,NA,NA,"",NA,NA,NA,NA,NA,"","","",""
"321","2024-07-15","Lost horse","LoHo2","B","3 m",NA,12,"Mineral","",83,"Rock",11.5,"Mineral",14,10,9,"yes","Loho2b",14,13.5,10.5,10.5,14,12,"",8,5,NA,3,NA,"Core","Rocky","",""
"322","2024-07-15","Lost horse","LoHo2","B","6 m",NA,9.5,"Mineral","",78,"Rock",8.5,"Mineral",3,5.5,4,"no","",NA,NA,NA,NA,NA,NA,"",NA,NA,NA,NA,NA,"","","",""
"323","2024-07-15","Lost horse","LoHo2","B","9 m",NA,14,"Mineral","",67,"Rock",14,"Mineral",4,6,5,"no","",NA,NA,NA,NA,NA,NA,"",NA,NA,NA,NA,NA,"","","",""
"324","2024-07-16","Shovel creek","ShCr2","C","3 m",NA,11.5,"Mineral","",23,"Rock",NA,"",NA,NA,NA,"no","",NA,NA,NA,NA,NA,NA,"",NA,NA,NA,NA,NA,"","","",""
"325","2024-07-16","Shovel creek","ShCr2","C","6 m",NA,20.5,"Mineral","",43,"Rock",NA,"",NA,NA,NA,"no","",NA,NA,NA,NA,NA,NA,"",NA,NA,NA,NA,NA,"","","","Unburned pile compared to others"
"326","2024-07-16","Shovel creek","ShCr2","C","9 m",NA,11,"Mineral","",53,"Rock",NA,"",NA,NA,NA,"no","",NA,NA,NA,NA,NA,NA,"",NA,NA,NA,NA,NA,"","","",""
"327","2024-07-22","Hess Creek","HeCr2","C","3 m",NA,8.5,"Mineral","",46,"Rock",NA,"",NA,NA,NA,"no","",NA,NA,NA,NA,NA,NA,"",NA,NA,NA,NA,NA,"","","",""
"328","2024-07-22","Hess Creek","HeCr2","C","6 m",NA,6,"Mineral","",37,"Rock",NA,"",NA,NA,NA,"no","",NA,NA,NA,NA,NA,NA,"",NA,NA,NA,NA,NA,"","","",""
"329","2024-07-22","Hess Creek","HeCr2","C","9 m",NA,8.5,"Mineral","",82,"Rock",NA,"",NA,NA,NA,"no","",NA,NA,NA,NA,NA,NA,"",NA,NA,NA,NA,NA,"","","",""
"330","2024-08-01","Munson Creek","MuCr3","A","3 m",0,22,"Mineral","",32,"Frozen Ground",22,"Mineral",15,13,17,"yes","MuCr3A",22,20,10,10,11,10.5,"",NA,5,NA,4.5,NA,"Core","","",""
"331","2024-08-01","Munson Creek","MuCr3","A","6 m",0,24,"Mineral","",44,"Frozen Ground",22,"Mineral",15,6,12,"no","",NA,NA,NA,NA,NA,NA,"",NA,NA,NA,NA,NA,"","","",""
"332","2024-08-07","McCoy Creek","McCr3","A","3 m",0,18.5,"Mineral","",61,"Frozen Ground",16,"Mineral",11,12,11,"yes","McCr3A",19,20,10,10,10,10,"",NA,5,NA,5,NA,"Core","","2fe2b587-0c51-4b79-8487-2f7fa6ce7fef",""
"333","2024-08-07","McCoy Creek","McCr3","A","6 m",0,26,"Mineral","",73,"Rock,Frozen Ground",22,"Mineral",13,8,NA,"no","",NA,NA,NA,NA,NA,NA,"",NA,NA,NA,NA,NA,"","","",""
"334","2024-08-05","Dry Creek","DrCr3","A","3 m",0.1,24,"Mineral,Water","",60,"Frozen Ground",24,"Mineral,Water",6,2,3,"yes","DrCr3A",25,25,10,10.5,8,10,"",NA,5,NA,5,NA,"Core","","","Hit water at 16"
"335","2024-08-05","Dry Creek","DrCr3","A","6 m",0,23,"Mineral,Water","",54,"Frozen Ground",28,"Mineral,Water",2,4,NA,"no","",NA,NA,NA,NA,NA,NA,"",NA,NA,NA,NA,NA,"","","","Ar green moss is 0.5"
"336","2024-07-23","Lost Horse","HeCr6","A","6 m",NA,16,"Mineral","",101,">100cm",NA,"",NA,NA,NA,"no","",NA,NA,NA,NA,NA,NA,"",NA,NA,NA,NA,NA,"","","",""
"337","2024-07-23","Lost Horse","HeCr6","A","9 m",NA,11,"Mineral","",101,">100cm",NA,"",NA,NA,NA,"no","",NA,NA,NA,NA,NA,NA,"",NA,NA,NA,NA,NA,"","","",""
"338","2024-07-23","Lost Horse","HeCr6","A","3 m",NA,24,"Mineral","",101,">100cm",NA,"",NA,NA,NA,"no","",NA,NA,NA,NA,NA,NA,"",NA,NA,NA,NA,NA,"","","",""
"339","2024-08-04","Munson Creek","MuCr5","C","3 m",0,16,"Mineral,Rock","",87,"Rock",15,"Mineral,Rock",19,23,25,"yes","MuCr5C",17,19,10,11,10,9.5,"",NA,14.5,NA,0,NA,"Core","Mineral extremely gravelly, fell apart after removing from corer, all in M1","dc97aa88-5f9f-4b9a-bab7-cc0d71e9b918",""
"340","2024-08-04","Munson Creek","MuCr5","C","6 m",0,28,"Mineral,Rock","",101,">100cm",34,"Mineral,Rock",35,54,47,"no","",NA,NA,NA,NA,NA,NA,"",NA,NA,NA,NA,NA,"","","",""
"341","2024-08-05","Dry Creek","DrCr3","B","3 m",0.1,25,"Mineral,Water","",47,"Frozen Ground",24,"Mineral,Water",12,16,13,"yes","DrCr3B",27,27,10,10,9,10,"",NA,5,NA,5,NA,"Core","","ba682eea-674b-47ac-8353-3fd7a1515cb6",""
"342","2024-08-05","Dry Creek","DrCr3","B","6 m",0,48,"Frozen Ground","",48,"Frozen Ground",29,"Mineral,Water",10,7,5,"no","",NA,NA,NA,NA,NA,NA,"",NA,NA,NA,NA,NA,"","","",""
"343","2024-07-16","Shovel creek","ShCr4","C","3 m",NA,27,"Rock","",27,"Rock",NA,"",NA,NA,NA,"no","",NA,NA,NA,NA,NA,NA,"",NA,NA,NA,NA,NA,"","","",""
"344","2024-07-16","Shovel creek","ShCr4","C","6 m",NA,17.5,"Rock","",17.5,"Rock",NA,"",NA,NA,NA,"no","",NA,NA,NA,NA,NA,NA,"",NA,NA,NA,NA,NA,"","","",""
"345","2024-07-16","Shovel creek","ShCr4","C","9 m",NA,62,"Rock","",62,"Rock",NA,"",NA,NA,NA,"no","",NA,NA,NA,NA,NA,NA,"",NA,NA,NA,NA,NA,"","","",""
"346","2024-07-18","Lost horse","LoHo4","C","6 m",NA,13,"Mineral","",101,">100cm",12.5,"Mineral",3,2,1,"no","",NA,NA,NA,NA,NA,NA,"",NA,NA,NA,NA,NA,"","","",""
"347","2024-07-18","Lost horse","LoHo4","C","3 m",NA,18,"Mineral","",92,"Ice",1.5,"Mineral",19,11,10,"yes","LoHo4C",27.5,18,10,10,13,12.5,"Big! Lots of dead moss",NA,5,NA,5,NA,"Core","","",""
"348","2024-07-18","Lost horse","LoHo4","C","9 m",NA,11,"Mineral","",98,"Ice",4,"Mineral",12,6,10,"no","",NA,NA,NA,NA,NA,NA,"",NA,NA,NA,NA,NA,"","","",""
"349","2024-08-06","Dry Creek","DrCr5","C","3 m",0,4,"Mineral","",50,"Mineral",2.5,"Mineral",11,9,10,"yes","DrCr5C",4,4.5,11,11,10,10,"",NA,5,NA,5,NA,"Core","","","Sampled at 23.6 due to roots. Mineral too dense to probe"
"350","2024-08-06","Dry Creek","DrCr5","C","6 m",0,3,"Mineral","",50,"Mineral",1.5,"Mineral",13,14,NA,"no","",NA,NA,NA,NA,NA,NA,"",NA,NA,NA,NA,NA,"","","",""
"351","2024-07-25","Haystack","Hays4","A","3 m",NA,12,"Mineral","",69,"Rock",5,"Mineral",8,9,3,"yes","Hays4A",12,11,10.5,10,10.5,10,"",NA,5,NA,NA,NA,"Core","Big rock after M1, no M2 sample","c4b907e9-3b72-4dc3-b14e-5b50878bfc18",""
"352","2024-07-25","Haystack","Hays4","A","6 m",NA,5,"Rock","",15,"Rock",2,"Mineral",9,11,8,"no","",NA,NA,NA,NA,NA,NA,"",NA,NA,NA,NA,NA,"","","","Ash remaining on ground, "
"353","2024-07-25","Haystack","Hays4","A","9 m",NA,16,"Mineral","",26,"Rock",12,"Mineral",13,12,NA,"no","",NA,NA,NA,NA,NA,NA,"",NA,NA,NA,NA,NA,"","","",""
"354","2024-07-25","Haystack","Hays4","B","3 m",NA,16,"Mineral","",72,"Rock",18,"Rock",2.5,3.5,NA,"yes","Hays4B",16,16,11,11,13,12.5,"Crumbly at bottom",NA,5,NA,5,NA,"Core","","","Closest tree for AR was living"
"355","2024-07-25","Haystack","Hays4","B","6 m",NA,9,"Rock,Mineral","",92,"Rock",9,"Mineral",10,4,14,"no","",NA,NA,NA,NA,NA,NA,"",NA,NA,NA,NA,NA,"","","",""
"356","2024-07-25","Haystack","Hays4","B","9 m",NA,16,"Mineral","",65,"Rock",12,"Mineral",5,4,NA,"no","",NA,NA,NA,NA,NA,NA,"",NA,NA,NA,NA,NA,"","","",""
"357","2024-08-04","Munson Creek","MuCr5","B","3 m",0.1,23,"Mineral","",101,">100cm",24,"Mineral,Rock",13,11,16,"yes","MuCr5B",29,27,9.5,10,9,9.5,"",NA,5,NA,5,NA,"Core","","",""
"358","2024-08-04","Munson Creek","MuCr5","B","6 m",0.5,30,"Mineral,Rock","",101,">100cm",35,"Mineral,Rock",5,13,23,"no","",NA,NA,NA,NA,NA,NA,"",NA,NA,NA,NA,NA,"","","",""
"359","2024-07-17","Shovel Creek","ShCr5","A","3 m",NA,13.5,"Rock","",15,"Rock",NA,"",NA,NA,NA,"no","",NA,NA,NA,NA,NA,NA,"",NA,NA,NA,NA,NA,"","","",""
"360","2024-07-17","Shovel Creek","ShCr5","A","6 m",NA,2.5,"Mineral","",10,"Rock",NA,"",NA,NA,NA,"no","",NA,NA,NA,NA,NA,NA,"",NA,NA,NA,NA,NA,"","","",""
"361","2024-07-17","Shovel Creek","ShCr5","A","9 m",NA,11.5,"Mineral","",14,"Rock",NA,"",NA,NA,NA,"no","",NA,NA,NA,NA,NA,NA,"",NA,NA,NA,NA,NA,"","","",""
"362","2024-07-18","Lost horse","LoHo6","A","3 m",NA,12,"Rock,Mineral","",85,"Rock",3.5,"Mineral",11,17,NA,"yes","LoHo6A",13,12,11,10,12,12,"",NA,5,5,5,5,"Core","About 6 cm of rock removed between organic and mineral.","",""
"363","2024-07-18","Lost horse","LoHo6","A","6 m",NA,4.5,"Rock","",78,"Rock",5,"Mineral,Rock",16,12,12,"no","",NA,NA,NA,NA,NA,NA,"",NA,NA,NA,NA,NA,"","","",""
"364","2024-07-18","Lost horse","LoHo6","A","9 m",NA,5,"Rock","",61,"Rock",7,"Rock",11,10,NA,"no","",NA,NA,NA,NA,NA,NA,"",NA,NA,NA,NA,NA,"","","",""
"365","2024-08-03","Teklanika","Tekl3","B","3 m",0.1,16,"Mineral,Rock,Water","",49,"Rock",20,"Rock",7,8,6,"yes","Tekl3B",18.5,18.5,9,9,10,10,"Large rocks included. Biggest rocks was half in half out of sample ",NA,5,NA,3,NA,"Core","Removed 2cm of rock between organic and mineral. ","4e8fa214-7b67-4f0e-aff1-ab71c286d557,0f9d510e-c6cb-4339-b220-a2efa7ace5f1",""
"366","2024-08-03","Teklanika","Tekl3","B","6 m",0,22.5,"Mineral,Rock","",61,"Rock",21,"Rock",3,3,5,"no","",NA,NA,NA,NA,NA,NA,"",NA,NA,NA,NA,NA,"","","",""
"367","2024-08-05","Dry Creek","DrCr3","C","3 m",0.1,21,"Mineral","",45,"Frozen Ground",23.5,"Mineral",13,6,15,"yes","DrCr3C",23,24,12,11.5,10,10,"",NA,5,NA,5,NA,"Core","","",""
"368","2024-08-05","Dry Creek","DrCr3","C","6 m",0,35,"Mineral,Water","",51,"Frozen Ground",29,"Mineral,Water",16,5,NA,"no","",NA,NA,NA,NA,NA,NA,"",NA,NA,NA,NA,NA,"","","",""
"369","2024-07-29","McCoy Creek","McCr2","C","3 m",NA,20,"Mineral","",39,"Frozen Ground",30,"Mineral",4,8,2,"yes","McCr2C",22,20.5,6,9,11,10,"",NA,5,NA,5,NA,"","","",""
"370","2024-07-29","McCoy Creek","McCr2","C","6 m",NA,31,"Mineral","",47,"Frozen Ground",31,"Mineral",8,10,4,"no","",NA,NA,NA,NA,NA,NA,"",NA,NA,NA,NA,NA,"","","","AR Hole depth same as transect hole"
"371","2024-08-05","Dry Creek","DrCr1","A","3 m",0,23,"Mineral,Water","",64,"Frozen Ground",27,"Mineral,Water",11.5,8,11,"yes","DrCr1",20,23,11,10.5,10,11.5,"",NA,5,NA,5,NA,"Core","","a968a64a-ec50-4df1-9181-14efcac670e0","Hit water at 20cm"
"372","2024-08-05","Dry Creek","DrCr1","A","6 m",0,27,"Mineral,Water","",101,">100cm",28,"Mineral,Water",6.5,3,NA,"no","",NA,NA,NA,NA,NA,NA,"",NA,NA,NA,NA,NA,"","","",""
"373","2024-07-18","Lost horse","LoHo4","B","3 m",NA,0,"Mineral","",79,"Rock",1,"Mineral",21,18,22,"yes","LoHo4B",0,0,0,0,0,0,"No organic, burned to mineral",NA,5,NA,5,NA,"Core","Really crumbly m1, top 2 cm ashy. Because no organic sample, top of m1 had fine pieces or organic material. ","",""
"374","2024-07-18","Lost horse","LoHo4","B","6 m",NA,15,"Mineral","",70,"Ice",7,"Mineral",12,4,4,"no","",NA,NA,NA,NA,NA,NA,"",NA,NA,NA,NA,NA,"","","",""
"375","2024-07-18","Lost horse","LoHo4","B","9 m",NA,11,"Mineral","",56,"Rock",15,"Mineral",4,9,9,"no","",NA,NA,NA,NA,NA,NA,"",NA,NA,NA,NA,NA,"","","",""
"376","2024-08-06","Dry Creek","DrCr6","B","3 m",0,20.5,"Mineral,Water","",101,">100cm",27,"Mineral,Water",7,NA,NA,"yes","DrCr6B",22,22,10,10,10,10.5,"",NA,5,NA,5,NA,"Core","","",""
"377","2024-08-06","Dry Creek","DrCr6","B","6 m",0,36.5,"Mineral,Water","",101,">100cm",39,"Mineral,Water",6,7,8,"no","",NA,NA,NA,NA,NA,NA,"",NA,NA,NA,NA,NA,"","","",""
"378","2024-07-23","Hess Creek","HeCr5","B","3 m",NA,16,"Mineral","",101,">100cm",NA,"",NA,NA,NA,"no","",NA,NA,NA,NA,NA,NA,"",NA,NA,NA,NA,NA,"","","",""
"379","2024-07-23","Hess Creek","HeCr5","B","6 m",NA,43,"Mineral","",101,">100cm",NA,"",NA,NA,NA,"no","",NA,NA,NA,NA,NA,NA,"",NA,NA,NA,NA,NA,"","","",""
"380","2024-07-23","Hess Creek","HeCr5","B","9 m",NA,36,"Mineral","",101,">100cm",NA,"",NA,NA,NA,"no","",NA,NA,NA,NA,NA,NA,"",NA,NA,NA,NA,NA,"","","",""
"381","2024-07-25","Haystack","Hays4","C","3 m",NA,10,"Rock","",65,"Rock",4,"Mineral",22,9,11.5,"yes","Hays4B",7,8,10,10,11.5,11,"",NA,8,NA,NA,NA,"Core","Very crumbly, M1 and M2 combined","","Removed 2cm of rock between org and mineral, hit rock after 8cm of mineral "
"382","2024-07-25","Haystack","Hays4","C","6 m",NA,10.5,"Mineral","",50,"Rock",6.5,"Mineral",8,11,11,"no","",NA,NA,NA,NA,NA,NA,"",NA,NA,NA,NA,NA,"","","","All ARs weird because fire burned on downslope side but not upslope. Limited roots available "
"383","2024-07-25","Haystack","Hays4","C","9 m",NA,12,"Mineral","",64,"Rock",0.5,"Mineral",14,8,NA,"no","",NA,NA,NA,NA,NA,NA,"",NA,NA,NA,NA,NA,"","","","Nearest tree didn’t have visible ARs, went to second nearest"
"384","2024-07-29","McCoy Creek","McCr2","A","3 m",NA,15,"Mineral","",46,"Frozen Ground",17,"Mineral",6,7,NA,"yes","McCr2A",13,14,11,10,10,10,"",NA,5,NA,5,NA,"","","","Sampled between 2 tussocks"
"385","2024-07-29","McCoy Creek","McCr2","A","6 m",NA,29,"Mineral","",55,"Frozen Ground",29,"Mineral",8,12,NA,"no","",NA,NA,NA,NA,NA,NA,"",NA,NA,NA,NA,NA,"","","","AR and transect SOL the same hole measurement "
"386","2024-07-29","McCoy Creek","McCr6","C","3 m",NA,20,"Mineral,Water","",52,"Frozen Ground",29,"Mineral",18,5,NA,"yes","McCr6C",20,19,10,11,11.5,10,"",NA,5,NA,NA,NA,"","M1 sample taken with corer, M2 sample grab below core hole, likely influenced by standing water","","Sample taken at 3.5 m because of large CWD, water filling hole as coring"
"387","2024-07-29","McCoy Creek","McCr6","C","6 m",NA,33,"Mineral","",51,"Frozen Ground",31,"Mineral",39,6,30,"no","",NA,NA,NA,NA,NA,NA,"",NA,NA,NA,NA,NA,"","","",""
"388","2024-08-07","McCoy Creek","McCr3","B","3 m",1,5,"Mineral","",81,"Frozen Ground",2,"Mineral",10,11,12,"yes","McCr3B",5,5.5,10.5,10.5,10.5,10,"Green moss here is Merchantia",NA,5,NA,5,NA,"Core","","41e3c822-6c09-4f51-9248-4f0f1cfa9ce5,5eac3001-1f90-42df-818d-9d167557e1f2","Ar on downed tree"
"389","2024-08-07","McCoy Creek","McCr3","B","6 m",0.1,10,"Mineral","",80,"Frozen Ground",15,"Mineral",17,18,23,"no","",NA,NA,NA,NA,NA,NA,"",NA,NA,NA,NA,NA,"","","",""
