_child_record_id,_record_id,_parent_id,_title,_version,_created_at,_updated_at,_record_project,_record_assigned_to,_created_by,_updated_by,_index,_changeset_id,_created_duration,_updated_duration,_edited_duration,species_,seedling_count,seedling_notes,bd1,bd2,bd3
1cf50b02-5eca-473a-b3d8-6289fd767041,f02a1acf-4a69-494a-acf9-ef0842dd11c1,f02a1acf-4a69-494a-acf9-ef0842dd11c1,"birch, 16",1,2025-07-22 01:28:54 UTC,2025-07-22 01:29:13 UTC,,,Xanthe Walker,Xanthe Walker,0,5b3f1fc4-63a8-4c20-a852-a375b2e2fc6b,18,18,18,birch,16,,0.54,0.33,0.32
84b82937-6496-451e-81f8-ea334dd26825,f02a1acf-4a69-494a-acf9-ef0842dd11c1,f02a1acf-4a69-494a-acf9-ef0842dd11c1,"black spruce, 5",1,2025-07-22 01:29:15 UTC,2025-07-22 01:29:39 UTC,,,Xanthe Walker,Xanthe Walker,1,5b3f1fc4-63a8-4c20-a852-a375b2e2fc6b,23,23,23,black spruce,5,,1.49,0.76,0.16
3cc2db27-2574-48f8-9f82-765b7fbcb306,5b164aef-2401-4757-b8a7-ad2be738f4d1,5b164aef-2401-4757-b8a7-ad2be738f4d1,"birch, 20",1,2025-07-22 02:02:26 UTC,2025-07-22 02:02:50 UTC,,,Xanthe Walker,Xanthe Walker,0,934181c5-36a5-4cfc-ab5d-cbf10e2bbcdb,23,23,23,birch,20,,0.06,0.05,0.05
fbeb4d65-ee8b-4404-a534-c4366d31958c,33e6da70-58ab-45e0-af1f-a5e88b161c5b,33e6da70-58ab-45e0-af1f-a5e88b161c5b,"birch, 4",1,2025-07-22 02:01:04 UTC,2025-07-22 02:01:24 UTC,,,Xanthe Walker,Xanthe Walker,0,934181c5-36a5-4cfc-ab5d-cbf10e2bbcdb,20,20,20,birch,4,,0.03,0.2,0.63
997322aa-2df6-49c8-92de-4477726bb469,33e6da70-58ab-45e0-af1f-a5e88b161c5b,33e6da70-58ab-45e0-af1f-a5e88b161c5b,"black spruce, 1",1,2025-07-22 02:01:28 UTC,2025-07-22 02:01:46 UTC,,,Xanthe Walker,Xanthe Walker,1,934181c5-36a5-4cfc-ab5d-cbf10e2bbcdb,18,18,18,black spruce,1,,0.27,,
f8966e0c-af99-4f80-8b3e-6296d87ab5d1,33e6da70-58ab-45e0-af1f-a5e88b161c5b,33e6da70-58ab-45e0-af1f-a5e88b161c5b,"birch, 1",1,2025-07-22 02:01:47 UTC,2025-07-22 02:02:20 UTC,,,Xanthe Walker,Xanthe Walker,2,934181c5-36a5-4cfc-ab5d-cbf10e2bbcdb,32,32,32,birch,1,DBH = 0.62,1.96,,
e1482b14-2a0f-48fa-b766-7b9dde44c449,b203e4fd-69d2-4026-8642-12d0a1ba9672,b203e4fd-69d2-4026-8642-12d0a1ba9672,"black spruce, 1",1,2025-07-22 01:58:16 UTC,2025-07-22 01:59:30 UTC,,,Xanthe Walker,Xanthe Walker,0,934181c5-36a5-4cfc-ab5d-cbf10e2bbcdb,20,5,26,black spruce,1,,0.33,,
b16e8e0f-e87c-4bec-ae86-0ae2d1bfafa9,b203e4fd-69d2-4026-8642-12d0a1ba9672,b203e4fd-69d2-4026-8642-12d0a1ba9672,"birch, 2",1,2025-07-22 01:58:37 UTC,2025-07-22 01:59:56 UTC,,,Xanthe Walker,Xanthe Walker,1,934181c5-36a5-4cfc-ab5d-cbf10e2bbcdb,20,24,44,birch,2,,0.73,0.14,
0fdd3265-6607-47f2-9799-e836dc17946a,faad3411-2a46-4c82-9834-5f5f1c2c6efc,faad3411-2a46-4c82-9834-5f5f1c2c6efc,"black spruce, 1",1,2025-07-22 01:56:01 UTC,2025-07-22 02:00:37 UTC,,,Xanthe Walker,Xanthe Walker,0,934181c5-36a5-4cfc-ab5d-cbf10e2bbcdb,74,12,86,black spruce,1,,1.21,,
ab7890a1-2324-4597-b024-b387c9e8a5c2,faad3411-2a46-4c82-9834-5f5f1c2c6efc,faad3411-2a46-4c82-9834-5f5f1c2c6efc,"birch, 1",1,2025-07-22 01:57:17 UTC,2025-07-22 02:00:54 UTC,,,Xanthe Walker,Xanthe Walker,1,934181c5-36a5-4cfc-ab5d-cbf10e2bbcdb,9,13,22,birch,1,,1.16,,
3fd613a2-f794-4049-8374-b84fbac848ed,32d32694-9bcb-4f60-94bd-15194affe0d9,32d32694-9bcb-4f60-94bd-15194affe0d9,"birch, 3",1,2025-07-22 01:54:48 UTC,2025-07-22 01:55:08 UTC,,,Xanthe Walker,Xanthe Walker,0,934181c5-36a5-4cfc-ab5d-cbf10e2bbcdb,19,19,19,birch,3,,0.78,0.09,0.34
3e693925-d6f8-4d2b-b723-8a25f0b729fb,d152e396-1a89-4e63-854a-926b4c6d6ab9,d152e396-1a89-4e63-854a-926b4c6d6ab9,"black spruce, 7",1,2025-07-22 01:41:13 UTC,2025-07-22 01:41:38 UTC,,,Xanthe Walker,Xanthe Walker,0,934181c5-36a5-4cfc-ab5d-cbf10e2bbcdb,24,24,24,black spruce,7,,0.21,0.15,0.12
b8ccfac1-2ac4-4e97-a488-e3ba897db8da,d152e396-1a89-4e63-854a-926b4c6d6ab9,d152e396-1a89-4e63-854a-926b4c6d6ab9,"birch, 11",1,2025-07-22 01:41:39 UTC,2025-07-22 01:42:11 UTC,,,Xanthe Walker,Xanthe Walker,1,934181c5-36a5-4cfc-ab5d-cbf10e2bbcdb,31,31,31,birch,11,,0.71,0.09,0.07
7bbfbc14-28ef-41ac-9bf3-c6fa459853e0,a764b375-ff58-45ec-9deb-7f94bdca4573,a764b375-ff58-45ec-9deb-7f94bdca4573,"black spruce, 10",1,2025-07-22 01:38:55 UTC,2025-07-22 01:39:26 UTC,,,Xanthe Walker,Xanthe Walker,0,934181c5-36a5-4cfc-ab5d-cbf10e2bbcdb,31,31,31,black spruce,10,,0.97,0.35,0.09
9da5e5ee-82d4-4307-a30b-2c388fcfff94,a764b375-ff58-45ec-9deb-7f94bdca4573,a764b375-ff58-45ec-9deb-7f94bdca4573,"birch, 25",1,2025-07-22 01:39:32 UTC,2025-07-22 01:39:52 UTC,,,Xanthe Walker,Xanthe Walker,1,934181c5-36a5-4cfc-ab5d-cbf10e2bbcdb,20,20,20,birch,25,,0.4,0.49,0.08
07b28b3b-ec73-4d6f-8f9c-b92ec8a0cbbd,a764b375-ff58-45ec-9deb-7f94bdca4573,a764b375-ff58-45ec-9deb-7f94bdca4573,"birch, 1",1,2025-07-22 01:39:54 UTC,2025-07-22 01:40:36 UTC,,,Xanthe Walker,Xanthe Walker,2,934181c5-36a5-4cfc-ab5d-cbf10e2bbcdb,42,42,42,birch,1,Above DBH; DBH = .55,2.01,,
8fa69a9a-b875-4c04-aea1-9d3e30d1b567,6aac0f02-b9bf-4d49-9f3b-7a21624bd68a,6aac0f02-b9bf-4d49-9f3b-7a21624bd68a,"black spruce, 5",1,2025-07-22 01:37:21 UTC,2025-07-22 01:37:44 UTC,,,Xanthe Walker,Xanthe Walker,0,934181c5-36a5-4cfc-ab5d-cbf10e2bbcdb,23,23,23,black spruce,5,,0.07,0.09,0.19
3bc7429b-973a-4ef8-92f9-673132dd0cba,68bbfdf2-fb6c-4c6e-b061-e1b881dbabdd,68bbfdf2-fb6c-4c6e-b061-e1b881dbabdd,"black spruce, 5",1,2025-07-22 01:27:56 UTC,2025-07-22 01:28:19 UTC,,,Xanthe Walker,Xanthe Walker,0,5b3f1fc4-63a8-4c20-a852-a375b2e2fc6b,19,1,20,black spruce,5,,0.06,0.06,0.07
816b0e2d-df14-45e9-bc1e-72335347f1db,097cba30-7cf8-451f-8fc1-0cfb5a97460e,097cba30-7cf8-451f-8fc1-0cfb5a97460e,"black spruce, 2",1,2025-07-22 01:36:51 UTC,2025-07-22 01:37:06 UTC,,,Xanthe Walker,Xanthe Walker,0,934181c5-36a5-4cfc-ab5d-cbf10e2bbcdb,15,15,15,black spruce,2,,1.62,0.21,
39cdcd69-8e2c-4b67-bf15-b3cb1fdff7e1,99357f95-0957-44b2-bcb7-72e224adcf74,99357f95-0957-44b2-bcb7-72e224adcf74,"black spruce, 6",1,2025-07-22 01:27:05 UTC,2025-07-22 01:27:33 UTC,,,Xanthe Walker,Xanthe Walker,0,5b3f1fc4-63a8-4c20-a852-a375b2e2fc6b,28,28,28,black spruce,6,,0.41,0.06,0.15
ccc799e0-f540-4d3f-9bff-6cd5966e792a,972dcd16-591e-4f72-84f2-6acc42adb501,972dcd16-591e-4f72-84f2-6acc42adb501,"black spruce, 9",1,2025-07-22 01:36:18 UTC,2025-07-22 01:36:38 UTC,,,Xanthe Walker,Xanthe Walker,0,934181c5-36a5-4cfc-ab5d-cbf10e2bbcdb,20,20,20,black spruce,9,,0.11,0.06,0.06
d757c980-3827-4c03-bda3-34e650e5666a,61e0ff2e-250f-4d3e-8494-5b9af8184151,61e0ff2e-250f-4d3e-8494-5b9af8184151,"black spruce, 2",1,2025-07-22 01:35:46 UTC,2025-07-22 01:36:04 UTC,,,Xanthe Walker,Xanthe Walker,0,934181c5-36a5-4cfc-ab5d-cbf10e2bbcdb,17,17,17,black spruce,2,,0.19,0.07,
8f299c41-1233-428a-b756-5bdbf3896b1a,7edd7975-c1ee-400d-aded-25939c643148,7edd7975-c1ee-400d-aded-25939c643148,"black spruce, 3",1,2025-07-22 01:20:46 UTC,2025-07-22 01:24:24 UTC,,,Xanthe Walker,Xanthe Walker,0,5b3f1fc4-63a8-4c20-a852-a375b2e2fc6b,17,3,87,black spruce,3,,0.08,0.32,0.1
b8f9ecdc-3b68-476a-ba4f-a3fa25d31f3d,3b810128-c638-4aa8-ac96-54b732cf1de1,3b810128-c638-4aa8-ac96-54b732cf1de1,"black spruce, 1",1,2025-07-22 01:34:00 UTC,2025-07-22 01:34:11 UTC,,,Xanthe Walker,Xanthe Walker,0,934181c5-36a5-4cfc-ab5d-cbf10e2bbcdb,10,10,10,black spruce,1,,0.06,,
534bca24-8ff3-46f4-a877-f69bc40afd0e,0f4541da-6a9d-4a2f-9799-d8ae1dfdfb7c,0f4541da-6a9d-4a2f-9799-d8ae1dfdfb7c,"black spruce, 2",1,2025-07-22 01:33:17 UTC,2025-07-22 01:33:40 UTC,,,Xanthe Walker,Xanthe Walker,0,934181c5-36a5-4cfc-ab5d-cbf10e2bbcdb,23,23,23,black spruce,2,,0.62,0.56,
0b9fefd4-bcf7-4425-97f8-299273715fc7,3b404729-0746-42f2-9510-193890428f9f,3b404729-0746-42f2-9510-193890428f9f,"black spruce, 10",1,2025-07-22 01:32:17 UTC,2025-07-22 01:32:35 UTC,,,Xanthe Walker,Xanthe Walker,0,934181c5-36a5-4cfc-ab5d-cbf10e2bbcdb,17,17,17,black spruce,10,,0.2,0.18,0.14
ed731a35-7d8e-46f6-bc62-46c75815ede4,52ab9fa3-500c-4ece-af6c-fd7b5db5dd23,52ab9fa3-500c-4ece-af6c-fd7b5db5dd23,"black spruce, 2",1,2025-07-22 01:32:50 UTC,2025-07-22 01:33:04 UTC,,,Xanthe Walker,Xanthe Walker,0,934181c5-36a5-4cfc-ab5d-cbf10e2bbcdb,13,13,13,black spruce,2,,0.43,0.1,
43df6aa1-8596-43da-b1c1-304ea65616af,31e71e9d-5f31-4eb7-927b-ed522855aeaf,31e71e9d-5f31-4eb7-927b-ed522855aeaf,"black spruce, 137",1,2025-07-22 01:19:08 UTC,2025-07-22 01:25:55 UTC,,,Xanthe Walker,Xanthe Walker,0,5b3f1fc4-63a8-4c20-a852-a375b2e2fc6b,21,16,37,black spruce,137,,0.33,0.64,0.06
9bd2a66c-bc51-4efd-aa81-a0a773f07494,1138b5a6-60c1-43a1-8587-e2b257eabbdb,1138b5a6-60c1-43a1-8587-e2b257eabbdb,"black spruce, 2",1,2025-07-22 01:31:43 UTC,2025-07-22 01:31:57 UTC,,,Xanthe Walker,Xanthe Walker,0,934181c5-36a5-4cfc-ab5d-cbf10e2bbcdb,14,14,14,black spruce,2,,0.26,0.23,
1fc59368-afb5-457f-910b-be63fc0a5485,523338d8-6e46-4e87-a782-d79ca35cfd1c,523338d8-6e46-4e87-a782-d79ca35cfd1c,"black spruce, 56",1,2025-07-22 01:20:05 UTC,2025-07-22 01:25:23 UTC,,,Xanthe Walker,Xanthe Walker,0,5b3f1fc4-63a8-4c20-a852-a375b2e2fc6b,24,15,39,black spruce,56,,0.12,0.12,0.18
0775f147-02f0-4b1a-a0ec-e3e9b3c31c05,a23203d1-caab-4e17-aab9-9482bbccec37,a23203d1-caab-4e17-aab9-9482bbccec37,"black spruce, 11",1,2025-07-22 01:31:03 UTC,2025-07-22 01:31:19 UTC,,,Xanthe Walker,Xanthe Walker,0,934181c5-36a5-4cfc-ab5d-cbf10e2bbcdb,15,15,15,black spruce,11,,0.14,0.13,0.09
cd80e719-5457-402e-9f3b-2ac045872045,c148d7e4-4e46-4685-b5bd-f5ab3a043700,c148d7e4-4e46-4685-b5bd-f5ab3a043700,"black spruce, 9",1,2025-07-22 01:18:09 UTC,2025-07-22 01:26:21 UTC,,,Xanthe Walker,Xanthe Walker,0,5b3f1fc4-63a8-4c20-a852-a375b2e2fc6b,31,2,33,black spruce,9,,0.2,0.12,0.19
cf4dda56-d5ba-4d59-aaa1-fb99125a7d43,c5f5d83a-ac8e-46d1-ade2-a4fdca5db972,c5f5d83a-ac8e-46d1-ade2-a4fdca5db972,"black spruce, 56",1,2025-07-22 01:16:12 UTC,2025-07-22 01:17:46 UTC,,,Xanthe Walker,Xanthe Walker,0,5b3f1fc4-63a8-4c20-a852-a375b2e2fc6b,94,94,94,black spruce,56,,0.12,0.12,0.18
41818ae6-1def-4783-9bb0-a4da686825a6,aea34826-d6ed-417e-8153-fc52157c1d55,aea34826-d6ed-417e-8153-fc52157c1d55,"black spruce, 13",1,2025-07-22 18:20:12 UTC,2025-07-22 18:21:34 UTC,,,Xanthe Walker,Xanthe Walker,0,b0205f92-048b-49c2-9bc8-e79bf2946dbd,81,81,81,black spruce,13,,0.86,0.45,0.37
fc9fe11f-0a0b-4195-b455-0b1705b2c715,81f50a4c-34bb-46dd-82e0-1b550c694318,81f50a4c-34bb-46dd-82e0-1b550c694318,"black spruce, 5",3,2025-07-22 18:37:52 UTC,2025-07-22 18:38:35 UTC,,,Xanthe Walker,Xanthe Walker,0,d78d260e-33ba-4189-bf7f-8d6ff5e7f4d2,43,43,43,black spruce,5,,0.11,0.35,0.18
06a406dc-591b-4329-98b8-3279d9d879a7,93785d71-16a0-4ad6-9644-5102052b4d8d,93785d71-16a0-4ad6-9644-5102052b4d8d,"black spruce, 10",1,2025-07-22 18:17:01 UTC,2025-07-22 18:20:20 UTC,,,Xanthe Walker,Xanthe Walker,0,39049df3-3299-47ce-8383-1a1c9949e339,113,1,152,black spruce,10,,0.41,0.14,0.26
b8deab81-9a32-437d-8b2a-dcd9fcac5137,1f0cff4f-a6fc-4d9c-a57e-5170306800a4,1f0cff4f-a6fc-4d9c-a57e-5170306800a4,"black spruce, 2",1,2025-07-22 18:39:20 UTC,2025-07-22 18:40:08 UTC,,,Xanthe Walker,Xanthe Walker,0,b0205f92-048b-49c2-9bc8-e79bf2946dbd,47,47,47,black spruce,2,,0.5,0.49,
d2d537f4-1aa4-416f-b122-45a8e02b60c8,72ec51e1-1542-470f-9d01-850c0b541497,72ec51e1-1542-470f-9d01-850c0b541497,"black spruce, 3",1,2025-07-22 18:47:28 UTC,2025-07-22 18:48:47 UTC,,,Xanthe Walker,Xanthe Walker,0,b0205f92-048b-49c2-9bc8-e79bf2946dbd,79,79,79,black spruce,3,,0.22,0.2,0.09
833cebbb-1afc-451a-8052-9e07b435eb63,a4eb11c2-d0ba-4958-aa06-f1a4a5b46806,a4eb11c2-d0ba-4958-aa06-f1a4a5b46806,"black spruce, 3",1,2025-07-22 18:54:36 UTC,2025-07-22 18:55:23 UTC,,,Xanthe Walker,Xanthe Walker,0,39049df3-3299-47ce-8383-1a1c9949e339,46,46,46,black spruce,3,,0.17,0.18,0.15
10419289-33a5-4ed1-9c2c-fdcd457a3f1a,297682d2-7229-4bbd-85c6-09543dbb9c27,297682d2-7229-4bbd-85c6-09543dbb9c27,"black spruce, 6",1,2025-07-22 18:55:12 UTC,2025-07-22 18:56:32 UTC,,,Xanthe Walker,Xanthe Walker,0,b0205f92-048b-49c2-9bc8-e79bf2946dbd,79,79,79,black spruce,6,,0.2,0.05,0.05
e0c667ee-ee1b-4be6-883a-d61dca532b77,a2fe130c-08f3-4449-8aa9-c8092be07156,a2fe130c-08f3-4449-8aa9-c8092be07156,"black spruce, 1",1,2025-07-22 19:02:03 UTC,2025-07-22 19:03:53 UTC,,,Xanthe Walker,Xanthe Walker,0,b0205f92-048b-49c2-9bc8-e79bf2946dbd,109,109,109,black spruce,1,,0.06,,
a896f2ec-4359-411d-aaa1-d018a8175e99,ac2962fe-a2b3-4b71-93a2-d0a2fd48a8d4,ac2962fe-a2b3-4b71-93a2-d0a2fd48a8d4,"black spruce, 16",1,2025-07-22 20:02:01 UTC,2025-07-22 20:03:21 UTC,,,Xanthe Walker,Xanthe Walker,0,39049df3-3299-47ce-8383-1a1c9949e339,72,6,78,black spruce,16,,0.26,0.19,0.26
e1376b25-96e4-4cc5-b5f9-4ba873341c3a,adf84bf0-62d9-416d-8f7a-2709713ad8b9,adf84bf0-62d9-416d-8f7a-2709713ad8b9,"black spruce, 7",1,2025-07-22 20:01:06 UTC,2025-07-22 20:03:09 UTC,,,Xanthe Walker,Xanthe Walker,0,b0205f92-048b-49c2-9bc8-e79bf2946dbd,122,122,122,black spruce,7,,0.65,0.1,0.92
907f8288-c078-4ece-9254-09978343055a,4ce5ff43-9477-4ca0-9e5f-9f9f6b288094,4ce5ff43-9477-4ca0-9e5f-9f9f6b288094,"black spruce, 16",1,2025-07-22 20:16:39 UTC,2025-07-22 20:17:17 UTC,,,Xanthe Walker,Xanthe Walker,0,b0205f92-048b-49c2-9bc8-e79bf2946dbd,38,38,38,black spruce,16,,0.29,0.44,0.06
3a1a66fb-5d74-45e2-909e-269c69d4bf12,680ecb15-a5e2-4ac2-af47-b4487810b583,680ecb15-a5e2-4ac2-af47-b4487810b583,"black spruce, 23",1,2025-07-22 20:15:38 UTC,2025-07-22 20:17:25 UTC,,,Xanthe Walker,Xanthe Walker,0,39049df3-3299-47ce-8383-1a1c9949e339,107,107,107,black spruce,23,,0.34,0.4,1.31
94bf0477-a724-4215-a8fb-7d17be55b5be,9b0357fc-e046-450f-9d45-0bf4001d9ebc,9b0357fc-e046-450f-9d45-0bf4001d9ebc,"black spruce, 2",1,2025-07-22 20:22:57 UTC,2025-07-22 20:24:01 UTC,,,Xanthe Walker,Xanthe Walker,0,39049df3-3299-47ce-8383-1a1c9949e339,64,64,64,black spruce,2,,0.21,0.25,
a3cd6b30-2ba2-4672-8607-a26310b45306,f87a80c5-85cb-4273-96c1-d218b4bf617b,f87a80c5-85cb-4273-96c1-d218b4bf617b,"black spruce, 31",1,2025-07-22 20:31:00 UTC,2025-07-22 20:31:33 UTC,,,Xanthe Walker,Xanthe Walker,0,b0205f92-048b-49c2-9bc8-e79bf2946dbd,6,14,20,black spruce,31,,0.92,0.32,0.54
1da137e9-3cf2-4a82-9e27-e8f01404385e,c962abf3-1dcb-4bd6-b5c1-fc18a670c3d8,c962abf3-1dcb-4bd6-b5c1-fc18a670c3d8,"black spruce, 37",1,2025-07-22 20:35:36 UTC,2025-07-22 20:35:56 UTC,,,Xanthe Walker,Xanthe Walker,0,39049df3-3299-47ce-8383-1a1c9949e339,20,20,20,black spruce,37,,0.85,0.62,0.7
6db5a1e6-6b8b-40c0-8b5c-ee68d123a7d5,3274e2f9-8952-4421-b123-3f3e8ed35a94,3274e2f9-8952-4421-b123-3f3e8ed35a94,"black spruce, 13",1,2025-07-22 20:48:47 UTC,2025-07-22 20:49:21 UTC,,,Xanthe Walker,Xanthe Walker,0,b0205f92-048b-49c2-9bc8-e79bf2946dbd,33,33,33,black spruce,13,,0.57,0.53,0.39
6659a7f0-33cf-4e9c-a61a-cd1d019c79fe,3274e2f9-8952-4421-b123-3f3e8ed35a94,3274e2f9-8952-4421-b123-3f3e8ed35a94,"birch, 1",1,2025-07-22 20:49:24 UTC,2025-07-22 20:49:40 UTC,,,Xanthe Walker,Xanthe Walker,1,b0205f92-048b-49c2-9bc8-e79bf2946dbd,15,15,15,birch,1,,0.2,,
3bd88c98-493d-41aa-864c-ff4f81853e44,99e1bc54-affe-4063-9033-899e73d27b0c,99e1bc54-affe-4063-9033-899e73d27b0c,"black spruce, 32",1,2025-07-22 20:47:57 UTC,2025-07-22 20:48:40 UTC,,,Xanthe Walker,Xanthe Walker,0,39049df3-3299-47ce-8383-1a1c9949e339,43,43,43,black spruce,32,,0.45,0.23,0.35
c364df3c-0d42-48c1-ba8b-d7e131ae3329,945a640d-fc0a-429b-93cc-373b9763fbec,945a640d-fc0a-429b-93cc-373b9763fbec,"black spruce, 22",1,2025-07-22 21:50:46 UTC,2025-07-22 21:52:39 UTC,,,Xanthe Walker,Xanthe Walker,0,39049df3-3299-47ce-8383-1a1c9949e339,112,112,112,black spruce,22,,0.56,0.39,1.39
1b3b48c8-99c6-4326-9b1a-44c381b414bc,945a640d-fc0a-429b-93cc-373b9763fbec,945a640d-fc0a-429b-93cc-373b9763fbec,"birch, 3",1,2025-07-22 21:52:40 UTC,2025-07-22 21:54:27 UTC,,,Xanthe Walker,Xanthe Walker,1,39049df3-3299-47ce-8383-1a1c9949e339,107,107,107,birch,3,,0.36,0.33,0.54
56554046-1d55-4039-bfdf-0062ca6767dc,8f1a9b34-5ac8-4e7b-b14f-86f7388f5f25,8f1a9b34-5ac8-4e7b-b14f-86f7388f5f25,"black spruce, 3",1,2025-07-22 21:55:02 UTC,2025-07-22 21:55:28 UTC,,,Xanthe Walker,Xanthe Walker,0,b0205f92-048b-49c2-9bc8-e79bf2946dbd,25,25,25,black spruce,3,,0.93,0.99,0.31
6f991b09-c899-48ba-b6c6-69518f95b0de,8f1a9b34-5ac8-4e7b-b14f-86f7388f5f25,8f1a9b34-5ac8-4e7b-b14f-86f7388f5f25,"birch, 3",1,2025-07-22 21:55:29 UTC,2025-07-22 21:55:52 UTC,,,Xanthe Walker,Xanthe Walker,1,b0205f92-048b-49c2-9bc8-e79bf2946dbd,22,22,22,birch,3,,0.83,0.05,0.92
d83e0187-5d93-4f7c-8925-bb4c5a59f7aa,bef760e9-b9bb-426a-8a77-fe2a2c61b082,bef760e9-b9bb-426a-8a77-fe2a2c61b082,"black spruce, 23",1,2025-07-22 22:06:25 UTC,2025-07-22 22:07:09 UTC,,,Xanthe Walker,Xanthe Walker,0,39049df3-3299-47ce-8383-1a1c9949e339,44,44,44,black spruce,23,,0.7,0.12,0.17
4fa32f82-fe79-4d39-81c4-6b1a5fbbe0dc,bef760e9-b9bb-426a-8a77-fe2a2c61b082,bef760e9-b9bb-426a-8a77-fe2a2c61b082,"birch, 3",1,2025-07-22 22:07:11 UTC,2025-07-22 22:08:05 UTC,,,Xanthe Walker,Xanthe Walker,1,39049df3-3299-47ce-8383-1a1c9949e339,54,54,54,birch,3,,0.77,0.34,0.54
803ce5a4-9000-433b-b6ab-70cf12a4cc14,3187ffbb-a182-4036-911a-3d896d0292af,3187ffbb-a182-4036-911a-3d896d0292af,"black spruce, 6",1,2025-07-22 22:04:45 UTC,2025-07-22 22:05:23 UTC,,,Xanthe Walker,Xanthe Walker,0,b0205f92-048b-49c2-9bc8-e79bf2946dbd,38,38,38,black spruce,6,,0.25,0.31,0.35
f2bf97f2-7f67-4cae-a3a8-e128606f7251,3187ffbb-a182-4036-911a-3d896d0292af,3187ffbb-a182-4036-911a-3d896d0292af,"birch, 6",1,2025-07-22 22:05:25 UTC,2025-07-22 22:06:16 UTC,,,Xanthe Walker,Xanthe Walker,1,b0205f92-048b-49c2-9bc8-e79bf2946dbd,51,51,51,birch,6,,0.1,0.23,0.3
fc7fc369-696d-46f9-9d35-90f0295cdd2c,e66ba71e-bf4b-4df4-8a89-25932bf58cf7,e66ba71e-bf4b-4df4-8a89-25932bf58cf7,"black spruce, 4",1,2025-07-22 22:15:58 UTC,2025-07-22 22:16:53 UTC,,,Xanthe Walker,Xanthe Walker,0,b0205f92-048b-49c2-9bc8-e79bf2946dbd,55,55,55,black spruce,4,,0.39,0.2,0.17
5c610957-9dcd-4e2e-a968-83bd75497a89,e66ba71e-bf4b-4df4-8a89-25932bf58cf7,e66ba71e-bf4b-4df4-8a89-25932bf58cf7,"birch, 7",1,2025-07-22 22:16:54 UTC,2025-07-22 22:18:07 UTC,,,Xanthe Walker,Xanthe Walker,1,b0205f92-048b-49c2-9bc8-e79bf2946dbd,72,72,72,birch,7,,0.11,0.3,0.21
9f6a53e6-fd92-4dad-8836-171679d401c9,a669c2bc-1d15-4cc6-a65f-9ab75349099b,a669c2bc-1d15-4cc6-a65f-9ab75349099b,"black spruce, 19",1,2025-07-22 22:15:56 UTC,2025-07-22 22:16:41 UTC,,,Xanthe Walker,Xanthe Walker,0,39049df3-3299-47ce-8383-1a1c9949e339,45,45,45,black spruce,19,,0.42,0.3,0.37
bf214f4f-0b9e-45bb-be0d-ccc84424be91,a669c2bc-1d15-4cc6-a65f-9ab75349099b,a669c2bc-1d15-4cc6-a65f-9ab75349099b,"birch, 6",1,2025-07-22 22:16:43 UTC,2025-07-22 22:17:49 UTC,,,Xanthe Walker,Xanthe Walker,1,39049df3-3299-47ce-8383-1a1c9949e339,66,66,66,birch,6,,0.33,0.2,0.14
dedca7dd-048e-42f3-8f22-aa4f0c573319,6ebc5901-2cbb-4e92-baaa-6fee3a754e74,6ebc5901-2cbb-4e92-baaa-6fee3a754e74,"black spruce, 12",1,2025-07-22 22:26:46 UTC,2025-07-22 22:27:34 UTC,,,Xanthe Walker,Xanthe Walker,0,39049df3-3299-47ce-8383-1a1c9949e339,48,48,48,black spruce,12,,0.64,0.73,0.35
6acdeddc-79f1-4b51-ab28-5b9549bb525b,6ebc5901-2cbb-4e92-baaa-6fee3a754e74,6ebc5901-2cbb-4e92-baaa-6fee3a754e74,"birch, 2",1,2025-07-22 22:27:36 UTC,2025-07-22 22:28:12 UTC,,,Xanthe Walker,Xanthe Walker,1,39049df3-3299-47ce-8383-1a1c9949e339,35,35,35,birch,2,,0.16,0.18,
3c60f90d-ca59-49fa-8d2f-42b69b7bcbcd,aeb48987-5991-4a4b-a7d0-c8c4bf0cffad,aeb48987-5991-4a4b-a7d0-c8c4bf0cffad,"black spruce, 9",1,2025-07-22 22:30:29 UTC,2025-07-22 22:31:32 UTC,,,Xanthe Walker,Xanthe Walker,0,b0205f92-048b-49c2-9bc8-e79bf2946dbd,62,62,62,black spruce,9,,0.67,0.35,0.67
229f2db9-ab87-4ff1-b2f0-b3f55dcc2a85,aeb48987-5991-4a4b-a7d0-c8c4bf0cffad,aeb48987-5991-4a4b-a7d0-c8c4bf0cffad,"birch, 6",1,2025-07-22 22:31:33 UTC,2025-07-22 22:32:55 UTC,,,Xanthe Walker,Xanthe Walker,1,b0205f92-048b-49c2-9bc8-e79bf2946dbd,81,81,81,birch,6,,0.12,0.21,0.11
51cd5402-7a0b-47a3-b610-ebc9802915ba,8b32d6f7-8978-4921-8462-cc5118320eb4,8b32d6f7-8978-4921-8462-cc5118320eb4,"black spruce, 2",1,2025-07-22 22:39:18 UTC,2025-07-22 22:39:50 UTC,,,Xanthe Walker,Xanthe Walker,0,b0205f92-048b-49c2-9bc8-e79bf2946dbd,31,31,31,black spruce,2,,0.81,0.56,
31669c09-3d72-43a6-aab8-99ed07fe0875,8b32d6f7-8978-4921-8462-cc5118320eb4,8b32d6f7-8978-4921-8462-cc5118320eb4,"birch, 1",1,2025-07-22 22:39:51 UTC,2025-07-22 22:40:01 UTC,,,Xanthe Walker,Xanthe Walker,1,b0205f92-048b-49c2-9bc8-e79bf2946dbd,10,10,10,birch,1,,0.91,,
0cb26234-bc9d-4a6f-b7b4-cce6c94ba034,562322b7-6a7f-4530-ab63-5ee0b7059efd,562322b7-6a7f-4530-ab63-5ee0b7059efd,"birch, 2",1,2025-08-04 00:32:38 UTC,2025-08-04 00:40:03 UTC,,,Xanthe Walker,Xanthe Walker,0,bede9b12-8604-4351-951a-dda789225832,37,21,58,birch,2,BD2 too small,0.37,,
61d474e9-0ce7-4fd7-ad99-63f18fefe41c,c12ce7ad-e579-443a-a8b0-ed3ff0a04a3b,c12ce7ad-e579-443a-a8b0-ed3ff0a04a3b,"black spruce, 1",1,2025-08-04 03:35:45 UTC,2025-08-04 03:35:45 UTC,,,Xanthe Walker,Xanthe Walker,0,70ee45cf-efc7-4bf7-b4d3-9fc29b128428,17,17,17,black spruce,1,below 0.05,,,
12e40309-8c72-434f-bc0f-059afb1e1d99,7c295e70-e13d-4512-83bd-ce436edfe8b3,7c295e70-e13d-4512-83bd-ce436edfe8b3,"birch, 1",1,2025-08-03 23:39:25 UTC,2025-08-03 23:40:12 UTC,,,Xanthe Walker,Xanthe Walker,0,ea383bb7-758a-4604-b815-1caa5b105f58,46,46,46,birch,1,,0.15,,
b2bcf2b0-436a-4b95-bd9b-52a774c9798e,7c295e70-e13d-4512-83bd-ce436edfe8b3,7c295e70-e13d-4512-83bd-ce436edfe8b3,"black spruce, 3",1,2025-08-04 03:36:41 UTC,2025-08-04 03:36:41 UTC,,,Xanthe Walker,Xanthe Walker,1,85882e93-18e6-4a43-998a-58f1e4c15cdc,12,12,12,black spruce,3,Below 0.05,,,
32fc8de4-ab7b-4c04-8505-0ef92ba5fac3,4750e9eb-5854-49e1-a948-7faf8107695d,4750e9eb-5854-49e1-a948-7faf8107695d,"larch, 4",1,2025-08-03 19:55:48 UTC,2025-08-03 19:57:02 UTC,,,Xanthe Walker,Xanthe Walker,0,ea383bb7-758a-4604-b815-1caa5b105f58,73,73,73,larch,4,,0.7,0.1,0.25
54685137-6914-4ff4-9c03-a2f3472b759b,6713c621-4e5b-4528-bb42-fcfed64606f2,6713c621-4e5b-4528-bb42-fcfed64606f2,"black spruce, 1",1,2025-08-03 18:50:29 UTC,2025-08-03 18:50:39 UTC,,,Xanthe Walker,Xanthe Walker,0,ea383bb7-758a-4604-b815-1caa5b105f58,10,10,10,black spruce,1,,0.07,,
6e3949f3-eca2-4cc6-bbb1-972ca38f6dbd,6713c621-4e5b-4528-bb42-fcfed64606f2,6713c621-4e5b-4528-bb42-fcfed64606f2,"larch, 1",1,2025-08-03 18:50:40 UTC,2025-08-03 18:50:54 UTC,,,Xanthe Walker,Xanthe Walker,1,ea383bb7-758a-4604-b815-1caa5b105f58,13,13,13,larch,1,,0.45,,
f93cf106-3001-4989-9274-5edd0a88323a,75cb5e0f-06c8-41f3-826f-697b7c62aeb2,75cb5e0f-06c8-41f3-826f-697b7c62aeb2,"black spruce, 2",1,2025-08-03 18:45:16 UTC,2025-08-03 18:45:29 UTC,,,Xanthe Walker,Xanthe Walker,0,ea383bb7-758a-4604-b815-1caa5b105f58,12,12,12,black spruce,2,All below 0.5,,,
807bbf1a-15d5-4ed5-8692-5af38c5af916,e9d3cd07-0c4b-45a0-87e0-881717f07626,e9d3cd07-0c4b-45a0-87e0-881717f07626,"larch, 4",1,2025-08-03 18:24:25 UTC,2025-08-03 18:25:35 UTC,,,Xanthe Walker,Xanthe Walker,0,ea383bb7-758a-4604-b815-1caa5b105f58,70,70,70,larch,4, ,0.55,0.42,0.39
c7772791-2c0c-4238-9d58-94bbd0f7b81f,192e1389-aaf7-431d-a4b8-7350a1e0fa59,192e1389-aaf7-431d-a4b8-7350a1e0fa59,"birch, 1",1,2025-08-03 20:43:14 UTC,2025-08-03 20:43:24 UTC,,,Xanthe Walker,Xanthe Walker,0,ea383bb7-758a-4604-b815-1caa5b105f58,10,10,10,birch,1,,0.07,,
c91169fb-2341-4a96-8d22-bb9b6d047338,8a1f0dc6-2f50-4ae8-a486-0a51a9e26ed9,8a1f0dc6-2f50-4ae8-a486-0a51a9e26ed9,"birch, 14",1,2025-08-03 20:54:36 UTC,2025-08-03 20:54:50 UTC,,,Xanthe Walker,Xanthe Walker,0,ea383bb7-758a-4604-b815-1caa5b105f58,14,14,14,birch,14,,0.07,0.2,0.14
68a48cf8-076c-4779-b7a2-8dd88c734750,8a1f0dc6-2f50-4ae8-a486-0a51a9e26ed9,8a1f0dc6-2f50-4ae8-a486-0a51a9e26ed9,"black spruce, 1",1,2025-08-03 20:54:52 UTC,2025-08-03 20:55:25 UTC,,,Xanthe Walker,Xanthe Walker,1,ea383bb7-758a-4604-b815-1caa5b105f58,33,33,33,black spruce,1,,0.1,,
4487b55e-620a-48e9-89c9-4d5903a53a74,cf4ade8d-90f0-4bed-b757-bb3442d1ca4b,cf4ade8d-90f0-4bed-b757-bb3442d1ca4b,"black spruce, 1",1,2025-08-03 21:05:41 UTC,2025-08-03 21:05:54 UTC,,,Xanthe Walker,Xanthe Walker,0,ea383bb7-758a-4604-b815-1caa5b105f58,13,13,13,black spruce,1,Below 0.05,,,
91aef85c-e98e-4451-8313-c8a664c396c2,cf4ade8d-90f0-4bed-b757-bb3442d1ca4b,cf4ade8d-90f0-4bed-b757-bb3442d1ca4b,"birch, 1",1,2025-08-03 21:05:55 UTC,2025-08-03 21:06:10 UTC,,,Xanthe Walker,Xanthe Walker,1,ea383bb7-758a-4604-b815-1caa5b105f58,14,14,14,birch,1,Below 0.05,,,
6f3b5078-c87b-4190-81db-d43403280511,79fc4c06-60a3-4e46-83a7-cbbcd551ca39,79fc4c06-60a3-4e46-83a7-cbbcd551ca39,"birch, 3",1,2025-08-03 21:17:27 UTC,2025-08-03 21:18:02 UTC,,,Xanthe Walker,Xanthe Walker,0,ea383bb7-758a-4604-b815-1caa5b105f58,34,34,34,birch,3,Other two birch are below 0.05,0.09,,
280d5475-d1cc-4d42-8988-0709ca62c6eb,0d6a1107-ac66-42a3-ac67-46207f49b678,0d6a1107-ac66-42a3-ac67-46207f49b678,"black spruce, 1",1,2025-08-03 21:27:47 UTC,2025-08-03 21:28:15 UTC,,,Xanthe Walker,Xanthe Walker,0,ea383bb7-758a-4604-b815-1caa5b105f58,27,27,27,black spruce,1,Tiny below 0.05,,,
129013a4-6511-42a9-9d6f-c3b451f5d83c,48f3058b-1f1f-412c-b794-8713ea062f19,48f3058b-1f1f-412c-b794-8713ea062f19,"birch, 2",1,2025-08-03 21:51:24 UTC,2025-08-03 21:51:38 UTC,,,Xanthe Walker,Xanthe Walker,0,ea383bb7-758a-4604-b815-1caa5b105f58,13,13,13,birch,2,,0.15,0.34,
a92060f2-2e0b-4592-b0c8-87f0147783e1,e3c0f197-51a1-4c8d-95ee-78cbc03d7fad,e3c0f197-51a1-4c8d-95ee-78cbc03d7fad,"black spruce, 1",1,2025-08-03 22:00:27 UTC,2025-08-03 22:00:39 UTC,,,Xanthe Walker,Xanthe Walker,0,ea383bb7-758a-4604-b815-1caa5b105f58,11,11,11,black spruce,1,Below 0.05,,,
19b50c8e-8306-4c1b-8501-3fb9939cbfb9,3966aaa3-cc3b-4eae-b318-2ef93775483e,3966aaa3-cc3b-4eae-b318-2ef93775483e,"birch, 1",1,2025-08-03 22:10:23 UTC,2025-08-03 22:10:32 UTC,,,Xanthe Walker,Xanthe Walker,0,ea383bb7-758a-4604-b815-1caa5b105f58,9,9,9,birch,1,,0.1,,
b1af0da9-d529-44af-8fb1-41e1a0c2e8a2,d5e43aca-f0d2-4726-855a-1f926a658cd2,d5e43aca-f0d2-4726-855a-1f926a658cd2,"black spruce, 1",1,2025-07-31 20:29:00 UTC,2025-07-31 20:29:34 UTC,,,Xanthe Walker,Xanthe Walker,0,5f40167a-2c58-441c-9b34-1df4429de0ce,34,34,34,black spruce,1,Tiny! Below 0.05 ,0.05,,
8f99ae5a-71c7-4258-9bd4-b515f2f74bc5,9da6a739-a90b-42a7-b043-f5b5dde612a8,9da6a739-a90b-42a7-b043-f5b5dde612a8,"birch, 5",1,2025-07-31 21:03:31 UTC,2025-07-31 21:05:07 UTC,,,Xanthe Walker,Xanthe Walker,0,5f40167a-2c58-441c-9b34-1df4429de0ce,11,4,71,birch,5,,0.15,0.08,0.08
e34265e8-8e8f-40a0-b6b2-bdcdc8a90ec2,9da6a739-a90b-42a7-b043-f5b5dde612a8,9da6a739-a90b-42a7-b043-f5b5dde612a8,"black spruce, 1",1,2025-07-31 21:10:13 UTC,2025-07-31 21:10:41 UTC,,,Xanthe Walker,Xanthe Walker,1,5f40167a-2c58-441c-9b34-1df4429de0ce,27,27,27,black spruce,1,Tiny below 0.05,0.05,,
731dc78d-3ba2-4faf-b09f-04929689d527,f61bd9f2-9b88-4017-98c7-9dde523fa802,f61bd9f2-9b88-4017-98c7-9dde523fa802,"birch, 1",1,2025-07-31 21:14:22 UTC,2025-07-31 21:14:37 UTC,,,Xanthe Walker,Xanthe Walker,0,5f40167a-2c58-441c-9b34-1df4429de0ce,15,15,15,birch,1,,0.09,,
3f830691-ea0c-460c-be67-474476579663,3b088d79-768b-433a-a6f5-6281b3858492,3b088d79-768b-433a-a6f5-6281b3858492,"birch, 2",1,2025-07-31 21:27:16 UTC,2025-07-31 21:27:35 UTC,,,Xanthe Walker,Xanthe Walker,0,5f40167a-2c58-441c-9b34-1df4429de0ce,19,19,19,birch,2,,0.11,0.12,
3e33c8ed-a4f1-4c6e-8bd5-720c02b07d56,3b088d79-768b-433a-a6f5-6281b3858492,3b088d79-768b-433a-a6f5-6281b3858492,"black spruce, 2",1,2025-07-31 21:36:05 UTC,2025-07-31 21:36:24 UTC,,,Xanthe Walker,Xanthe Walker,1,5f40167a-2c58-441c-9b34-1df4429de0ce,19,19,19,black spruce,2,Tiny/below .05,,,
45d1db80-70ac-43b4-a110-fe60d66c8134,9a70a2f1-6bcd-4734-a83d-0e64299dfca4,9a70a2f1-6bcd-4734-a83d-0e64299dfca4,"black spruce, 1",1,2025-07-31 22:07:16 UTC,2025-07-31 22:07:31 UTC,,,Xanthe Walker,Xanthe Walker,0,5f40167a-2c58-441c-9b34-1df4429de0ce,15,15,15,black spruce,1,Below .05,,,
758cc8ce-993f-4d48-bc15-966bd3234d62,3b472b2c-31e0-424c-a699-a065a169d964,3b472b2c-31e0-424c-a699-a065a169d964,"black spruce, 1",1,2025-07-31 23:30:51 UTC,2025-07-31 23:31:06 UTC,,,Xanthe Walker,Xanthe Walker,0,5f40167a-2c58-441c-9b34-1df4429de0ce,15,15,15,black spruce,1,Tiny below 0.05,,,
77c8df15-5289-4073-afc4-273792a56d45,2459cfcd-0933-49c3-9421-30aeae80d0d5,2459cfcd-0933-49c3-9421-30aeae80d0d5,"black spruce, 5",1,2025-07-31 23:02:55 UTC,2025-07-31 23:03:26 UTC,,,Xanthe Walker,Xanthe Walker,0,5f40167a-2c58-441c-9b34-1df4429de0ce,30,30,30,black spruce,5,Tiny! Below 0.05,,,
c9f0a908-e767-45f5-a445-2490dfb0ccdd,2459cfcd-0933-49c3-9421-30aeae80d0d5,2459cfcd-0933-49c3-9421-30aeae80d0d5,"birch, 1",1,2025-07-31 23:07:03 UTC,2025-07-31 23:10:59 UTC,,,Xanthe Walker,Xanthe Walker,1,5f40167a-2c58-441c-9b34-1df4429de0ce,183,183,183,birch,1,I think this is hybrid,0.14,,
4b5d7fe3-e760-425d-b923-2bf563748d69,19708996-7402-4a06-837a-f5d4be09b8d0,19708996-7402-4a06-837a-f5d4be09b8d0,"black spruce, 2",1,2025-07-31 23:36:59 UTC,2025-07-31 23:42:18 UTC,,,Xanthe Walker,Xanthe Walker,0,5f40167a-2c58-441c-9b34-1df4429de0ce,20,3,23,black spruce,2,Tiny below 0.05,,,
e4da98aa-b918-4a91-9740-e48cdb385dce,7c58faf5-6df1-4604-b86b-b717d5e6a790,7c58faf5-6df1-4604-b86b-b717d5e6a790,"black spruce, 3",1,2025-07-31 23:54:18 UTC,2025-07-31 23:59:51 UTC,,,Xanthe Walker,Xanthe Walker,0,5f40167a-2c58-441c-9b34-1df4429de0ce,22,3,25,black spruce,3,Less than 0.05 bd,,,
8017d958-aa00-4442-81eb-8ad9c1e4acdb,32124b28-331f-4f49-86d1-0bbf63d0f3fb,32124b28-331f-4f49-86d1-0bbf63d0f3fb,"birch, 1",1,2025-08-01 00:09:02 UTC,2025-08-01 00:09:50 UTC,,,Xanthe Walker,Xanthe Walker,0,ceeaceee-de1d-4edf-ac13-963c7cf314da,48,48,48,birch,1,,0.33,,
70aea761-955e-47a4-8e1f-84d07d856595,f8608ccd-5797-42df-a422-2de1b77f97ed,f8608ccd-5797-42df-a422-2de1b77f97ed,"black spruce, 2",1,2025-08-01 00:03:57 UTC,2025-08-01 00:07:47 UTC,,,Xanthe Walker,Xanthe Walker,0,5f40167a-2c58-441c-9b34-1df4429de0ce,16,3,19,black spruce,2,Less than 0.05 bd,,,
66ed6aab-7809-4b61-a1f1-bd5771f8657e,a3c419ba-e380-44dd-ae70-43c34895faac,a3c419ba-e380-44dd-ae70-43c34895faac,"black spruce, 1",1,2025-08-01 00:23:10 UTC,2025-08-01 00:23:30 UTC,,,Xanthe Walker,Xanthe Walker,0,ceeaceee-de1d-4edf-ac13-963c7cf314da,20,20,20,black spruce,1,"Very small, under 0.5",,,
b7fdad3f-08f8-48ee-8690-0d8cc331431c,56e4f0a2-fe73-4d9d-bf46-bcb2fc273135,56e4f0a2-fe73-4d9d-bf46-bcb2fc273135,"black spruce, 3",1,2025-08-01 00:13:34 UTC,2025-08-01 00:21:12 UTC,,,Xanthe Walker,Xanthe Walker,0,5f40167a-2c58-441c-9b34-1df4429de0ce,16,13,29,black spruce,3,Super tiny less than 0.05 bd,,,
c94a98da-7dd2-46d0-8620-292d6c62ff73,388c4f98-6ae6-4466-8ab2-de8156806415,388c4f98-6ae6-4466-8ab2-de8156806415,"black spruce, 11",1,2025-08-01 01:47:54 UTC,2025-08-01 01:48:08 UTC,,,Xanthe Walker,Xanthe Walker,0,5f40167a-2c58-441c-9b34-1df4429de0ce,14,14,14,black spruce,11,Under .5,,,
5c55f582-548d-44ec-9bc6-ee99b355b929,9163a860-6953-4973-bb83-944e31c2ed7f,9163a860-6953-4973-bb83-944e31c2ed7f,"birch, 7",1,2025-08-01 01:31:25 UTC,2025-08-01 01:32:41 UTC,,,Xanthe Walker,Xanthe Walker,0,5f40167a-2c58-441c-9b34-1df4429de0ce,75,75,75,birch,7,All coming from one stump,0.44,0.45,0.96
19905f1b-6780-4cec-aa47-ea59dab6e77d,94ec9b7d-0396-4f02-99f8-70ecd8282340,94ec9b7d-0396-4f02-99f8-70ecd8282340,"birch, 5",1,2025-08-01 01:29:47 UTC,2025-08-01 01:31:19 UTC,,,Xanthe Walker,Xanthe Walker,0,7630ee8b-ae59-445b-955b-0f652a23182e,92,92,92,birch,5,,0.07,0.1,0.11
3e222f67-29e9-4c21-8d6b-a7af0ef12984,870ea7c0-e414-4b72-a194-c9fbe3b8779c,870ea7c0-e414-4b72-a194-c9fbe3b8779c,"black spruce, 4",1,2025-08-01 01:20:12 UTC,2025-08-01 01:20:43 UTC,,,Xanthe Walker,Xanthe Walker,0,5f40167a-2c58-441c-9b34-1df4429de0ce,30,30,30,black spruce,4,Tiny! All below 0.05,,,
b7741cc1-3474-42f6-962f-0ec6d440c924,ed98acdd-e0d2-4465-b172-d3f80486c7c1,ed98acdd-e0d2-4465-b172-d3f80486c7c1,"black spruce, 5",1,2025-08-01 01:09:08 UTC,2025-08-01 01:12:56 UTC,,,Xanthe Walker,Xanthe Walker,0,5f40167a-2c58-441c-9b34-1df4429de0ce,20,5,25,black spruce,5,Tiny below 0.05,,,
4cd3e860-a4f2-40b6-8698-9e76c5d19f6b,4166b043-8409-4929-b90d-111deb26a7f9,4166b043-8409-4929-b90d-111deb26a7f9,"black spruce, 1",1,2025-08-01 00:50:57 UTC,2025-08-01 00:51:16 UTC,,,Xanthe Walker,Xanthe Walker,0,5f40167a-2c58-441c-9b34-1df4429de0ce,19,19,19,black spruce,1,Tiny below 0.05,,,
ef1c6914-4676-4442-b4d5-9073209f8e39,81aac6b0-9173-40b7-978d-0560bea1cf31,81aac6b0-9173-40b7-978d-0560bea1cf31,"birch, 8",1,2025-07-23 18:32:29 UTC,2025-07-23 18:33:45 UTC,,,Xanthe Walker,Xanthe Walker,0,d4b8eb79-4276-4056-ab00-0e50e277bbcc,75,75,75,birch,8,,0.11,0.08,0.06
48ca3e3b-cd3c-461e-8de9-ab52b6c833e3,7b4e5d74-bb11-4661-baa1-4487dc0d2546,7b4e5d74-bb11-4661-baa1-4487dc0d2546,"birch, 2",1,2025-07-23 18:44:23 UTC,2025-07-23 18:45:43 UTC,,,Xanthe Walker,Xanthe Walker,0,d4b8eb79-4276-4056-ab00-0e50e277bbcc,80,80,80,birch,2,,0.12,0.1,
ef2da3ce-0729-4ceb-9340-20721e476bae,c1affd74-6565-4edd-86f8-cc566200c902,c1affd74-6565-4edd-86f8-cc566200c902,"birch, 2",1,2025-07-23 18:51:20 UTC,2025-07-23 18:51:53 UTC,,,Xanthe Walker,Xanthe Walker,0,d4b8eb79-4276-4056-ab00-0e50e277bbcc,32,32,32,birch,2,,0.05,0.07,
f62ef834-dd38-46cb-a9ea-3555583fcf30,ff662a88-e5fb-455d-841a-d8d159f524aa,ff662a88-e5fb-455d-841a-d8d159f524aa,"birch, 3",1,2025-07-23 19:01:38 UTC,2025-07-23 19:08:43 UTC,,,Xanthe Walker,Xanthe Walker,0,d4b8eb79-4276-4056-ab00-0e50e277bbcc,38,8,46,birch,3,,0.11,0.05,0.03
6fb19733-515d-41a2-842a-fa9e128cad1b,ec67a3e1-8532-420b-ad93-f9b3b15d3af8,ec67a3e1-8532-420b-ad93-f9b3b15d3af8,"birch, 2",1,2025-07-23 19:18:02 UTC,2025-07-23 19:19:07 UTC,,,Xanthe Walker,Xanthe Walker,0,d4b8eb79-4276-4056-ab00-0e50e277bbcc,64,64,64,birch,2,,0.07,0.04,
fedbc83c-f521-4a73-af14-cc5768d5cced,b875b50f-813d-40f9-b66a-cc68fa9eb99d,b875b50f-813d-40f9-b66a-cc68fa9eb99d,"birch, 1",1,2025-07-23 19:27:38 UTC,2025-07-23 19:27:50 UTC,,,Xanthe Walker,Xanthe Walker,0,d4b8eb79-4276-4056-ab00-0e50e277bbcc,12,12,12,birch,1,,0.03,,
043bbe9e-49b4-4e90-9466-a605184eb83e,97a932a8-22ef-4363-aa3c-00e62f4d6e94,97a932a8-22ef-4363-aa3c-00e62f4d6e94,"birch, 3",1,2025-07-23 19:35:03 UTC,2025-07-23 19:39:26 UTC,,,Xanthe Walker,Xanthe Walker,0,d4b8eb79-4276-4056-ab00-0e50e277bbcc,107,21,128,birch,3,"Small seedlings, difficult to get basal diameter",0.04,0.08,0.06
62f86d64-812c-43d5-a8f8-7629a1bfbb17,97a932a8-22ef-4363-aa3c-00e62f4d6e94,97a932a8-22ef-4363-aa3c-00e62f4d6e94,"black spruce, 1",1,2025-07-23 19:36:52 UTC,2025-07-23 19:37:04 UTC,,,Xanthe Walker,Xanthe Walker,1,d4b8eb79-4276-4056-ab00-0e50e277bbcc,12,12,12,black spruce,1,,0.1,,
3e25bfd4-e0e6-4900-a6ee-4aa0f2325c66,68b63688-cb78-40de-a85d-03f48a2bf332,68b63688-cb78-40de-a85d-03f48a2bf332,"birch, 1",1,2025-07-23 19:45:36 UTC,2025-07-23 19:46:29 UTC,,,Xanthe Walker,Xanthe Walker,0,d4b8eb79-4276-4056-ab00-0e50e277bbcc,6,27,33,birch,1,,0.09,,
06d13765-6d74-4058-9ab5-6211d39892af,8143aac7-b5c6-4ecf-bd99-7d45b21c2cb4,8143aac7-b5c6-4ecf-bd99-7d45b21c2cb4,"birch, 3",1,2025-07-23 21:08:19 UTC,2025-07-23 21:09:51 UTC,,,Xanthe Walker,Xanthe Walker,0,d4b8eb79-4276-4056-ab00-0e50e277bbcc,92,92,92,birch,3,Very tiny seedling,0.04,0.03,0.01
1cf0eaf0-e0dc-4d7f-a96c-443c95f72828,ebc309ff-6ae1-427b-8c9b-a157bb0b6faf,ebc309ff-6ae1-427b-8c9b-a157bb0b6faf,"birch, 4",1,2025-07-23 21:15:20 UTC,2025-07-23 21:18:51 UTC,,,Xanthe Walker,Xanthe Walker,0,d4b8eb79-4276-4056-ab00-0e50e277bbcc,44,79,123,birch,4,,0.04,0.03,0.06
b33145b7-a2e7-4e50-9b78-85f2cddd11ee,ebc309ff-6ae1-427b-8c9b-a157bb0b6faf,ebc309ff-6ae1-427b-8c9b-a157bb0b6faf,"black spruce, 8",1,2025-07-23 21:16:07 UTC,2025-07-23 21:17:29 UTC,,,Xanthe Walker,Xanthe Walker,1,d4b8eb79-4276-4056-ab00-0e50e277bbcc,82,82,82,black spruce,8,"Very very tiny seedlings, difficult to measure basal diameter",0.08,0.05,0.01
3afa062c-a2fa-4dc6-a263-36ebfab9ca89,ec465ecc-4d89-42c2-8f9f-143a9b845ab6,ec465ecc-4d89-42c2-8f9f-143a9b845ab6,"black spruce, 6",1,2025-07-23 21:37:19 UTC,2025-07-23 21:38:32 UTC,,,Xanthe Walker,Xanthe Walker,0,d4b8eb79-4276-4056-ab00-0e50e277bbcc,72,72,72,black spruce,6,,0.01,0.02,0.02
2ad1f0a8-f450-445e-98bd-8a3a27bb5c41,ddbcb67f-26ab-46aa-a95f-2e81082d4227,ddbcb67f-26ab-46aa-a95f-2e81082d4227,"black spruce, 1",1,2025-07-23 21:45:51 UTC,2025-07-23 21:47:01 UTC,,,Xanthe Walker,Xanthe Walker,0,d4b8eb79-4276-4056-ab00-0e50e277bbcc,28,12,40,black spruce,1,,0.02,,
6055cfee-2ad3-4617-beb5-610f06c7082a,ddbcb67f-26ab-46aa-a95f-2e81082d4227,ddbcb67f-26ab-46aa-a95f-2e81082d4227,"birch, 1",1,2025-07-23 21:46:20 UTC,2025-07-23 21:46:47 UTC,,,Xanthe Walker,Xanthe Walker,1,d4b8eb79-4276-4056-ab00-0e50e277bbcc,11,13,24,birch,1,,0.05,,
4db4fc27-a0db-47de-ac92-699878abdcfd,fb2357ba-dff4-4c2e-b19b-1ed0cfebcaf4,fb2357ba-dff4-4c2e-b19b-1ed0cfebcaf4,"black spruce, 8",1,2025-07-23 22:13:22 UTC,2025-07-23 22:14:02 UTC,,,Xanthe Walker,Xanthe Walker,0,d4b8eb79-4276-4056-ab00-0e50e277bbcc,39,39,39,black spruce,8,,0.02,0.04,0.04
69268c47-b46c-4262-bc3d-bdd427fe4268,726dab79-6913-43c8-a689-37e00e845334,726dab79-6913-43c8-a689-37e00e845334,"black spruce, 1",1,2025-08-09 00:02:22 UTC,2025-08-09 00:02:43 UTC,,,Xanthe Walker,Xanthe Walker,0,f3505b38-06f3-44be-9b08-ee5d5430dcb1,20,20,20,black spruce,1,,0.18,,
6f7b2fcc-800b-4d8d-942b-9d8ea7454dd7,76eb8e7a-2541-4631-843f-a0fa39a87a03,76eb8e7a-2541-4631-843f-a0fa39a87a03,"birch, 1",1,2025-08-08 23:52:35 UTC,2025-08-08 23:54:14 UTC,,,Xanthe Walker,Xanthe Walker,0,f3505b38-06f3-44be-9b08-ee5d5430dcb1,99,99,99,birch,1,Looks like an after fire resprout still under DBH,2.2,,
09a0a87f-8e64-44ca-8612-4062f3bfd910,619230f6-9e2d-4bba-bc7d-b85405d9a0cd,619230f6-9e2d-4bba-bc7d-b85405d9a0cd,"birch, 1",1,2025-08-08 23:43:14 UTC,2025-08-08 23:43:26 UTC,,,Xanthe Walker,Xanthe Walker,0,f3505b38-06f3-44be-9b08-ee5d5430dcb1,11,11,11,birch,1,,0.14,,
b7316f9e-ec34-467f-bd76-d9cd93dab5e5,b9748ce5-1589-406a-ae9b-7fd611292a01,b9748ce5-1589-406a-ae9b-7fd611292a01,"black spruce, 1",1,2025-08-08 22:00:56 UTC,2025-08-08 22:01:11 UTC,,,Xanthe Walker,Xanthe Walker,0,f3505b38-06f3-44be-9b08-ee5d5430dcb1,14,14,14,black spruce,1,Below 0.05,,,
b6835e7f-d11b-4a3b-8a2b-1a941abba2e5,311e7c9b-4dcb-42df-ba41-05ce1077a000,311e7c9b-4dcb-42df-ba41-05ce1077a000,"black spruce, 1",1,2025-08-08 21:28:39 UTC,2025-08-08 21:29:09 UTC,,,Xanthe Walker,Xanthe Walker,0,ae1ca507-fe3e-4dc1-99de-f00a5bc6f1ec,29,29,29,black spruce,1,,0.15,,
f4e400fa-38fe-4e30-8fb7-48434342c460,90d5185b-7855-4e2c-ae86-d3080c09af74,90d5185b-7855-4e2c-ae86-d3080c09af74,"black spruce, 1",1,2025-08-08 19:32:52 UTC,2025-08-08 19:33:20 UTC,,,Xanthe Walker,Xanthe Walker,0,ae1ca507-fe3e-4dc1-99de-f00a5bc6f1ec,27,27,27,black spruce,1,,0.1,,
7b7d056b-ca4f-4f42-a861-6d3f5869e211,1aff10a3-d7a6-4846-a43e-5500dec32e58,1aff10a3-d7a6-4846-a43e-5500dec32e58,"black spruce, 1",1,2025-07-25 21:15:23 UTC,2025-07-25 21:15:33 UTC,,,Xanthe Walker,Xanthe Walker,0,3d99c7c1-de2d-49d9-a56c-18b8f339be4e,10,10,10,black spruce,1,,0.1,,
a4ffbc67-9be1-4808-bda0-41ed13e3b39b,44300568-6e66-4afe-bd3b-2d2f430eedfa,44300568-6e66-4afe-bd3b-2d2f430eedfa,"black spruce, 3",1,2025-07-25 22:39:51 UTC,2025-07-25 22:40:46 UTC,,,Xanthe Walker,Xanthe Walker,0,3d99c7c1-de2d-49d9-a56c-18b8f339be4e,54,54,54,black spruce,3,All smaller 0.05,0.05,0.05,0.05
64175d82-3b9f-46db-b2f8-21d0a698a3d2,aae44fd0-08d5-449d-9b74-7af1e32cee98,aae44fd0-08d5-449d-9b74-7af1e32cee98,"black spruce, 3",1,2025-07-25 23:33:30 UTC,2025-07-25 23:33:56 UTC,,,Xanthe Walker,Xanthe Walker,0,3d99c7c1-de2d-49d9-a56c-18b8f339be4e,25,25,25,black spruce,3,Basal area <0.05,,,
ded3bd5a-1c97-486b-aac2-d79f637f5438,d8eab3fb-1a69-42bd-8832-86b330918a43,d8eab3fb-1a69-42bd-8832-86b330918a43,"black spruce, 2",1,2025-07-25 23:40:46 UTC,2025-07-25 23:41:44 UTC,,,Xanthe Walker,Xanthe Walker,0,3d99c7c1-de2d-49d9-a56c-18b8f339be4e,45,10,55,black spruce,2,Below 0.05 bd,,,
40ec2b8c-4e6c-48d9-9358-5dbff7d4208c,b5dbbbcf-de1a-45dd-aa02-4b9e8b38140c,b5dbbbcf-de1a-45dd-aa02-4b9e8b38140c,"black spruce, 8",1,2025-07-25 19:15:49 UTC,2025-07-25 19:16:22 UTC,,,Xanthe Walker,Xanthe Walker,0,3d99c7c1-de2d-49d9-a56c-18b8f339be4e,32,32,32,black spruce,8,,0.04,0.04,0.05
05504559-d56d-4fff-98ca-6a8ab2c7980e,930e5825-e8ed-4371-aa01-eb8a90faf2f7,930e5825-e8ed-4371-aa01-eb8a90faf2f7,"black spruce, 113",1,2025-07-25 19:06:17 UTC,2025-07-25 19:08:12 UTC,,,Xanthe Walker,Xanthe Walker,0,3d99c7c1-de2d-49d9-a56c-18b8f339be4e,28,13,41,black spruce,113,SO many seedlings. Cone ball in plot,0.06,0.07,0.06
149ac0a0-d976-43f1-985a-16e9051daa76,6a1718de-57b6-4639-afd2-cb88107991e9,6a1718de-57b6-4639-afd2-cb88107991e9,"black spruce, 48",1,2025-07-25 18:52:27 UTC,2025-07-25 18:53:51 UTC,,,Xanthe Walker,Xanthe Walker,0,3d99c7c1-de2d-49d9-a56c-18b8f339be4e,84,84,84,black spruce,48,Super Small,0.06,0.04,0.04
d34fdf10-aca9-412a-8efc-07948c09deff,52449a4c-f60e-4128-bcec-ab41b2570ca6,52449a4c-f60e-4128-bcec-ab41b2570ca6,"black spruce, 42",1,2025-07-25 18:38:53 UTC,2025-07-25 18:39:59 UTC,,,Xanthe Walker,Xanthe Walker,0,3d99c7c1-de2d-49d9-a56c-18b8f339be4e,66,66,66,black spruce,42,,0.06,0.07,0.04
93eb701f-2d96-47ff-83d8-765a7aad6565,ee8a7a8f-25eb-4aa8-b387-50b17fe1c101,ee8a7a8f-25eb-4aa8-b387-50b17fe1c101,"black spruce, 23",1,2025-07-25 18:25:01 UTC,2025-07-25 18:27:03 UTC,,,Xanthe Walker,Xanthe Walker,0,3d99c7c1-de2d-49d9-a56c-18b8f339be4e,121,121,121,black spruce,23,All VERY small,0.03,0.07,0.06
49b7489c-db9d-4d95-baeb-7ef218f14359,f1d2dc3f-aff6-434d-b270-92963573d68d,f1d2dc3f-aff6-434d-b270-92963573d68d,"black spruce, 3",1,2025-07-29 18:41:39 UTC,2025-07-29 18:42:54 UTC,,,Xanthe Walker,Xanthe Walker,0,676ab3d3-4e20-43b8-9f25-8e535869b5f0,75,75,75,black spruce,3,All below 0.05. Tiny!,0.05,0.05,0.05
c3edf733-9076-4887-8d6a-22733d2e7dcf,83e07629-7364-4717-bb8f-5235013f4924,83e07629-7364-4717-bb8f-5235013f4924,"black spruce, 3",1,2025-07-29 19:30:20 UTC,2025-07-29 19:30:59 UTC,,,Xanthe Walker,Xanthe Walker,0,676ab3d3-4e20-43b8-9f25-8e535869b5f0,38,38,38,black spruce,3,Tiny all below 0.05,0.05,0.05,0.05
dce97dcc-0709-4e4a-b347-c314a7646553,61bcf092-6bc9-466d-958f-9d99d3b1e49e,61bcf092-6bc9-466d-958f-9d99d3b1e49e,"black spruce, 1",1,2025-07-29 22:58:13 UTC,2025-07-29 22:58:33 UTC,,,Xanthe Walker,Xanthe Walker,0,676ab3d3-4e20-43b8-9f25-8e535869b5f0,20,20,20,black spruce,1,Below 0.05,0.05,,
b3e9ac57-4264-4b52-88bd-ec334b8b4783,d8ea4be8-f5bd-4b33-8a38-aaf10d13acf1,d8ea4be8-f5bd-4b33-8a38-aaf10d13acf1,"black spruce, 1",1,2025-07-30 00:46:04 UTC,2025-07-30 00:46:31 UTC,,,Xanthe Walker,Xanthe Walker,0,9d3e3f63-eb45-47b4-9ea5-04e738c7d463,26,26,26,black spruce,1,Below 0.05,0.05,,
0b099388-cfcb-413d-a3fb-ca3b9de564ed,4388ebfa-2e37-46bd-8291-5003861d1b35,4388ebfa-2e37-46bd-8291-5003861d1b35,"black spruce, 3",1,2025-07-30 00:56:01 UTC,2025-07-30 00:56:25 UTC,,,Xanthe Walker,Xanthe Walker,0,9d3e3f63-eb45-47b4-9ea5-04e738c7d463,23,23,23,black spruce,3,Tiny all below 0.05,0.05,0.05,0.05
13760392-7592-458f-b2ac-f148f621c7c7,dc36d830-c0f0-460b-9d16-70f7a4a4b3ee,dc36d830-c0f0-460b-9d16-70f7a4a4b3ee,"black spruce, 1",1,2025-07-26 22:07:09 UTC,2025-07-26 22:07:33 UTC,,,Xanthe Walker,Xanthe Walker,0,d940295f-d98b-4dfd-8801-68b9aee30310,23,23,23,black spruce,1,Below .05 tiny,0.05,,
58b9d6d3-14c2-4492-a2f6-37fe3571e206,60a3ebfa-55e5-475c-bdc7-5ed578b8b5d7,60a3ebfa-55e5-475c-bdc7-5ed578b8b5d7,"black spruce, 1",1,2025-07-26 21:38:33 UTC,2025-07-26 21:39:11 UTC,,,Xanthe Walker,Xanthe Walker,0,d940295f-d98b-4dfd-8801-68b9aee30310,37,37,37,black spruce,1,Tiny! Below 0.05,0.05,,
2572fe5d-b82b-4cf1-b12d-cf624cc5c508,b94dd658-c745-452d-9973-83a5840b8394,b94dd658-c745-452d-9973-83a5840b8394,"black spruce, 2",1,2025-07-26 20:17:26 UTC,2025-07-26 20:17:50 UTC,,,Xanthe Walker,Xanthe Walker,0,d940295f-d98b-4dfd-8801-68b9aee30310,24,24,24,black spruce,2,Below 0.05,0.05,0.05,
573884c7-ffc0-4023-a62d-a07195333b4b,7e76bf4f-9505-4757-a035-8b9f08910ebc,7e76bf4f-9505-4757-a035-8b9f08910ebc,"black spruce, 1",1,2025-07-26 20:11:16 UTC,2025-07-26 20:11:31 UTC,,,Xanthe Walker,Xanthe Walker,0,d940295f-d98b-4dfd-8801-68b9aee30310,14,14,14,black spruce,1,,0.05,,
6babbbb5-2eda-4a94-b53a-997c4d04cc03,2fa14fe0-b3b9-499a-975a-20986f8f3e6f,2fa14fe0-b3b9-499a-975a-20986f8f3e6f,"black spruce, 1",1,2025-07-26 20:01:19 UTC,2025-07-26 20:01:38 UTC,,,Xanthe Walker,Xanthe Walker,0,d940295f-d98b-4dfd-8801-68b9aee30310,18,18,18,black spruce,1,Below 0.05,0.05,,
5f28b8b4-cf99-4f0b-ac70-45131021d578,bbce6748-d87a-43ea-b57a-1fd634f38c8c,bbce6748-d87a-43ea-b57a-1fd634f38c8c,"black spruce, 7",1,2025-07-26 19:55:52 UTC,2025-07-26 19:56:26 UTC,,,Xanthe Walker,Xanthe Walker,0,d940295f-d98b-4dfd-8801-68b9aee30310,33,33,33,black spruce,7,All tiny. Below 0.05,0.05,0.05,0.05
c36bd62b-ba1c-4f1b-a8ba-2ca7860e7092,1142124f-df8c-4a6e-bd5f-ff12c86a44b4,1142124f-df8c-4a6e-bd5f-ff12c86a44b4,"black spruce, 2",1,2025-07-26 19:48:11 UTC,2025-07-26 19:48:32 UTC,,,Xanthe Walker,Xanthe Walker,0,d940295f-d98b-4dfd-8801-68b9aee30310,21,21,21,black spruce,2,All below 0.05,0.05,0.05,
6f72013e-b110-47d4-b3ce-8dee19ad955b,eea0bd1c-5125-4dda-9694-d3ba46906b48,eea0bd1c-5125-4dda-9694-d3ba46906b48,"black spruce, 8",1,2025-07-26 19:14:36 UTC,2025-07-26 19:15:06 UTC,,,Xanthe Walker,Xanthe Walker,0,d940295f-d98b-4dfd-8801-68b9aee30310,30,30,30,black spruce,8,All below 0.05,0.05,0.05,0.05
6b9cb325-a468-495b-a049-862c8b83ff40,62d9d971-d067-4119-9ddb-c54e2640a12c,62d9d971-d067-4119-9ddb-c54e2640a12c,"black spruce, 2",1,2025-07-26 17:47:08 UTC,2025-07-26 17:47:39 UTC,,,Xanthe Walker,Xanthe Walker,0,d940295f-d98b-4dfd-8801-68b9aee30310,31,31,31,black spruce,2,All really small under 0.05 bd,0.05,0.05,
7a6d52ad-5442-42ea-9c01-90566eeedfb6,0d2c6175-cf2e-4890-af68-a810a4935b37,0d2c6175-cf2e-4890-af68-a810a4935b37,"black spruce, 1",1,2025-07-26 18:00:22 UTC,2025-07-26 18:00:48 UTC,,,Xanthe Walker,Xanthe Walker,0,d940295f-d98b-4dfd-8801-68b9aee30310,26,26,26,black spruce,1,Below 0.05,0.05,,
843f9ab7-7c61-41ac-9b67-10059d2e8201,04c28690-f998-431c-abb6-b1326d87f41f,04c28690-f998-431c-abb6-b1326d87f41f,"black spruce, 2",1,2025-07-26 18:12:41 UTC,2025-07-26 18:13:05 UTC,,,Xanthe Walker,Xanthe Walker,0,d940295f-d98b-4dfd-8801-68b9aee30310,23,23,23,black spruce,2,Below .05,0.05,0.05,
3867ca76-3bf6-44f3-914e-951812626e3c,ac86638a-ef09-4269-acf2-6162332439b5,ac86638a-ef09-4269-acf2-6162332439b5,"birch, 1",1,2025-07-27 19:07:43 UTC,2025-07-27 19:08:42 UTC,,,Xanthe Walker,Xanthe Walker,0,049c2df2-c073-4ff3-a627-8a3a635f9796,58,58,58,birch,1,I’m like 50% sure this is a birch seedlings. Super tiny under 0.05,0.05,,
a2250ece-f4db-46ca-bacd-3754e1e251c4,75160519-a838-4771-9e0c-5c56df4aecbc,75160519-a838-4771-9e0c-5c56df4aecbc,"birch, 2",1,2025-07-27 19:28:50 UTC,2025-07-27 19:30:31 UTC,,,Xanthe Walker,Xanthe Walker,0,049c2df2-c073-4ff3-a627-8a3a635f9796,101,101,101,birch,2,"Super tiny, less then 0.05. 50% sure it’s a birch tree but not seeing any evidence of shrubs. ",0.05,0.05,
30435d24-1ec8-4722-af6d-fb9fe797ea61,975e5bf0-5f77-45c1-a00b-85e7bc34ff26,975e5bf0-5f77-45c1-a00b-85e7bc34ff26,"black spruce, 2",1,2025-07-27 19:37:12 UTC,2025-07-27 19:37:31 UTC,,,Xanthe Walker,Xanthe Walker,0,3ba62842-23d2-48f3-8387-6994a1d2ab58,18,18,18,black spruce,2,0.05 less,0.05,0.05,
b885b4f7-9eb8-4b5c-b32f-5013cd2d6af6,c447f2b3-10fb-481f-979c-1c9ba6a52261,c447f2b3-10fb-481f-979c-1c9ba6a52261,"birch, 1",1,2025-07-27 19:53:44 UTC,2025-07-27 19:56:15 UTC,,,Xanthe Walker,Xanthe Walker,0,3ba62842-23d2-48f3-8387-6994a1d2ab58,47,6,53,birch,1,,0.15,,
2ad02704-7f96-4934-9dc1-feffb884f78a,e15d1777-0c76-4322-b1f2-c6329f8704cf,e15d1777-0c76-4322-b1f2-c6329f8704cf,"black spruce, 1",1,2025-07-27 22:06:52 UTC,2025-07-27 22:07:00 UTC,,,Xanthe Walker,Xanthe Walker,0,395ac9eb-3644-45ae-8bab-6cee0b42eb82,7,7,7,black spruce,1,,0.01,,
43b9b5e7-de6e-4d11-9756-c1c676795d73,fec940ec-c840-4915-90c6-cc101a87a110,fec940ec-c840-4915-90c6-cc101a87a110,"aspen, 1",1,2025-07-27 23:39:26 UTC,2025-07-27 23:40:47 UTC,,,Xanthe Walker,Xanthe Walker,0,395ac9eb-3644-45ae-8bab-6cee0b42eb82,5,21,26,aspen,1,,0.37,,
b83e0c4e-8c8e-4084-bd18-8f97b82ecce8,18d8d6ea-6dbd-48d2-903b-5c38d694bf67,18d8d6ea-6dbd-48d2-903b-5c38d694bf67,"black spruce, 1",1,2025-08-02 21:05:36 UTC,2025-08-02 21:06:29 UTC,,,Xanthe Walker,Xanthe Walker,0,807c17a2-8fed-4e48-b3a7-17400fab8541,53,53,53,black spruce,1,,0.1,,
d2d7d274-889e-486e-bf8c-59e5b4ed3897,2ca1bc32-ae62-4d77-a221-47a6fdefcd95,2ca1bc32-ae62-4d77-a221-47a6fdefcd95,"black spruce, 3",1,2025-08-05 19:31:54 UTC,2025-08-05 19:33:42 UTC,,,Xanthe Walker,Xanthe Walker,0,5ad21b7f-2178-4c84-b788-5d9d6d8c382e,108,108,108,black spruce,3,,0.14,0.12,0.15
1e40705b-618f-41e5-858f-ed63bbb11d49,2ca1bc32-ae62-4d77-a221-47a6fdefcd95,2ca1bc32-ae62-4d77-a221-47a6fdefcd95,"birch, 1",1,2025-08-05 19:33:45 UTC,2025-08-05 19:34:00 UTC,,,Xanthe Walker,Xanthe Walker,1,5ad21b7f-2178-4c84-b788-5d9d6d8c382e,15,15,15,birch,1,Too small to measure ,,,
3b7459da-c7be-4444-9f62-dab37e6e4dd4,e1269e08-f79c-4761-abb9-3fd0c022546f,e1269e08-f79c-4761-abb9-3fd0c022546f,"black spruce, 4",1,2025-08-05 17:59:08 UTC,2025-08-05 18:05:10 UTC,,,Xanthe Walker,Xanthe Walker,0,5ad21b7f-2178-4c84-b788-5d9d6d8c382e,61,4,65,black spruce,4,,0.12,0.12,0.12
f120f340-469e-4362-b916-044a34285d0c,db013b7a-157d-4020-ab4f-f4b7ae81e277,db013b7a-157d-4020-ab4f-f4b7ae81e277,"black spruce, 6",1,2025-08-05 17:42:44 UTC,2025-08-05 17:43:09 UTC,,,Xanthe Walker,Xanthe Walker,0,5ad21b7f-2178-4c84-b788-5d9d6d8c382e,25,25,25,black spruce,6,,0.12,0.2,0.15
e3927033-d4ad-444f-90af-383b620e65d1,db013b7a-157d-4020-ab4f-f4b7ae81e277,db013b7a-157d-4020-ab4f-f4b7ae81e277,"birch, 1",1,2025-08-05 17:43:10 UTC,2025-08-05 17:43:39 UTC,,,Xanthe Walker,Xanthe Walker,1,5ad21b7f-2178-4c84-b788-5d9d6d8c382e,28,28,28,birch,1,,0.15,,
b64cc41a-e1c2-48db-bc18-c5b648f107ee,a21320c3-6f90-4051-8c6f-01cbae485e8b,a21320c3-6f90-4051-8c6f-01cbae485e8b,"black spruce, 1",1,2025-08-05 22:08:27 UTC,2025-08-05 22:08:55 UTC,,,Xanthe Walker,Xanthe Walker,0,5ad21b7f-2178-4c84-b788-5d9d6d8c382e,28,28,28,black spruce,1,,0.1,,
db3e38c9-7f0e-4265-8a3e-c7af69082e36,e8b9765d-0b7f-4310-ae0e-a04c4be6a115,e8b9765d-0b7f-4310-ae0e-a04c4be6a115,"black spruce, 1",1,2025-08-05 22:25:50 UTC,2025-08-05 22:26:06 UTC,,,Xanthe Walker,Xanthe Walker,0,df473493-1555-42c1-9a0f-a0e5247b7a4e,15,15,15,black spruce,1,Too small to measure,,,
d3860bf2-77e9-4602-969a-f8c067b24177,c9dcca0f-f1db-45a0-9541-0467e631d6ae,c9dcca0f-f1db-45a0-9541-0467e631d6ae,"black spruce, 5",1,2025-08-05 22:19:30 UTC,2025-08-05 22:21:39 UTC,,,Xanthe Walker,Xanthe Walker,0,df473493-1555-42c1-9a0f-a0e5247b7a4e,61,15,76,black spruce,5,Too small to measure,,,
490d2f0e-dd68-4c19-9081-408b7c957a4b,f07b6972-7002-4667-b58d-4f4d792e14fb,f07b6972-7002-4667-b58d-4f4d792e14fb,"black spruce, 1",1,2025-08-05 21:59:12 UTC,2025-08-05 21:59:22 UTC,,,Xanthe Walker,Xanthe Walker,0,5ad21b7f-2178-4c84-b788-5d9d6d8c382e,10,10,10,black spruce,1,Too small to measure,,,
87044c74-fdbb-473e-ac0c-2b1abe891b8e,30c0a5a1-3d62-4f6f-b427-eae6826243f2,30c0a5a1-3d62-4f6f-b427-eae6826243f2,"black spruce, 1",1,2025-08-05 21:45:45 UTC,2025-08-05 21:46:30 UTC,,,Xanthe Walker,Xanthe Walker,0,5ad21b7f-2178-4c84-b788-5d9d6d8c382e,45,45,45,black spruce,1,Too small to measure,,,
f8380fba-78cc-4052-89cd-6075eae9fbe6,5b32dca0-3cc8-46db-836b-8a5bf55fa066,5b32dca0-3cc8-46db-836b-8a5bf55fa066,"black spruce, 25",1,2025-08-01 17:43:26 UTC,2025-08-01 17:45:03 UTC,,,Xanthe Walker,Xanthe Walker,0,6b3a0e40-4483-481a-be9a-b195a74acea8,96,96,96,black spruce,25,Cone ball in plot,0.08,0.08,0.12
6f4548a5-3fd0-4d16-97b5-aabda738b4ed,eff3c63e-3820-465b-9936-2cff5be1aed5,eff3c63e-3820-465b-9936-2cff5be1aed5,"birch, 1",1,2025-08-01 18:02:41 UTC,2025-08-01 18:02:56 UTC,,,Xanthe Walker,Xanthe Walker,0,6b3a0e40-4483-481a-be9a-b195a74acea8,14,14,14,birch,1,,0.34,,
6d44fe63-bc13-4be7-ad64-2a7233afa4d8,eff3c63e-3820-465b-9936-2cff5be1aed5,eff3c63e-3820-465b-9936-2cff5be1aed5,"black spruce, 2",1,2025-08-01 18:02:57 UTC,2025-08-01 18:04:13 UTC,,,Xanthe Walker,Xanthe Walker,1,6b3a0e40-4483-481a-be9a-b195a74acea8,75,75,75,black spruce,2,,0.16,0.1,
6066526d-b3a5-4549-a7bf-07f926dc45af,2ad04c19-7ebc-4712-a53f-3f2ba270ad5f,2ad04c19-7ebc-4712-a53f-3f2ba270ad5f,"black spruce, 6",1,2025-08-01 18:31:07 UTC,2025-08-01 18:35:23 UTC,,,Xanthe Walker,Xanthe Walker,0,6b3a0e40-4483-481a-be9a-b195a74acea8,155,4,159,black spruce,6,,0.14,0.1,0.09
0851aebf-d91c-43dc-bf8a-3ddd8fa7b8e7,2ad04c19-7ebc-4712-a53f-3f2ba270ad5f,2ad04c19-7ebc-4712-a53f-3f2ba270ad5f,"birch, 2",1,2025-08-01 18:33:43 UTC,2025-08-01 18:40:31 UTC,,,Xanthe Walker,Xanthe Walker,1,6b3a0e40-4483-481a-be9a-b195a74acea8,13,69,90,birch,2,,0.5,0.15,0.15
b3dbea29-7254-4d14-989d-87e40631808c,1f0cc0a3-7e05-4dbf-9f7c-3c193e0f5137,1f0cc0a3-7e05-4dbf-9f7c-3c193e0f5137,"black spruce, 4",1,2025-08-01 18:59:26 UTC,2025-08-01 19:04:12 UTC,,,Xanthe Walker,Xanthe Walker,0,6b3a0e40-4483-481a-be9a-b195a74acea8,90,5,102,black spruce,4,,0.1,0.11,0.12
ca848e9a-6302-4077-8f2a-753a91fbc6db,1f0cc0a3-7e05-4dbf-9f7c-3c193e0f5137,1f0cc0a3-7e05-4dbf-9f7c-3c193e0f5137,"birch, 8",1,2025-08-01 19:01:37 UTC,2025-08-01 19:14:17 UTC,,,Xanthe Walker,Xanthe Walker,1,6b3a0e40-4483-481a-be9a-b195a74acea8,76,3,83,birch,8,,0.24,0.1,0.3
7eaf1c27-c5fb-4c6a-9f7d-e4040aafed66,8dc041c8-8fa4-41f6-9cbf-56aca52a05f7,8dc041c8-8fa4-41f6-9cbf-56aca52a05f7,"black spruce, 1",1,2025-08-01 19:30:03 UTC,2025-08-01 19:30:21 UTC,,,Xanthe Walker,Xanthe Walker,0,6b3a0e40-4483-481a-be9a-b195a74acea8,17,17,17,black spruce,1,Tiny below 0.05,,,
185dd9ff-4cef-45fa-9f93-a7834b7c58fb,af21551b-b06d-4591-8a01-dd62e5259349,af21551b-b06d-4591-8a01-dd62e5259349,"black spruce, 2",1,2025-08-01 19:47:29 UTC,2025-08-01 19:48:13 UTC,,,Xanthe Walker,Xanthe Walker,0,6b3a0e40-4483-481a-be9a-b195a74acea8,43,43,43,black spruce,2,,0.1,0.11,
995772f5-164d-40b3-bf9d-a1be4b75364a,af21551b-b06d-4591-8a01-dd62e5259349,af21551b-b06d-4591-8a01-dd62e5259349,"birch, 2",1,2025-08-01 19:49:30 UTC,2025-08-01 19:49:43 UTC,,,Xanthe Walker,Xanthe Walker,1,6b3a0e40-4483-481a-be9a-b195a74acea8,13,13,13,birch,2,,0.55,0.2,
49bde976-89df-4649-b855-8e319c6fdebd,9a9c7275-eb92-4aef-a3a6-8d2a566db267,9a9c7275-eb92-4aef-a3a6-8d2a566db267,"birch, 6",1,2025-08-01 22:33:43 UTC,2025-08-01 22:35:27 UTC,,,Xanthe Walker,Xanthe Walker,0,3d98988f-6bac-44df-9476-09dc01c5d765,104,104,104,birch,6,,0.43,0.09,0.1
dd639f5f-728f-4e37-b925-2c5da5933d8b,9a9c7275-eb92-4aef-a3a6-8d2a566db267,9a9c7275-eb92-4aef-a3a6-8d2a566db267,"black spruce, 1",1,2025-08-01 22:35:28 UTC,2025-08-01 22:35:36 UTC,,,Xanthe Walker,Xanthe Walker,1,3d98988f-6bac-44df-9476-09dc01c5d765,7,7,7,black spruce,1,,0.2,,
25fea0d3-70f9-4e06-9a85-d21009e39c51,a506f4a2-df62-4c7c-a594-bb24a68b90ac,a506f4a2-df62-4c7c-a594-bb24a68b90ac,"birch, 2",1,2025-08-01 22:34:21 UTC,2025-08-01 22:35:54 UTC,,,Xanthe Walker,Xanthe Walker,0,a6bb4f57-450a-44c5-8e88-b4c807ab6405,50,6,56,birch,2,Too small bd1/damage sprout,0.01,0.16,
358190b5-fe35-4055-9d88-bee27614ec0e,401778d4-b59c-4ba9-ad9b-12887f5d413e,401778d4-b59c-4ba9-ad9b-12887f5d413e,"black spruce, 3",1,2025-08-01 22:14:05 UTC,2025-08-01 22:17:42 UTC,,,Xanthe Walker,Xanthe Walker,0,3d98988f-6bac-44df-9476-09dc01c5d765,43,22,65,black spruce,3,,0.07,0.07,0.13
05313ec6-0346-41ee-bc5b-efb7b8e51af7,401778d4-b59c-4ba9-ad9b-12887f5d413e,401778d4-b59c-4ba9-ad9b-12887f5d413e,"birch, 2",1,2025-08-01 22:17:46 UTC,2025-08-01 22:18:24 UTC,,,Xanthe Walker,Xanthe Walker,1,3d98988f-6bac-44df-9476-09dc01c5d765,37,37,37,birch,2,,0.07,0.07,
8c38a096-7316-4cb5-acf4-995931409355,0048855d-e961-4721-9853-c73980a8145d,0048855d-e961-4721-9853-c73980a8145d,"black spruce, 12",1,2025-08-01 22:03:52 UTC,2025-08-01 22:11:02 UTC,,,Xanthe Walker,Xanthe Walker,0,3d98988f-6bac-44df-9476-09dc01c5d765,16,22,48,black spruce,12,Tiny spruce less than 0.05 bd,0.07,0.07,
68b4b1d6-7d83-4ae1-9036-73efdc273d70,91b9d19e-aa26-4784-8f12-b16233519a09,91b9d19e-aa26-4784-8f12-b16233519a09,"black spruce, 4",1,2025-08-01 21:53:40 UTC,2025-08-01 21:54:26 UTC,,,Xanthe Walker,Xanthe Walker,0,3d98988f-6bac-44df-9476-09dc01c5d765,46,46,46,black spruce,4,,0.06,0.19,0.06
f38ab441-edb8-494c-9b16-7b0b41a1f4cf,322800f7-c512-4132-b066-15c1d87b4672,322800f7-c512-4132-b066-15c1d87b4672,"birch, 11",1,2025-08-01 21:39:15 UTC,2025-08-01 21:40:04 UTC,,,Xanthe Walker,Xanthe Walker,0,3d98988f-6bac-44df-9476-09dc01c5d765,48,48,48,birch,11,,0.2,0.1,0.1
00795fa9-623b-48b4-a26a-7ce52dbc9fba,322800f7-c512-4132-b066-15c1d87b4672,322800f7-c512-4132-b066-15c1d87b4672,"black spruce, 1",1,2025-08-01 21:48:31 UTC,2025-08-01 21:49:43 UTC,,,Xanthe Walker,Xanthe Walker,1,3d98988f-6bac-44df-9476-09dc01c5d765,72,72,72,black spruce,1,Tiny below 0.05,,,
42b58e61-69e4-4584-b920-254f1a2cdddd,92cc2b92-7e74-4fe3-95aa-e7d802da6922,92cc2b92-7e74-4fe3-95aa-e7d802da6922,"birch, 5",1,2025-08-01 21:28:54 UTC,2025-08-01 21:29:18 UTC,,,Xanthe Walker,Xanthe Walker,0,3d98988f-6bac-44df-9476-09dc01c5d765,24,24,24,birch,5,,0.14,0.09,0.14
532d56eb-2e0e-4277-90e1-7342865086ce,13cb8b58-bf36-41fc-88a6-b2788579cfb4,13cb8b58-bf36-41fc-88a6-b2788579cfb4,"birch, 1",1,2025-08-01 21:13:51 UTC,2025-08-01 21:15:34 UTC,,,Xanthe Walker,Xanthe Walker,0,3d98988f-6bac-44df-9476-09dc01c5d765,11,5,16,birch,1,,0.12,,
2c53e302-7db8-4ca7-91a4-529e57df6d1d,4e0e53a4-b667-4707-80c3-c7778f22034c,4e0e53a4-b667-4707-80c3-c7778f22034c,"birch, 3",1,2025-08-01 23:33:11 UTC,2025-08-01 23:33:44 UTC,,,Xanthe Walker,Xanthe Walker,0,6b3a0e40-4483-481a-be9a-b195a74acea8,33,33,33,birch,3,Others were too small to measure,0.09,,
74fa4520-af7e-422a-9ccc-23259ecd2713,4e0e53a4-b667-4707-80c3-c7778f22034c,4e0e53a4-b667-4707-80c3-c7778f22034c,"aspen, 1",1,2025-08-01 23:33:45 UTC,2025-08-01 23:34:24 UTC,,,Xanthe Walker,Xanthe Walker,1,6b3a0e40-4483-481a-be9a-b195a74acea8,38,38,38,aspen,1,,0.32,,
df670226-6493-4ceb-af68-dca404fb1b40,0504f6f1-febe-42b2-8ca7-d61468eabdfe,0504f6f1-febe-42b2-8ca7-d61468eabdfe,"black spruce, 1",1,2025-08-01 23:42:27 UTC,2025-08-01 23:42:35 UTC,,,Xanthe Walker,Xanthe Walker,0,6b3a0e40-4483-481a-be9a-b195a74acea8,8,8,8,black spruce,1,,0.1,,
cfcc9188-aa10-40cb-9037-aebb8545e0de,0504f6f1-febe-42b2-8ca7-d61468eabdfe,0504f6f1-febe-42b2-8ca7-d61468eabdfe,"birch, 2",1,2025-08-01 23:42:37 UTC,2025-08-01 23:43:14 UTC,,,Xanthe Walker,Xanthe Walker,1,6b3a0e40-4483-481a-be9a-b195a74acea8,37,37,37,birch,2,,0.32,0.52,
83391a87-2980-49e0-8f6e-47c5088aa9a5,7d5d53f1-4b72-4331-8602-cac82a2f4678,7d5d53f1-4b72-4331-8602-cac82a2f4678,"black spruce, 7",1,2025-08-02 00:02:37 UTC,2025-08-02 00:10:16 UTC,,,Xanthe Walker,Xanthe Walker,0,6b3a0e40-4483-481a-be9a-b195a74acea8,32,4,49,black spruce,7,,0.09,0.12,0.1
41d7d268-b529-4f64-be91-e436e8e1d3cf,7d5d53f1-4b72-4331-8602-cac82a2f4678,7d5d53f1-4b72-4331-8602-cac82a2f4678,"birch, 2",1,2025-08-02 00:04:43 UTC,2025-08-02 00:10:33 UTC,,,Xanthe Walker,Xanthe Walker,1,6b3a0e40-4483-481a-be9a-b195a74acea8,21,15,36,birch,2,BD2 too small,0.2,,
e727805e-8ebe-4b32-9182-ee656d9a18f0,1efd9323-cb65-44ba-a77b-df6417abf32f,1efd9323-cb65-44ba-a77b-df6417abf32f,"black spruce, 14",1,2025-08-02 01:33:55 UTC,2025-08-02 01:37:34 UTC,,,Xanthe Walker,Xanthe Walker,0,a6bb4f57-450a-44c5-8e88-b4c807ab6405,12,134,157,black spruce,14,,0.07,0.01,0.05
31c4ca63-e5b9-438b-985f-9d9e4642801d,1efd9323-cb65-44ba-a77b-df6417abf32f,1efd9323-cb65-44ba-a77b-df6417abf32f,"birch, 4",1,2025-08-02 01:34:09 UTC,2025-08-02 01:38:32 UTC,,,Xanthe Walker,Xanthe Walker,1,a6bb4f57-450a-44c5-8e88-b4c807ab6405,40,22,62,birch,4,,0.07,0.01,0.11
637bc96e-8785-40e3-bbdd-3b0c09bc556d,06855710-6a16-4ecc-ae16-24824247dde1,06855710-6a16-4ecc-ae16-24824247dde1,"birch, 5",1,2025-08-02 01:50:11 UTC,2025-08-02 01:51:40 UTC,,,Xanthe Walker,Xanthe Walker,0,a6bb4f57-450a-44c5-8e88-b4c807ab6405,39,6,45,birch,5,,0.01,0.06,0.01
dc6f414e-86c9-43a8-b8b6-644199df060b,6a4adbf0-686f-4e42-9b70-f83ae04749f9,6a4adbf0-686f-4e42-9b70-f83ae04749f9,"aspen, 1",1,2025-08-04 23:11:58 UTC,2025-08-04 23:13:05 UTC,,,Xanthe Walker,Xanthe Walker,0,4b27e90a-f63d-4177-871b-2ad722df831a,67,67,67,aspen,1,,0.22,,
b5b4573f-2a10-4ba0-b944-71b811c1ff26,6a4adbf0-686f-4e42-9b70-f83ae04749f9,6a4adbf0-686f-4e42-9b70-f83ae04749f9,"birch, 16",1,2025-08-04 23:13:07 UTC,2025-08-04 23:13:58 UTC,,,Xanthe Walker,Xanthe Walker,1,4b27e90a-f63d-4177-871b-2ad722df831a,51,51,51,birch,16,,0.45,0.65,0.7
c696550e-74f5-498b-8c53-b626bd3e107e,0a61ce07-3ac1-4e1f-92db-59d45c0388ae,0a61ce07-3ac1-4e1f-92db-59d45c0388ae,"birch, 5",1,2025-08-04 23:21:05 UTC,2025-08-04 23:21:50 UTC,,,Xanthe Walker,Xanthe Walker,0,4b27e90a-f63d-4177-871b-2ad722df831a,44,44,44,birch,5,,0.7,0.83,0.8
efa62e26-e985-478c-be5b-5a9aa80213ec,0a61ce07-3ac1-4e1f-92db-59d45c0388ae,0a61ce07-3ac1-4e1f-92db-59d45c0388ae,"aspen, 3",1,2025-08-04 23:21:51 UTC,2025-08-04 23:22:36 UTC,,,Xanthe Walker,Xanthe Walker,1,4b27e90a-f63d-4177-871b-2ad722df831a,45,45,45,aspen,3,,0.59,0.23,0.32
17cd0e14-09dd-42f3-baf3-d77ddb330552,0a61ce07-3ac1-4e1f-92db-59d45c0388ae,0a61ce07-3ac1-4e1f-92db-59d45c0388ae,"black spruce, 1",1,2025-08-04 23:22:37 UTC,2025-08-04 23:23:05 UTC,,,Xanthe Walker,Xanthe Walker,2,4b27e90a-f63d-4177-871b-2ad722df831a,28,28,28,black spruce,1,0.23,,,
6c861035-3bd5-49e4-8d1f-5f60e4974473,69aedad0-e9b7-42a3-abfd-f1a3b9d30605,69aedad0-e9b7-42a3-abfd-f1a3b9d30605,"birch, 3",1,2025-08-04 23:31:40 UTC,2025-08-04 23:34:26 UTC,,,Xanthe Walker,Xanthe Walker,0,4b27e90a-f63d-4177-871b-2ad722df831a,11,32,43,birch,3,,0.7,1.28,0.18
6a5ca4f7-b2a7-4fac-aa28-e2a2f473c714,69aedad0-e9b7-42a3-abfd-f1a3b9d30605,69aedad0-e9b7-42a3-abfd-f1a3b9d30605,"black spruce, 1",1,2025-08-04 23:35:36 UTC,2025-08-04 23:36:12 UTC,,,Xanthe Walker,Xanthe Walker,1,4b27e90a-f63d-4177-871b-2ad722df831a,36,36,36,black spruce,1,,0.06,,
2d16747f-bb6d-45f4-afc9-cfafe1b24b98,56df8f52-cf1d-469d-8e3c-f203ae424145,56df8f52-cf1d-469d-8e3c-f203ae424145,"birch, 7",1,2025-08-04 23:41:01 UTC,2025-08-04 23:42:23 UTC,,,Xanthe Walker,Xanthe Walker,0,4b27e90a-f63d-4177-871b-2ad722df831a,82,82,82,birch,7,,0.45,0.2,0.15
d89064f1-18ec-452a-926e-9a7213bd42db,56df8f52-cf1d-469d-8e3c-f203ae424145,56df8f52-cf1d-469d-8e3c-f203ae424145,"black spruce, 1",1,2025-08-04 23:42:31 UTC,2025-08-04 23:42:56 UTC,,,Xanthe Walker,Xanthe Walker,1,4b27e90a-f63d-4177-871b-2ad722df831a,25,25,25,black spruce,1,,0.12,,
4d595c9e-ad28-4fec-b26d-f8144b0b7493,9d3c6dbc-fc6f-4250-96de-71bdd433525d,9d3c6dbc-fc6f-4250-96de-71bdd433525d,"birch, 13",1,2025-08-04 23:51:36 UTC,2025-08-04 23:52:49 UTC,,,Xanthe Walker,Xanthe Walker,0,4b27e90a-f63d-4177-871b-2ad722df831a,73,73,73,birch,13,,0.68,1.42,1.01
f3de3936-66a9-4468-bb16-95ac18619511,9d3c6dbc-fc6f-4250-96de-71bdd433525d,9d3c6dbc-fc6f-4250-96de-71bdd433525d,"black spruce, 2",1,2025-08-04 23:52:51 UTC,2025-08-04 23:56:59 UTC,,,Xanthe Walker,Xanthe Walker,1,4b27e90a-f63d-4177-871b-2ad722df831a,26,21,47,black spruce,2,Second spruce was tiny below 0.05,0.3,,
441e115b-e937-439a-9a1c-db6521ea9dac,17afdd0e-700a-40cb-901f-a6b48dba6a1d,17afdd0e-700a-40cb-901f-a6b48dba6a1d,"birch, 13",1,2025-08-05 00:04:54 UTC,2025-08-05 00:06:52 UTC,,,Xanthe Walker,Xanthe Walker,0,4b27e90a-f63d-4177-871b-2ad722df831a,74,3,77,birch,13,,0.64,1.27,1.18
8f28d5b5-9151-441a-bc7e-bcf97247087b,17afdd0e-700a-40cb-901f-a6b48dba6a1d,17afdd0e-700a-40cb-901f-a6b48dba6a1d,"aspen, 1",1,2025-08-05 00:06:11 UTC,2025-08-05 00:06:45 UTC,,,Xanthe Walker,Xanthe Walker,1,4b27e90a-f63d-4177-871b-2ad722df831a,34,34,34,aspen,1,,0.27,,
12d50713-ea68-4188-b7cb-d9d621c19185,17afdd0e-700a-40cb-901f-a6b48dba6a1d,17afdd0e-700a-40cb-901f-a6b48dba6a1d,"black spruce, 1",1,2025-08-05 00:07:32 UTC,2025-08-05 00:07:46 UTC,,,Xanthe Walker,Xanthe Walker,2,4b27e90a-f63d-4177-871b-2ad722df831a,13,13,13,black spruce,1,,0.07,,
8e0cccf1-3e4c-4a6e-80cc-8d5d526305e2,1f7d4942-a4c7-48f4-8d33-749c03d16e0d,1f7d4942-a4c7-48f4-8d33-749c03d16e0d,"birch, 13",1,2025-08-05 00:17:29 UTC,2025-08-05 00:19:01 UTC,,,Xanthe Walker,Xanthe Walker,0,4b27e90a-f63d-4177-871b-2ad722df831a,91,91,91,birch,13,,0.45,0.37,0.64
021e8ba1-6385-4861-a8f4-2e4add81f1e0,1f7d4942-a4c7-48f4-8d33-749c03d16e0d,1f7d4942-a4c7-48f4-8d33-749c03d16e0d,"aspen, 1",1,2025-08-05 00:19:06 UTC,2025-08-05 00:19:22 UTC,,,Xanthe Walker,Xanthe Walker,1,4b27e90a-f63d-4177-871b-2ad722df831a,16,16,16,aspen,1,,0.45,,
f6cabf02-d134-49a7-8c89-2987277b18b2,47e6ca01-c2fc-4316-91ef-b36ece4e0093,47e6ca01-c2fc-4316-91ef-b36ece4e0093,"birch, 7",1,2025-08-05 00:26:54 UTC,2025-08-05 00:27:42 UTC,,,Xanthe Walker,Xanthe Walker,0,4b27e90a-f63d-4177-871b-2ad722df831a,48,48,48,birch,7,,0.63,0.6,0.9
1bbf9c70-530e-4712-afd9-a439a35c4f28,47e6ca01-c2fc-4316-91ef-b36ece4e0093,47e6ca01-c2fc-4316-91ef-b36ece4e0093,"aspen, 2",1,2025-08-05 00:27:43 UTC,2025-08-05 00:28:20 UTC,,,Xanthe Walker,Xanthe Walker,1,4b27e90a-f63d-4177-871b-2ad722df831a,36,36,36,aspen,2,,0.2,0.31,
14950455-34c1-4daa-a8fa-6177eff2dc3c,1f64ed8b-4f37-45a4-939a-9e6b16e1104b,1f64ed8b-4f37-45a4-939a-9e6b16e1104b,"birch, 5",1,2025-08-05 00:38:11 UTC,2025-08-05 00:39:28 UTC,,,Xanthe Walker,Xanthe Walker,0,4b27e90a-f63d-4177-871b-2ad722df831a,77,77,77,birch,5,,0.85,0.8,0.51
14c8c46e-02be-4f74-9972-ee0902918beb,1f64ed8b-4f37-45a4-939a-9e6b16e1104b,1f64ed8b-4f37-45a4-939a-9e6b16e1104b,"aspen, 1",1,2025-08-05 00:40:18 UTC,2025-08-05 00:40:43 UTC,,,Xanthe Walker,Xanthe Walker,1,4b27e90a-f63d-4177-871b-2ad722df831a,25,25,25,aspen,1,,0.18,,
8eb702c6-0e36-4a26-b14a-e1e81800773e,26d3ce3f-c733-4d5b-a539-812d3e5abf55,26d3ce3f-c733-4d5b-a539-812d3e5abf55,"birch, 1",1,2025-08-05 03:06:06 UTC,2025-08-05 03:06:17 UTC,,,Xanthe Walker,Xanthe Walker,0,a8f5b4b6-9275-4854-aeff-b7f2a9e77ba6,11,11,11,birch,1,Too small to measure,,,
edb229ca-a114-41b7-b0f5-94184ad39372,7782ed9f-511d-4920-be1e-33a34d2cc677,7782ed9f-511d-4920-be1e-33a34d2cc677,"birch, 5",1,2025-08-05 03:06:17 UTC,2025-08-05 03:06:35 UTC,,,Xanthe Walker,Xanthe Walker,0,4b27e90a-f63d-4177-871b-2ad722df831a,17,17,17,birch,5,,0.35,0.25,0.42
02da7e6b-5064-47bb-9acf-21d10a00c1bc,7782ed9f-511d-4920-be1e-33a34d2cc677,7782ed9f-511d-4920-be1e-33a34d2cc677,"black spruce, 3",1,2025-08-05 03:07:57 UTC,2025-08-05 03:08:16 UTC,,,Xanthe Walker,Xanthe Walker,1,4b27e90a-f63d-4177-871b-2ad722df831a,19,19,19,black spruce,3,,0.48,0.19,0.08
e679bf64-609d-4473-9498-872bdc9a520e,4590d768-a2fc-409b-9f27-dd54a7ae0ce5,4590d768-a2fc-409b-9f27-dd54a7ae0ce5,"birch, 3",1,2025-08-05 03:02:18 UTC,2025-08-05 03:03:46 UTC,,,Xanthe Walker,Xanthe Walker,0,a8f5b4b6-9275-4854-aeff-b7f2a9e77ba6,87,87,87,birch,3,3rd too small to measure,0.3,0.17,0.01
21a7ff2a-4e9e-4040-9508-d39de42436fd,24e680ed-81ce-4ec4-8ced-a80833661f1e,24e680ed-81ce-4ec4-8ced-a80833661f1e,"birch, 13",1,2025-08-05 02:50:38 UTC,2025-08-05 02:51:44 UTC,,,Xanthe Walker,Xanthe Walker,0,4b27e90a-f63d-4177-871b-2ad722df831a,6,44,50,birch,13,,0.32,0.15,0.28
933649fd-afb0-4d12-aa95-3308a29bfa44,24e680ed-81ce-4ec4-8ced-a80833661f1e,24e680ed-81ce-4ec4-8ced-a80833661f1e,"black spruce, 1",1,2025-08-05 02:52:34 UTC,2025-08-05 02:53:17 UTC,,,Xanthe Walker,Xanthe Walker,1,4b27e90a-f63d-4177-871b-2ad722df831a,43,43,43,black spruce,1,,0.06,,
3a785cc9-266a-4931-a4b3-b08cd5194c42,3a3994ef-3bd0-4537-91fb-73a708bda2c2,3a3994ef-3bd0-4537-91fb-73a708bda2c2,"birch, 11",1,2025-08-05 02:39:59 UTC,2025-08-05 02:40:13 UTC,,,Xanthe Walker,Xanthe Walker,0,4b27e90a-f63d-4177-871b-2ad722df831a,14,14,14,birch,11,,0.4,0.35,0.2
27622f0f-0b36-45e6-8af8-7e78da4e5aa5,3a3994ef-3bd0-4537-91fb-73a708bda2c2,3a3994ef-3bd0-4537-91fb-73a708bda2c2,"black spruce, 10",1,2025-08-05 02:40:14 UTC,2025-08-05 02:42:25 UTC,,,Xanthe Walker,Xanthe Walker,1,4b27e90a-f63d-4177-871b-2ad722df831a,131,131,131,black spruce,10,,0.08,0.08,0.1
e9aa2795-802e-4f06-b8cc-340c61fc3e6f,38394e32-568f-4920-92e5-94e5d65ab4fd,38394e32-568f-4920-92e5-94e5d65ab4fd,"birch, 3",1,2025-08-05 02:25:30 UTC,2025-08-05 02:27:58 UTC,,,Xanthe Walker,Xanthe Walker,0,4b27e90a-f63d-4177-871b-2ad722df831a,12,14,26,birch,3,Third birch too small to measure ,0.17,0.18,
6ac22393-c39d-4b46-8896-e4b068616a17,38394e32-568f-4920-92e5-94e5d65ab4fd,38394e32-568f-4920-92e5-94e5d65ab4fd,"black spruce, 6",1,2025-08-05 02:25:43 UTC,2025-08-05 02:27:42 UTC,,,Xanthe Walker,Xanthe Walker,1,4b27e90a-f63d-4177-871b-2ad722df831a,107,107,107,black spruce,6,,0.17,0.18,0.06
85f81c68-0063-4eb7-bd20-6eefef54db06,1726d5d0-b23a-42a0-b51e-8811b3d01715,1726d5d0-b23a-42a0-b51e-8811b3d01715,"birch, 4",2,2025-08-05 02:10:41 UTC,2025-08-05 02:11:09 UTC,,,Xanthe Walker,Xanthe Walker,0,5ad21b7f-2178-4c84-b788-5d9d6d8c382e,28,28,28,birch,4,,0.08,0.12,0.1
511d9f8a-6135-43a6-9141-17cf021eab09,1726d5d0-b23a-42a0-b51e-8811b3d01715,1726d5d0-b23a-42a0-b51e-8811b3d01715,"black spruce, 5",2,2025-08-05 02:11:58 UTC,2025-08-05 02:12:15 UTC,,,Xanthe Walker,Xanthe Walker,1,5ad21b7f-2178-4c84-b788-5d9d6d8c382e,16,16,16,black spruce,5,All below 0.05,,,
cd35ccab-279f-450a-bf6e-2006dfb510e6,6c1a884b-ef43-45d7-8f50-ead6b7301cdf,6c1a884b-ef43-45d7-8f50-ead6b7301cdf,"birch, 14",1,2025-08-05 01:55:49 UTC,2025-08-05 01:56:47 UTC,,,Xanthe Walker,Xanthe Walker,0,4b27e90a-f63d-4177-871b-2ad722df831a,58,58,58,birch,14,,0.59,0.4,0.25
1a1a6b40-c9e6-4e60-9030-b92083b9571f,6c1a884b-ef43-45d7-8f50-ead6b7301cdf,6c1a884b-ef43-45d7-8f50-ead6b7301cdf,"aspen, 2",1,2025-08-05 01:56:48 UTC,2025-08-05 01:59:20 UTC,,,Xanthe Walker,Xanthe Walker,1,4b27e90a-f63d-4177-871b-2ad722df831a,151,151,151,aspen,2,,0.5,0.29,
efd04e52-a3e4-48c7-83ef-b3e91e59b0c8,6c1a884b-ef43-45d7-8f50-ead6b7301cdf,6c1a884b-ef43-45d7-8f50-ead6b7301cdf,"black spruce, 2",1,2025-08-05 01:59:21 UTC,2025-08-05 01:59:35 UTC,,,Xanthe Walker,Xanthe Walker,2,4b27e90a-f63d-4177-871b-2ad722df831a,13,13,13,black spruce,2,,0.11,0.12,
5d4a8fed-b684-4ce9-be39-f92ad73222e5,038fd981-57aa-40ad-964f-266ba16ce178,038fd981-57aa-40ad-964f-266ba16ce178,"birch, 21",1,2025-08-05 01:42:35 UTC,2025-08-05 01:43:34 UTC,,,Xanthe Walker,Xanthe Walker,0,4b27e90a-f63d-4177-871b-2ad722df831a,58,58,58,birch,21,,0.27,0.3,0.29
406882ce-6142-4f8b-a9b6-446d18cf52c3,038fd981-57aa-40ad-964f-266ba16ce178,038fd981-57aa-40ad-964f-266ba16ce178,"black spruce, 5",1,2025-08-05 01:43:39 UTC,2025-08-05 01:45:25 UTC,,,Xanthe Walker,Xanthe Walker,1,4b27e90a-f63d-4177-871b-2ad722df831a,106,106,106,black spruce,5,,0.13,0.2,0.35
